-- phpMyAdmin SQL Dump
-- version 4.6.4deb1
-- https://www.phpmyadmin.net/
--
-- Host: localhost:3306
-- Generation Time: 2017-03-04 19:40:02
-- 服务器版本： 5.7.15-1
-- PHP Version: 7.0.12-2

SET SQL_MODE = "NO_AUTO_VALUE_ON_ZERO";
SET time_zone = "+00:00";


/*!40101 SET @OLD_CHARACTER_SET_CLIENT=@@CHARACTER_SET_CLIENT */;
/*!40101 SET @OLD_CHARACTER_SET_RESULTS=@@CHARACTER_SET_RESULTS */;
/*!40101 SET @OLD_COLLATION_CONNECTION=@@COLLATION_CONNECTION */;
/*!40101 SET NAMES utf8mb4 */;

--
-- Database: `nkc`
--

-- --------------------------------------------------------

--
-- 表的结构 `action`
--

CREATE TABLE `action` (
  `id` int(11) NOT NULL,
  `content` text COLLATE utf8_bin NOT NULL,
  `author` varchar(100) COLLATE utf8_bin DEFAULT NULL,
  `brivery` varchar(250) COLLATE utf8_bin DEFAULT NULL,
  `pic` text COLLATE utf8_bin,
  `create_at` timestamp NOT NULL DEFAULT CURRENT_TIMESTAMP,
  `level` smallint(6) DEFAULT '10',
  `title` varchar(100) COLLATE utf8_bin NOT NULL,
  `status` smallint(6) NOT NULL DEFAULT '1'
) ENGINE=InnoDB DEFAULT CHARSET=utf8 COLLATE=utf8_bin;

-- --------------------------------------------------------

--
-- 表的结构 `address`
--

CREATE TABLE `address` (
  `id` int(11) NOT NULL,
  `user_id` int(11) NOT NULL,
  `detail` text NOT NULL,
  `school` varchar(250) NOT NULL,
  `house` varchar(250) NOT NULL,
  `room` varchar(250) NOT NULL
) ENGINE=MyISAM DEFAULT CHARSET=utf8;

-- --------------------------------------------------------

--
-- 表的结构 `article`
--

CREATE TABLE `article` (
  `id` int(11) NOT NULL,
  `mind_id` int(11) NOT NULL,
  `content` text NOT NULL,
  `special` varchar(250) DEFAULT NULL COMMENT '专栏'
) ENGINE=InnoDB DEFAULT CHARSET=latin1;

-- --------------------------------------------------------

--
-- 表的结构 `attention`
--

CREATE TABLE `attention` (
  `id` int(11) NOT NULL,
  `user_id` int(11) NOT NULL,
  `tag_id` int(11) NOT NULL,
  `created_at` timestamp NOT NULL DEFAULT CURRENT_TIMESTAMP ON UPDATE CURRENT_TIMESTAMP,
  `status` smallint(6) NOT NULL
) ENGINE=InnoDB DEFAULT CHARSET=utf8;

-- --------------------------------------------------------

--
-- 表的结构 `auth_assignment`
--

CREATE TABLE `auth_assignment` (
  `item_name` varchar(64) NOT NULL,
  `user_id` varchar(64) NOT NULL,
  `created_at` int(11) DEFAULT NULL
) ENGINE=InnoDB DEFAULT CHARSET=utf8;

--
-- 转存表中的数据 `auth_assignment`
--

INSERT INTO `auth_assignment` (`item_name`, `user_id`, `created_at`) VALUES
('学生', '21', 1472796256),
('学生', '22', 1472817671),
('学生', '23', 1472820071),
('学生', '24', 1472824321),
('学生', '25', 1472824468),
('学生', '3', 1467670048),
('管理员', '2', 1468911276),
('账户控制', '3', 1467670417),
('超管', '1', 1470900118);

-- --------------------------------------------------------

--
-- 表的结构 `auth_item`
--

CREATE TABLE `auth_item` (
  `name` varchar(64) NOT NULL,
  `type` int(11) NOT NULL,
  `description` text,
  `rule_name` varchar(64) DEFAULT NULL,
  `data` text,
  `created_at` int(11) DEFAULT NULL,
  `updated_at` int(11) DEFAULT NULL
) ENGINE=InnoDB DEFAULT CHARSET=utf8;

--
-- 转存表中的数据 `auth_item`
--

INSERT INTO `auth_item` (`name`, `type`, `description`, `rule_name`, `data`, `created_at`, `updated_at`) VALUES
('*', 1, NULL, NULL, NULL, 1467665607, 1467665607),
('/*', 2, NULL, NULL, NULL, 1467666508, 1467666508),
('/achievement/*', 2, NULL, NULL, NULL, 1469001253, 1469001253),
('/achievement/create', 2, NULL, NULL, NULL, 1469001259, 1469001259),
('/achievement/delete', 2, NULL, NULL, NULL, 1469001256, 1469001256),
('/achievement/index', 2, NULL, NULL, NULL, 1469001261, 1469001261),
('/achievement/list', 2, NULL, NULL, NULL, 1469088384, 1469088384),
('/achievement/update', 2, NULL, NULL, NULL, 1469001258, 1469001258),
('/achievement/view', 2, NULL, NULL, NULL, 1469001260, 1469001260),
('/admin/*', 2, NULL, NULL, NULL, 1467329405, 1467329405),
('/admin/assignment/*', 2, NULL, NULL, NULL, 1467618635, 1467618635),
('/admin/assignment/index', 2, NULL, NULL, NULL, 1467619512, 1467619512),
('/admin/default/*', 2, NULL, NULL, NULL, 1467618632, 1467618632),
('/admin/default/index', 2, NULL, NULL, NULL, 1467618786, 1467618786),
('/admin/menu/*', 2, NULL, NULL, NULL, 1467618630, 1467618630),
('/admin/menu/index', 2, NULL, NULL, NULL, 1467619865, 1467619865),
('/admin/permission/*', 2, NULL, NULL, NULL, 1467618627, 1467618627),
('/admin/permission/index', 2, NULL, NULL, NULL, 1467619256, 1467619256),
('/admin/role/*', 2, NULL, NULL, NULL, 1467618615, 1467618615),
('/admin/role/index', 2, NULL, NULL, NULL, 1467619399, 1467619399),
('/admin/route/*', 2, NULL, NULL, NULL, 1467618618, 1467618618),
('/admin/route/index', 2, NULL, NULL, NULL, 1467619090, 1467619090),
('/admin/rule/*', 2, NULL, NULL, NULL, 1467618620, 1467618620),
('/admin/user/*', 2, NULL, NULL, NULL, 1467618623, 1467618623),
('/book/*', 2, NULL, NULL, NULL, 1472402860, 1472402860),
('/book/admin', 2, NULL, NULL, NULL, 1472515686, 1472515686),
('/book/excel', 2, NULL, NULL, NULL, 1472893454, 1472893454),
('/book/index', 2, NULL, NULL, NULL, 1472515826, 1472515826),
('/book/upload', 2, NULL, NULL, NULL, 1472428331, 1472428331),
('/book/view', 2, NULL, NULL, NULL, 1472634915, 1472634915),
('/cate/*', 2, NULL, NULL, NULL, 1467329424, 1467329424),
('/cate/create', 2, NULL, NULL, NULL, 1467778747, 1467778747),
('/cate/delete', 2, NULL, NULL, NULL, 1467778749, 1467778749),
('/cate/index', 2, NULL, NULL, NULL, 1467778730, 1467778730),
('/cate/update', 2, NULL, NULL, NULL, 1467778746, 1467778746),
('/cate/view', 2, NULL, NULL, NULL, 1467778744, 1467778744),
('/dashboard/*', 2, NULL, NULL, NULL, 1467471367, 1467471367),
('/dashboard/index', 2, NULL, NULL, NULL, 1467471299, 1467471299),
('/debug/*', 2, NULL, NULL, NULL, 1469111456, 1469111456),
('/debug/default/*', 2, NULL, NULL, NULL, 1469378605, 1469378605),
('/document/*', 2, NULL, NULL, NULL, 1467669187, 1467669187),
('/document/create', 2, NULL, NULL, NULL, 1468922802, 1468922802),
('/document/delete', 2, NULL, NULL, NULL, 1468922810, 1468922810),
('/document/index', 2, NULL, NULL, NULL, 1467667212, 1467667212),
('/document/list', 2, NULL, NULL, NULL, 1468922808, 1468922808),
('/document/update', 2, NULL, NULL, NULL, 1468922805, 1468922805),
('/document/upload', 2, NULL, NULL, NULL, 1468922811, 1468922811),
('/document/view', 2, NULL, NULL, NULL, 1468922801, 1468922801),
('/frontend/*', 2, NULL, NULL, NULL, 1468924280, 1468924280),
('/gii/*', 2, NULL, NULL, NULL, 1467329415, 1467329415),
('/indent/*', 2, NULL, NULL, NULL, 1472466995, 1472466995),
('/indent/create', 2, NULL, NULL, NULL, 1472635334, 1472635334),
('/indent/index', 2, NULL, NULL, NULL, 1472515755, 1472515755),
('/mind/*', 2, NULL, NULL, NULL, 1471998249, 1471998249),
('/mind/admin', 2, NULL, NULL, NULL, 1484252036, 1484252036),
('/mind/index', 2, NULL, NULL, NULL, 1472382322, 1472382322),
('/mind/mind-create', 2, NULL, NULL, NULL, 1474479136, 1474479136),
('/mind/post', 2, NULL, NULL, NULL, 1474476741, 1474476741),
('/mind/question-create', 2, NULL, NULL, NULL, 1474479065, 1474479065),
('/mind/team-create', 2, NULL, NULL, NULL, 1474479090, 1474479090),
('/mindadmin/*', 2, NULL, NULL, NULL, 1473668668, 1473668668),
('/mindadmin/default/*', 2, NULL, NULL, NULL, 1473668668, 1473668668),
('/mindadmin/default/index', 2, NULL, NULL, NULL, 1473668668, 1473668668),
('/mindadmin/team/*', 2, NULL, NULL, NULL, 1473668668, 1473668668),
('/mindadmin/team/create', 2, NULL, NULL, NULL, 1473668668, 1473668668),
('/mindadmin/team/delete', 2, NULL, NULL, NULL, 1473668668, 1473668668),
('/mindadmin/team/index', 2, NULL, NULL, NULL, 1473668668, 1473668668),
('/mindadmin/team/update', 2, NULL, NULL, NULL, 1473668668, 1473668668),
('/mindadmin/team/view', 2, NULL, NULL, NULL, 1473668668, 1473668668),
('/package/*', 2, NULL, NULL, NULL, 1473056283, 1473056283),
('/post/*', 2, NULL, NULL, NULL, 1473590746, 1473590746),
('/post/comment', 2, NULL, NULL, NULL, 1474477006, 1474477006),
('/post/comment-list', 2, NULL, NULL, NULL, 1474486124, 1474486124),
('/post/create', 2, NULL, NULL, NULL, 1474479013, 1474479013),
('/register/*', 2, NULL, NULL, NULL, 1472716746, 1472716746),
('/report/*', 2, NULL, NULL, NULL, 1468549427, 1468549427),
('/report/create', 2, NULL, NULL, NULL, 1468549433, 1468549433),
('/report/delete', 2, NULL, NULL, NULL, 1468549443, 1468549443),
('/report/index', 2, NULL, NULL, NULL, 1468549438, 1468549438),
('/report/list-all', 2, NULL, NULL, NULL, 1468549431, 1468549431),
('/report/update', 2, NULL, NULL, NULL, 1468549441, 1468549441),
('/report/upload', 2, NULL, NULL, NULL, 1469348010, 1469348010),
('/report/view', 2, NULL, NULL, NULL, 1468549437, 1468549437),
('/rest/chat/*', 2, NULL, NULL, NULL, 1469551683, 1469551683),
('/rest/chat/create', 2, NULL, NULL, NULL, 1469551694, 1469551694),
('/rest/chat/delete', 2, NULL, NULL, NULL, 1469551694, 1469551694),
('/rest/chat/index', 2, NULL, NULL, NULL, 1469551692, 1469551692),
('/rest/chat/options', 2, NULL, NULL, NULL, 1469551694, 1469551694),
('/rest/chat/update', 2, NULL, NULL, NULL, 1469551694, 1469551694),
('/rest/chat/view', 2, NULL, NULL, NULL, 1469551694, 1469551694),
('/rest/user/*', 2, NULL, NULL, NULL, 1469608694, 1469608694),
('/room/*', 2, NULL, NULL, NULL, 1471488274, 1471488274),
('/site/*', 2, NULL, NULL, NULL, 1467666516, 1467666516),
('/site/index', 2, NULL, NULL, NULL, 1467666518, 1467666518),
('/social/*', 2, NULL, NULL, NULL, 1470481164, 1470481164),
('/tag/*', 2, NULL, NULL, NULL, 1484247735, 1484247735),
('/tag/index', 2, NULL, NULL, NULL, 1484247761, 1484247761),
('/user/*', 2, NULL, NULL, NULL, 1467669858, 1467669858),
('/user/admin/*', 2, NULL, NULL, NULL, 1467326412, 1467326412),
('/user/admin/assignments', 2, NULL, NULL, NULL, 1467670515, 1467670515),
('/user/admin/block', 2, NULL, NULL, NULL, 1467326869, 1467326869),
('/user/admin/confirm', 2, NULL, NULL, NULL, 1467325739, 1467325739),
('/user/admin/create', 2, NULL, NULL, NULL, 1467171775, 1467171775),
('/user/admin/delete', 2, NULL, NULL, NULL, 1467670514, 1467670514),
('/user/admin/index', 2, NULL, NULL, NULL, 1467171882, 1467171882),
('/user/profile/*', 2, NULL, NULL, NULL, 1467670508, 1467670508),
('/user/profile/index', 2, NULL, NULL, NULL, 1467669866, 1467669866),
('/user/profile/show', 2, NULL, NULL, NULL, 1467670510, 1467670510),
('/user/recovery/*', 2, NULL, NULL, NULL, 1467619211, 1467619211),
('/user/recovery/request', 2, NULL, NULL, NULL, 1467670453, 1467670453),
('/user/recovery/reset', 2, NULL, NULL, NULL, 1467670455, 1467670455),
('/user/registration/*', 2, NULL, NULL, NULL, 1467670498, 1467670498),
('/user/registration/confirm', 2, NULL, NULL, NULL, 1467670501, 1467670501),
('/user/registration/connect', 2, NULL, NULL, NULL, 1467670503, 1467670503),
('/user/registration/register', 2, NULL, NULL, NULL, 1467670504, 1467670504),
('/user/registration/registertel', 2, NULL, NULL, NULL, 1472704488, 1472704488),
('/user/registration/resend', 2, NULL, NULL, NULL, 1467670500, 1467670500),
('/user/security/*', 2, NULL, NULL, NULL, 1467670482, 1467670482),
('/user/security/auth', 2, NULL, NULL, NULL, 1467670474, 1467670474),
('/user/security/login', 2, NULL, NULL, NULL, 1467670479, 1467670479),
('/user/security/logout', 2, NULL, NULL, NULL, 1467670481, 1467670481),
('/user/settings/*', 2, NULL, NULL, NULL, 1467670496, 1467670496),
('/user/settings/account', 2, NULL, NULL, NULL, 1467670489, 1467670489),
('/user/settings/confirm', 2, NULL, NULL, NULL, 1467670487, 1467670487),
('/user/settings/disconnect', 2, NULL, NULL, NULL, 1467670494, 1467670494),
('/user/settings/networks', 2, NULL, NULL, NULL, 1467670492, 1467670492),
('/user/settings/profile', 2, NULL, NULL, NULL, 1467670491, 1467670491),
('/user/settings/profile-modal', 2, NULL, NULL, NULL, 1472825378, 1472825378),
('/user/settings/profile/upload', 2, NULL, NULL, NULL, 1469350105, 1469350105),
('/user/settings/upload', 2, NULL, NULL, NULL, 1469350060, 1469350060),
('/useradmin/*', 2, NULL, NULL, NULL, 1471496186, 1471496186),
('/useradmin/business/*', 2, NULL, NULL, NULL, 1471496148, 1471496148),
('/useradmin/business/create', 2, NULL, NULL, NULL, 1471496154, 1471496154),
('/useradmin/business/create_pic', 2, NULL, NULL, NULL, 1471496159, 1471496159),
('/useradmin/business/delete', 2, NULL, NULL, NULL, 1471496151, 1471496151),
('/useradmin/business/index', 2, NULL, NULL, NULL, 1471496156, 1471496156),
('/useradmin/business/picdelete', 2, NULL, NULL, NULL, 1471496158, 1471496158),
('/useradmin/business/update', 2, NULL, NULL, NULL, 1471496152, 1471496152),
('/useradmin/business/upload', 2, NULL, NULL, NULL, 1471496157, 1471496157),
('/useradmin/business/view', 2, NULL, NULL, NULL, 1471496155, 1471496155),
('/useradmin/customer/*', 2, NULL, NULL, NULL, 1471496173, 1471496173),
('/useradmin/customer/create', 2, NULL, NULL, NULL, 1471496167, 1471496167),
('/useradmin/customer/delete', 2, NULL, NULL, NULL, 1471496162, 1471496162),
('/useradmin/customer/index', 2, NULL, NULL, NULL, 1471490582, 1471490582),
('/useradmin/customer/loader-create', 2, NULL, NULL, NULL, 1471496166, 1471496166),
('/useradmin/customer/update', 2, NULL, NULL, NULL, 1471496165, 1471496165),
('/useradmin/customer/upload', 2, NULL, NULL, NULL, 1471496170, 1471496170),
('/useradmin/customer/view', 2, NULL, NULL, NULL, 1471496169, 1471496169),
('/useradmin/default/*', 2, NULL, NULL, NULL, 1471496175, 1471496175),
('/useradmin/default/index', 2, NULL, NULL, NULL, 1471496176, 1471496176),
('/useradmin/loader/*', 2, NULL, NULL, NULL, 1471496187, 1471496187),
('/useradmin/loader/admin', 2, NULL, NULL, NULL, 1472368629, 1472368629),
('/useradmin/loader/create', 2, NULL, NULL, NULL, 1471496181, 1471496181),
('/useradmin/loader/delete', 2, NULL, NULL, NULL, 1471496183, 1471496183),
('/useradmin/loader/index', 2, NULL, NULL, NULL, 1471496179, 1471496179),
('/useradmin/loader/tel', 2, NULL, NULL, NULL, 1472190402, 1472190402),
('/useradmin/loader/test', 2, NULL, NULL, NULL, 1471496177, 1471496177),
('/useradmin/loader/update', 2, NULL, NULL, NULL, 1471496184, 1471496184),
('/useradmin/loader/upload', 2, NULL, NULL, NULL, 1471496178, 1471496178),
('/useradmin/loader/view', 2, NULL, NULL, NULL, 1471496182, 1471496182),
('/useradmin/race/*', 2, NULL, NULL, NULL, 1474864115, 1474864115),
('/useradmin/race/create', 2, NULL, NULL, NULL, 1474864112, 1474864112),
('/useradmin/race/delete', 2, NULL, NULL, NULL, 1474864115, 1474864115),
('/useradmin/race/index', 2, NULL, NULL, NULL, 1474864111, 1474864111),
('/useradmin/race/update', 2, NULL, NULL, NULL, 1474864115, 1474864115),
('/useradmin/race/view', 2, NULL, NULL, NULL, 1474864115, 1474864115),
('guest', 1, '游客，未登录', NULL, NULL, 1467474422, 1468922534),
('个人信息设置', 2, NULL, NULL, NULL, 1469350503, 1469350503),
('信息发布者', 1, NULL, NULL, NULL, 1467556306, 1474485626),
('分享文章', 2, NULL, NULL, NULL, 1474479131, 1474485704),
('发布信息', 2, NULL, NULL, NULL, 1467556903, 1467556903),
('发布报告', 2, NULL, NULL, NULL, 1468566875, 1468921526),
('发起组队', 2, NULL, NULL, NULL, 1474479099, 1474479099),
('回帖', 2, NULL, NULL, NULL, 1473590782, 1473590782),
('图书查看', 2, NULL, NULL, NULL, 1472634870, 1472634870),
('图书添加', 2, NULL, NULL, NULL, 1472428364, 1472428364),
('学生', 1, NULL, NULL, NULL, 1467556297, 1467556297),
('帖子管理', 2, NULL, NULL, NULL, 1473590803, 1473590803),
('提问', 2, NULL, NULL, NULL, 1474479060, 1474479060),
('操作报告', 2, NULL, '报告', NULL, 1468921333, 1468921377),
('查看评论', 2, NULL, NULL, NULL, 1474486075, 1474486075),
('活动发布者', 1, NULL, NULL, NULL, 1471497140, 1474485643),
('添加学生', 2, NULL, NULL, NULL, 1467556971, 1467556971),
('电话注册登录', 2, NULL, NULL, NULL, 1472720939, 1472720939),
('看帖', 2, NULL, NULL, NULL, 1474486286, 1474486286),
('短信验证', 2, NULL, NULL, NULL, 1472190417, 1472190417),
('私信', 2, NULL, NULL, NULL, 1471902205, 1471902205),
('竞赛活动管理', 2, NULL, NULL, NULL, 1474864841, 1474864841),
('管理员', 1, '创建[管理员]角色', NULL, NULL, 1466452807, 1467161695),
('管理报告', 2, '改，删', NULL, NULL, 1468926684, 1468926684),
('评论', 2, NULL, NULL, NULL, 1474486056, 1474486056),
('账户控制', 2, NULL, NULL, NULL, 1467669944, 1467669944),
('贴子管理', 2, NULL, NULL, NULL, 1473668702, 1473668702),
('超管', 1, NULL, NULL, NULL, 1467329457, 1467329457);

-- --------------------------------------------------------

--
-- 表的结构 `auth_item_child`
--

CREATE TABLE `auth_item_child` (
  `parent` varchar(64) NOT NULL,
  `child` varchar(64) NOT NULL
) ENGINE=InnoDB DEFAULT CHARSET=utf8;

--
-- 转存表中的数据 `auth_item_child`
--

INSERT INTO `auth_item_child` (`parent`, `child`) VALUES
('超管', '/achievement/*'),
('guest', '/achievement/list'),
('超管', '/admin/*'),
('图书添加', '/book/*'),
('管理员', '/book/*'),
('excel图书上传', '/book/excel'),
('图书查看', '/book/index'),
('图书添加', '/book/upload'),
('管理员', '/book/upload'),
('图书查看', '/book/view'),
('超管', '/cate/*'),
('超管', '/dashboard/*'),
('学生', '/debug/*'),
('超管', '/debug/*'),
('guest', '/debug/default/*'),
('学生', '/debug/default/*'),
('发布信息', '/document/*'),
('超管', '/document/*'),
('guest', '/document/list'),
('*', '/document/view'),
('guest', '/document/view'),
('guest', '/frontend/*'),
('超管', '/gii/*'),
('管理员', '/indent/*'),
('下单', '/indent/create'),
('房东', '/mind/*'),
('贴子管理', '/mind/*'),
('看帖', '/mind/index'),
('贴子管理', '/mind/index'),
('分享文章', '/mind/mind-create'),
('分析文章', '/mind/mind-create'),
('看帖', '/mind/post'),
('提问', '/mind/question-create'),
('发起组队', '/mind/team-create'),
('贴子管理', '/mindadmin/*'),
('贴子管理', '/mindadmin/default/*'),
('贴子管理', '/mindadmin/default/index'),
('贴子管理', '/mindadmin/team/*'),
('贴子管理', '/mindadmin/team/create'),
('贴子管理', '/mindadmin/team/delete'),
('贴子管理', '/mindadmin/team/index'),
('贴子管理', '/mindadmin/team/update'),
('贴子管理', '/mindadmin/team/view'),
('超管', '/package/*'),
('帖子管理', '/post/*'),
('评论', '/post/comment'),
('查看评论', '/post/comment-list'),
('回帖', '/post/create'),
('电话注册登录', '/register/*'),
('超管', '/register/*'),
('使用报告', '/report/create'),
('发布报告', '/report/create'),
('使用报告', '/report/delete'),
('增改删报告', '/report/delete'),
('操作报告', '/report/delete'),
('发布报告', '/report/index'),
('使用报告', '/report/list-all'),
('发布报告', '/report/list-all'),
('使用报告', '/report/update'),
('增改删报告', '/report/update'),
('操作报告', '/report/update'),
('发布报告', '/report/upload'),
('使用报告', '/report/view'),
('发布报告', '/report/view'),
('私信', '/rest/chat/*'),
('超管', '/rest/chat/*'),
('*', '/rest/user/*'),
('超管', '/rest/user/*'),
('guest', '/room/*'),
('guest', '/site/*'),
('学生', '/social/*'),
('超管', '/tag/*'),
('超管', '/user/admin/*'),
('添加学生', '/user/admin/create'),
('添加学生', '/user/admin/index'),
('账户控制', '/user/profile/index'),
('guest', '/user/profile/show'),
('guest', '/user/registration/*'),
('guest', '/user/registration/registertel'),
('个人信息设置', '/user/settings/*'),
('账户控制', '/user/settings/account'),
('账户控制', '/user/settings/profile'),
('个人信息设置', '/user/settings/profile-modal'),
('长租房管理', '/useradmin/business/*'),
('长租房管理', '/useradmin/business/create'),
('长租房管理', '/useradmin/business/create_pic'),
('长租房管理', '/useradmin/business/delete'),
('长租房管理', '/useradmin/business/index'),
('长租房管理', '/useradmin/business/picdelete'),
('长租房管理', '/useradmin/business/update'),
('长租房管理', '/useradmin/business/upload'),
('房东信息查看', '/useradmin/customer/index'),
('房东管理', '/useradmin/loader/admin'),
('成为房东', '/useradmin/loader/create'),
('房东基本权限', '/useradmin/loader/create'),
('房东基本权限', '/useradmin/loader/delete'),
('房东管理', '/useradmin/loader/delete'),
('房东基本权限', '/useradmin/loader/index'),
('房东管理', '/useradmin/loader/tel'),
('短信验证', '/useradmin/loader/tel'),
('房东管理', '/useradmin/loader/test'),
('房东基本权限', '/useradmin/loader/update'),
('房东管理', '/useradmin/loader/update'),
('成为房东', '/useradmin/loader/upload'),
('房东基本权限', '/useradmin/loader/upload'),
('房东管理', '/useradmin/loader/upload'),
('房东基本权限', '/useradmin/loader/view'),
('竞赛活动管理', '/useradmin/race/create'),
('竞赛活动管理', '/useradmin/race/delete'),
('竞赛活动管理', '/useradmin/race/index'),
('竞赛活动管理', '/useradmin/race/update'),
('guest', '/useradmin/race/view'),
('竞赛活动管理', '/useradmin/race/view'),
('管理员', 'document/index'),
('管理员', 'document/list'),
('管理员', 'excel图书上传'),
('学生', 'guest'),
('租客', 'guest'),
('学生', '下单'),
('学生', '个人信息设置'),
('超管', '企业房东'),
('学生', '使用报告'),
('管理员', '使用报告'),
('学生', '分享文章'),
('教师', '发布报告'),
('管理员', '发布报告'),
('学生', '发起组队'),
('学生', '回帖'),
('guest', '图书查看'),
('管理员', '图书添加'),
('管理员', '增改删报告'),
('管理员', '学生'),
('超管', '学生'),
('管理员', '帖子管理'),
('租客', '成为房东'),
('企业房东', '房东'),
('guest', '房东信息查看'),
('房东', '房东基本权限'),
('管理员', '房东管理'),
('学生', '提问'),
('管理员', '教师'),
('学生', '查看评论'),
('guest', '电话注册登录'),
('学生', '看帖'),
('租客', '短信验证'),
('房东', '私信'),
('租客', '私信'),
('学生', '租客'),
('管理员', '竞赛活动管理'),
('超管', '管理员'),
('管理员', '管理报告'),
('学生', '评论'),
('学生', '账户控制'),
('管理员', '贴子管理'),
('房东', '长租房管理');

-- --------------------------------------------------------

--
-- 表的结构 `auth_rule`
--

CREATE TABLE `auth_rule` (
  `name` varchar(64) NOT NULL,
  `data` text,
  `created_at` int(11) DEFAULT NULL,
  `updated_at` int(11) DEFAULT NULL
) ENGINE=InnoDB DEFAULT CHARSET=utf8;

--
-- 转存表中的数据 `auth_rule`
--

INSERT INTO `auth_rule` (`name`, `data`, `created_at`, `updated_at`) VALUES
('common\\components\\ReportRule', 'O:28:"common\\components\\ReportRule":3:{s:4:"name";s:28:"common\\components\\ReportRule";s:9:"createdAt";i:1468921333;s:9:"updatedAt";i:1468921333;}', 1468921333, 1468921333),
('报告', 'O:28:"common\\components\\ReportRule":3:{s:4:"name";s:6:"报告";s:9:"createdAt";i:1468908573;s:9:"updatedAt";i:1468908573;}', 1468908573, 1468908573);

-- --------------------------------------------------------

--
-- 表的结构 `book`
--

CREATE TABLE `book` (
  `id` int(11) NOT NULL,
  `name` varchar(255) COLLATE utf8_bin NOT NULL,
  `publish` varchar(255) COLLATE utf8_bin NOT NULL,
  `author` varchar(255) COLLATE utf8_bin NOT NULL,
  `edition` varchar(250) COLLATE utf8_bin NOT NULL,
  `pic` text COLLATE utf8_bin NOT NULL,
  `background` text COLLATE utf8_bin,
  `price` float NOT NULL,
  `create_at` timestamp NOT NULL DEFAULT CURRENT_TIMESTAMP ON UPDATE CURRENT_TIMESTAMP,
  `publish_at` date NOT NULL,
  `publish_num` varchar(110) COLLATE utf8_bin DEFAULT NULL,
  `amount` int(11) NOT NULL DEFAULT '0',
  `pledge` float NOT NULL DEFAULT '0'
) ENGINE=MyISAM DEFAULT CHARSET=utf8 COLLATE=utf8_bin;

--
-- 转存表中的数据 `book`
--

INSERT INTO `book` (`id`, `name`, `publish`, `author`, `edition`, `pic`, `background`, `price`, `create_at`, `publish_at`, `publish_num`, `amount`, `pledge`) VALUES
(1, '蒙着眼睛的旅行者', 'sdf', 'sdfas', 'sdaf', '/images/upload/20160830/1472514690337666.jpg', 'sdf', 134, '2016-08-29 23:51:32', '2016-08-01', 'ds', 132, 0),
(2, '北京折叠', 'ssss', '郝景芳', 'ss', '/images/upload/20160830/1472514706763214.jpg', '2016 年雨果奖最佳短中篇小说。\r\n日渐拥挤的未来北京，昼夜之间三个世界交替折叠，轮流苏醒。人们被阶级与出身分隔其间，在同一个舞台上演出无穷循环的城市戏剧。\r\n老刀，年近五十，垃圾工，单身父亲。为了女儿的未来，开始了他一天之中穿越三个世界的冒险。\r\n《北京折叠》中设定了三个互相折叠的世界，隐喻上流、中产和底层三个阶层。整个城市尺度的空间和时间双重折叠意象恢弘，映射出当代社会中人们对于阶层割裂趋势的深切焦虑。作者郝景芳在北京生活多年，笔下未来城市的种种细节平实而有质感，让这个探讨后现代社会问题的故事兼具强烈的现实主义和本土意识，是当代中国科幻的最佳范本之一。\r\n所获奖项：\r\n2016 年雨果奖最佳短中篇小说\r\n第五届全球华语科幻星云奖入围\r\n首届中国科幻坐标奖短篇类冠军', 23, '2016-08-29 23:51:47', '2009-01-00', 'ds', 3, 0),
(3, '孤独深处', '江苏凤凰文艺出版社', ' 郝景芳 ', '（第二版）', '/images/upload/20160830/1472558806147403.jpg', '《孤独深处》收录了郝景芳在2010年至2016年间发表的一些科幻小说，从未出版过，此次是初次集结成册。《孤独深处》首次收录郝景芳的雨果奖提名作品《北京折叠》。书名也是源于作者对科幻小说的感觉。科幻小说构想一个可能性的世界，人站在这个世界的边缘，最容易感觉到出世和异化。出离世界的感觉是最孤独的孤独。\r\n对于作者来说，《孤独深处》是她在写作上的一种坚持，作者表示写作是生活最重要的快乐源泉，也是孤独深处最重要的情感力量。\r\n中国科幻作家获得国外奖项，是中国科幻小说更多走向世界的一个标志。\r\n——雨果奖作家刘慈欣谈郝景芳\r\n在后“三 体”时代日渐浮嚣的中国科幻中，景芳的作品并不大张旗鼓吆喝，但总是吸引你去聆听。摇曳多姿、细腻唯美的感性笔触下，有着对世界的冷峻洞察和理性思索，而更深处是一种坚定的力量感，这并非单纯是科技发明的力量，而是精神追求自身的完满、充沛与坚韧。', 35, '2016-08-30 12:31:53', '2016-06-01', '', 3, 0),
(4, '冬日笔记', '人民文学出版社', ' [美] 保罗·奥斯特 ', '人民文学出版社', '/images/upload/20160830/1472563796977348.jpg', '一扇门关上了。\r\n另一扇门打开。\r\n你已经进入了生命的冬天。\r\n2011年1月3日，大雪纷飞，保罗•奥斯特坐在桌前，写下《冬日笔记》的第一行字，此时距离他六十四岁生日还有一个月，距离他第一部作品《孤独及其所创造的》则已三十年。\r\n这是保罗•奥斯特对自己一生的剖白。他以第二人称的方式、从局外人的角度来审视自己与他人的关系，进而审视自我、解剖自我；他以一种近乎随意而散乱的逻辑，组织起六十多年的人生碎片，描述了从童年到晚年之间的身体意识、感受到的快乐和痛苦、他与父母的牵绊以及对父母的探索与迷思，记录下从少年时代的性觉醒到中年深沉的婚姻之爱，以及他对食物、睡眠的思索和1987年他以作家身份开启的人生新旅程，而读者总能从字里行间找到他小说创作时的灵感来源以及原型。\r\n一部热情洋溢的回忆录……充满沉思默想，哀婉动人……一本优美的深刻之作。\r\n——《华盛顿邮报》\r\n生动地记录下...', 35, '2016-08-30 13:30:43', '0000-00-00', '', 3, 0),
(23, '孤独深处', '江苏凤凰文艺出版社', ' 郝景芳 ', '（第二版）', '/images/upload/20160830/1472558806147403.jpg', '《孤独深处》收录了郝景芳在2010年至2016年间发表的一些科幻小说，从未出版过，此次是初次集结成册。《孤独深处》首次收录郝景芳的雨果奖提名作品《北京折叠》。书名也是源于作者对科幻小说的感觉。科幻小说构想一个可能性的世界，人站在这个世界的边缘，最容易感觉到出世和异化。出离世界的感觉是最孤独的孤独。\n对于作者来说，《孤独深处》是她在写作上的一种坚持，作者表示写作是生活最重要的快乐源泉，也是孤独深处最重要的情感力量。\n中国科幻作家获得国外奖项，是中国科幻小说更多走向世界的一个标志。\n——雨果奖作家刘慈欣谈郝景芳\n在后“三 体”时代日渐浮嚣的中国科幻中，景芳的作品并不大张旗鼓吆喝，但总是吸引你去聆听。摇曳多姿、细腻唯美的感性笔触下，有着对世界的冷峻洞察和理性思索，而更深处是一种坚定的力量感，这并非单纯是科技发明的力量，而是精神追求自身的完满、充沛与坚韧。', 35, '2016-09-03 10:22:10', '2016-06-01', NULL, 0, 0),
(21, '蒙着眼睛的旅行者', 'sdf', 'sdfas', 'sdaf', '/images/upload/20160830/1472514690337666.jpg', 'sdf', 134, '2016-09-03 10:22:10', '2016-08-01', 'ds', 0, 0),
(22, '北京折叠', 'ssss', '郝景芳', 'ss', '/images/upload/20160830/1472514706763214.jpg', '2016 年雨果奖最佳短中篇小说。\r\n日渐拥挤的未来北京，昼夜之间三个世界交替折叠，轮流苏醒。人们被阶级与出身分隔其间，在同一个舞台上演出无穷循环的城市戏剧。\r\n老刀，年近五十，垃圾工，单身父亲。为了女儿的未来，开始了他一天之中穿越三个世界的冒险。\r\n《北京折叠》中设定了三个互相折叠的世界，隐喻上流、中产和底层三个阶层。整个城市尺度的空间和时间双重折叠意象恢弘，映射出当代社会中人们对于阶层割裂趋势的深切焦虑。作者郝景芳在北京生活多年，笔下未来城市的种种细节平实而有质感，让这个探讨后现代社会问题的故事兼具强烈的现实主义和本土意识，是当代中国科幻的最佳范本之一。\r\n所获奖项：\r\n2016 年雨果奖最佳短中篇小说\r\n第五届全球华语科幻星云奖入围\r\n首届中国科幻坐标奖短篇类冠军', 23, '2016-09-06 03:24:22', '2009-01-00', '', 0, 0),
(18, '蒙着眼睛的旅行者', 'sdf', 'sdfas', 'sdaf', '/images/upload/20160830/1472514690337666.jpg', 'sdf', 134, '2016-09-03 10:20:00', '2016-08-01', 'ds', 0, 0),
(19, '北京折叠', 'ssss', '郝景芳', 'ss', '/images/upload/20160830/1472514706763214.jpg', '2016 年雨果奖最佳短中篇小说。\n日渐拥挤的未来北京，昼夜之间三个世界交替折叠，轮流苏醒。人们被阶级与出身分隔其间，在同一个舞台上演出无穷循环的城市戏剧。\n老刀，年近五十，垃圾工，单身父亲。为了女儿的未来，开始了他一天之中穿越三个世界的冒险。\n《北京折叠》中设定了三个互相折叠的世界，隐喻上流、中产和底层三个阶层。整个城市尺度的空间和时间双重折叠意象恢弘，映射出当代社会中人们对于阶层割裂趋势的深切焦虑。作者郝景芳在北京生活多年，笔下未来城市的种种细节平实而有质感，让这个探讨后现代社会问题的故事兼具强烈的现实主义和本土意识，是当代中国科幻的最佳范本之一。\n所获奖项：\n2016 年雨果奖最佳短中篇小说\n第五届全球华语科幻星云奖入围\n首届中国科幻坐标奖短篇类冠军', 23, '2016-09-03 10:20:00', '2009-01-00', NULL, 0, 0),
(20, '孤独深处', '江苏凤凰文艺出版社', ' 郝景芳 ', '（第二版）', '/images/upload/20160830/1472558806147403.jpg', '《孤独深处》收录了郝景芳在2010年至2016年间发表的一些科幻小说，从未出版过，此次是初次集结成册。《孤独深处》首次收录郝景芳的雨果奖提名作品《北京折叠》。书名也是源于作者对科幻小说的感觉。科幻小说构想一个可能性的世界，人站在这个世界的边缘，最容易感觉到出世和异化。出离世界的感觉是最孤独的孤独。\n对于作者来说，《孤独深处》是她在写作上的一种坚持，作者表示写作是生活最重要的快乐源泉，也是孤独深处最重要的情感力量。\n中国科幻作家获得国外奖项，是中国科幻小说更多走向世界的一个标志。\n——雨果奖作家刘慈欣谈郝景芳\n在后“三 体”时代日渐浮嚣的中国科幻中，景芳的作品并不大张旗鼓吆喝，但总是吸引你去聆听。摇曳多姿、细腻唯美的感性笔触下，有着对世界的冷峻洞察和理性思索，而更深处是一种坚定的力量感，这并非单纯是科技发明的力量，而是精神追求自身的完满、充沛与坚韧。', 35, '2016-09-03 10:20:00', '2016-06-01', NULL, 0, 0),
(24, '冬日笔记', '人民文学出版社', ' [美] 保罗·奥斯特 ', '人民文学出版社', '/images/upload/20160830/1472563796977348.jpg', '一扇门关上了。\n另一扇门打开。\n你已经进入了生命的冬天。\n2011年1月3日，大雪纷飞，保罗•奥斯特坐在桌前，写下《冬日笔记》的第一行字，此时距离他六十四岁生日还有一个月，距离他第一部作品《孤独及其所创造的》则已三十年。\n这是保罗•奥斯特对自己一生的剖白。他以第二人称的方式、从局外人的角度来审视自己与他人的关系，进而审视自我、解剖自我；他以一种近乎随意而散乱的逻辑，组织起六十多年的人生碎片，描述了从童年到晚年之间的身体意识、感受到的快乐和痛苦、他与父母的牵绊以及对父母的探索与迷思，记录下从少年时代的性觉醒到中年深沉的婚姻之爱，以及他对食物、睡眠的思索和1987年他以作家身份开启的人生新旅程，而读者总能从字里行间找到他小说创作时的灵感来源以及原型。\n一部热情洋溢的回忆录……充满沉思默想，哀婉动人……一本优美的深刻之作。\n——《华盛顿邮报》\n生动地记录下...', 0, '2016-09-03 10:22:10', '0000-00-00', NULL, 0, 0),
(25, '蒙着眼睛的旅行者', 'sdf', 'sdfas', 'sdaf', '/images/upload/20160830/1472514690337666.jpg', 'sdf', 134, '2016-09-03 10:23:27', '2016-08-01', 'ds', 0, 0),
(26, '北京折叠', 'ssss', '郝景芳', 'ss', '/images/upload/20160830/1472514706763214.jpg', '2016 年雨果奖最佳短中篇小说。\n日渐拥挤的未来北京，昼夜之间三个世界交替折叠，轮流苏醒。人们被阶级与出身分隔其间，在同一个舞台上演出无穷循环的城市戏剧。\n老刀，年近五十，垃圾工，单身父亲。为了女儿的未来，开始了他一天之中穿越三个世界的冒险。\n《北京折叠》中设定了三个互相折叠的世界，隐喻上流、中产和底层三个阶层。整个城市尺度的空间和时间双重折叠意象恢弘，映射出当代社会中人们对于阶层割裂趋势的深切焦虑。作者郝景芳在北京生活多年，笔下未来城市的种种细节平实而有质感，让这个探讨后现代社会问题的故事兼具强烈的现实主义和本土意识，是当代中国科幻的最佳范本之一。\n所获奖项：\n2016 年雨果奖最佳短中篇小说\n第五届全球华语科幻星云奖入围\n首届中国科幻坐标奖短篇类冠军', 23, '2016-09-03 10:23:27', '2009-01-00', NULL, 0, 0),
(27, '孤独深处', '江苏凤凰文艺出版社', ' 郝景芳 ', '（第二版）', '/images/upload/20160830/1472558806147403.jpg', '《孤独深处》收录了郝景芳在2010年至2016年间发表的一些科幻小说，从未出版过，此次是初次集结成册。《孤独深处》首次收录郝景芳的雨果奖提名作品《北京折叠》。书名也是源于作者对科幻小说的感觉。科幻小说构想一个可能性的世界，人站在这个世界的边缘，最容易感觉到出世和异化。出离世界的感觉是最孤独的孤独。\n对于作者来说，《孤独深处》是她在写作上的一种坚持，作者表示写作是生活最重要的快乐源泉，也是孤独深处最重要的情感力量。\n中国科幻作家获得国外奖项，是中国科幻小说更多走向世界的一个标志。\n——雨果奖作家刘慈欣谈郝景芳\n在后“三 体”时代日渐浮嚣的中国科幻中，景芳的作品并不大张旗鼓吆喝，但总是吸引你去聆听。摇曳多姿、细腻唯美的感性笔触下，有着对世界的冷峻洞察和理性思索，而更深处是一种坚定的力量感，这并非单纯是科技发明的力量，而是精神追求自身的完满、充沛与坚韧。', 35, '2016-09-03 10:23:27', '2016-06-01', '', 0, 0),
(28, '冬日笔记', '人民文学出版社', ' [美] 保罗·奥斯特 ', '人民文学出版社', '/images/upload/20160830/1472563796977348.jpg', '一扇门关上了。\n另一扇门打开。\n你已经进入了生命的冬天。\n2011年1月3日，大雪纷飞，保罗•奥斯特坐在桌前，写下《冬日笔记》的第一行字，此时距离他六十四岁生日还有一个月，距离他第一部作品《孤独及其所创造的》则已三十年。\n这是保罗•奥斯特对自己一生的剖白。他以第二人称的方式、从局外人的角度来审视自己与他人的关系，进而审视自我、解剖自我；他以一种近乎随意而散乱的逻辑，组织起六十多年的人生碎片，描述了从童年到晚年之间的身体意识、感受到的快乐和痛苦、他与父母的牵绊以及对父母的探索与迷思，记录下从少年时代的性觉醒到中年深沉的婚姻之爱，以及他对食物、睡眠的思索和1987年他以作家身份开启的人生新旅程，而读者总能从字里行间找到他小说创作时的灵感来源以及原型。\n一部热情洋溢的回忆录……充满沉思默想，哀婉动人……一本优美的深刻之作。\n——《华盛顿邮报》\n生动地记录下...', 0, '2016-09-03 10:23:27', '0000-00-00', NULL, 0, 0),
(29, '蒙着眼睛的旅行者', 'sdf', 'sdfas', 'sdaf', '/images/upload/20160830/1472514690337666.jpg', 'sdf', 134, '2016-09-03 10:25:30', '2016-08-01', 'ds', 0, 0),
(30, '北京折叠', 'ssss', '郝景芳', 'ss', '/images/upload/20160830/1472514706763214.jpg', '2016 年雨果奖最佳短中篇小说。\n日渐拥挤的未来北京，昼夜之间三个世界交替折叠，轮流苏醒。人们被阶级与出身分隔其间，在同一个舞台上演出无穷循环的城市戏剧。\n老刀，年近五十，垃圾工，单身父亲。为了女儿的未来，开始了他一天之中穿越三个世界的冒险。\n《北京折叠》中设定了三个互相折叠的世界，隐喻上流、中产和底层三个阶层。整个城市尺度的空间和时间双重折叠意象恢弘，映射出当代社会中人们对于阶层割裂趋势的深切焦虑。作者郝景芳在北京生活多年，笔下未来城市的种种细节平实而有质感，让这个探讨后现代社会问题的故事兼具强烈的现实主义和本土意识，是当代中国科幻的最佳范本之一。\n所获奖项：\n2016 年雨果奖最佳短中篇小说\n第五届全球华语科幻星云奖入围\n首届中国科幻坐标奖短篇类冠军', 23, '2016-09-03 10:25:30', '2009-01-00', NULL, 0, 0),
(31, '孤独深处', '江苏凤凰文艺出版社', ' 郝景芳 ', '（第二版）', '/images/upload/20160830/1472558806147403.jpg', '《孤独深处》收录了郝景芳在2010年至2016年间发表的一些科幻小说，从未出版过，此次是初次集结成册。《孤独深处》首次收录郝景芳的雨果奖提名作品《北京折叠》。书名也是源于作者对科幻小说的感觉。科幻小说构想一个可能性的世界，人站在这个世界的边缘，最容易感觉到出世和异化。出离世界的感觉是最孤独的孤独。\n对于作者来说，《孤独深处》是她在写作上的一种坚持，作者表示写作是生活最重要的快乐源泉，也是孤独深处最重要的情感力量。\n中国科幻作家获得国外奖项，是中国科幻小说更多走向世界的一个标志。\n——雨果奖作家刘慈欣谈郝景芳\n在后“三 体”时代日渐浮嚣的中国科幻中，景芳的作品并不大张旗鼓吆喝，但总是吸引你去聆听。摇曳多姿、细腻唯美的感性笔触下，有着对世界的冷峻洞察和理性思索，而更深处是一种坚定的力量感，这并非单纯是科技发明的力量，而是精神追求自身的完满、充沛与坚韧。', 35, '2016-09-03 10:25:30', '2016-06-01', '', 0, 0),
(32, '冬日笔记', '人民文学出版社', ' [美] 保罗·奥斯特 ', '人民文学出版社', '/images/upload/20160830/1472563796977348.jpg', '一扇门关上了。\n另一扇门打开。\n你已经进入了生命的冬天。\n2011年1月3日，大雪纷飞，保罗•奥斯特坐在桌前，写下《冬日笔记》的第一行字，此时距离他六十四岁生日还有一个月，距离他第一部作品《孤独及其所创造的》则已三十年。\n这是保罗•奥斯特对自己一生的剖白。他以第二人称的方式、从局外人的角度来审视自己与他人的关系，进而审视自我、解剖自我；他以一种近乎随意而散乱的逻辑，组织起六十多年的人生碎片，描述了从童年到晚年之间的身体意识、感受到的快乐和痛苦、他与父母的牵绊以及对父母的探索与迷思，记录下从少年时代的性觉醒到中年深沉的婚姻之爱，以及他对食物、睡眠的思索和1987年他以作家身份开启的人生新旅程，而读者总能从字里行间找到他小说创作时的灵感来源以及原型。\n一部热情洋溢的回忆录……充满沉思默想，哀婉动人……一本优美的深刻之作。\n——《华盛顿邮报》\n生动地记录下...', 0, '2016-09-03 10:25:30', '0000-00-00', NULL, 0, 0),
(33, '蒙着眼睛的旅行者', 'sdf', 'sdfas', 'sdaf', '/images/upload/20160830/1472514690337666.jpg', 'sdf', 134, '2016-09-03 10:25:49', '2016-08-01', 'ds', 0, 0),
(34, '北京折叠', 'ssss', '郝景芳', 'ss', '/images/upload/20160830/1472514706763214.jpg', '2016 年雨果奖最佳短中篇小说。\n日渐拥挤的未来北京，昼夜之间三个世界交替折叠，轮流苏醒。人们被阶级与出身分隔其间，在同一个舞台上演出无穷循环的城市戏剧。\n老刀，年近五十，垃圾工，单身父亲。为了女儿的未来，开始了他一天之中穿越三个世界的冒险。\n《北京折叠》中设定了三个互相折叠的世界，隐喻上流、中产和底层三个阶层。整个城市尺度的空间和时间双重折叠意象恢弘，映射出当代社会中人们对于阶层割裂趋势的深切焦虑。作者郝景芳在北京生活多年，笔下未来城市的种种细节平实而有质感，让这个探讨后现代社会问题的故事兼具强烈的现实主义和本土意识，是当代中国科幻的最佳范本之一。\n所获奖项：\n2016 年雨果奖最佳短中篇小说\n第五届全球华语科幻星云奖入围\n首届中国科幻坐标奖短篇类冠军', 23, '2016-09-03 10:25:49', '2009-01-00', NULL, 0, 0),
(35, '孤独深处', '江苏凤凰文艺出版社', ' 郝景芳 ', '（第二版）', '/images/upload/20160830/1472558806147403.jpg', '《孤独深处》收录了郝景芳在2010年至2016年间发表的一些科幻小说，从未出版过，此次是初次集结成册。《孤独深处》首次收录郝景芳的雨果奖提名作品《北京折叠》。书名也是源于作者对科幻小说的感觉。科幻小说构想一个可能性的世界，人站在这个世界的边缘，最容易感觉到出世和异化。出离世界的感觉是最孤独的孤独。\n对于作者来说，《孤独深处》是她在写作上的一种坚持，作者表示写作是生活最重要的快乐源泉，也是孤独深处最重要的情感力量。\n中国科幻作家获得国外奖项，是中国科幻小说更多走向世界的一个标志。\n——雨果奖作家刘慈欣谈郝景芳\n在后“三 体”时代日渐浮嚣的中国科幻中，景芳的作品并不大张旗鼓吆喝，但总是吸引你去聆听。摇曳多姿、细腻唯美的感性笔触下，有着对世界的冷峻洞察和理性思索，而更深处是一种坚定的力量感，这并非单纯是科技发明的力量，而是精神追求自身的完满、充沛与坚韧。', 35, '2016-09-03 10:25:49', '2016-06-01', '', 0, 0),
(36, '冬日笔记', '人民文学出版社', ' [美] 保罗·奥斯特 ', '人民文学出版社', '/images/upload/20160830/1472563796977348.jpg', '一扇门关上了。\n另一扇门打开。\n你已经进入了生命的冬天。\n2011年1月3日，大雪纷飞，保罗•奥斯特坐在桌前，写下《冬日笔记》的第一行字，此时距离他六十四岁生日还有一个月，距离他第一部作品《孤独及其所创造的》则已三十年。\n这是保罗•奥斯特对自己一生的剖白。他以第二人称的方式、从局外人的角度来审视自己与他人的关系，进而审视自我、解剖自我；他以一种近乎随意而散乱的逻辑，组织起六十多年的人生碎片，描述了从童年到晚年之间的身体意识、感受到的快乐和痛苦、他与父母的牵绊以及对父母的探索与迷思，记录下从少年时代的性觉醒到中年深沉的婚姻之爱，以及他对食物、睡眠的思索和1987年他以作家身份开启的人生新旅程，而读者总能从字里行间找到他小说创作时的灵感来源以及原型。\n一部热情洋溢的回忆录……充满沉思默想，哀婉动人……一本优美的深刻之作。\n——《华盛顿邮报》\n生动地记录下...', 0, '2016-09-03 10:25:49', '0000-00-00', NULL, 0, 0),
(37, '蒙着眼睛的旅行者', 'sdf', 'sdfas', 'sdaf', '/images/upload/20160830/1472514690337666.jpg', 'sdf', 134, '2016-09-03 10:26:08', '2016-08-01', 'ds', 0, 0),
(38, '北京折叠', 'ssss', '郝景芳', 'ss', '/images/upload/20160830/1472514706763214.jpg', '2016 年雨果奖最佳短中篇小说。\n日渐拥挤的未来北京，昼夜之间三个世界交替折叠，轮流苏醒。人们被阶级与出身分隔其间，在同一个舞台上演出无穷循环的城市戏剧。\n老刀，年近五十，垃圾工，单身父亲。为了女儿的未来，开始了他一天之中穿越三个世界的冒险。\n《北京折叠》中设定了三个互相折叠的世界，隐喻上流、中产和底层三个阶层。整个城市尺度的空间和时间双重折叠意象恢弘，映射出当代社会中人们对于阶层割裂趋势的深切焦虑。作者郝景芳在北京生活多年，笔下未来城市的种种细节平实而有质感，让这个探讨后现代社会问题的故事兼具强烈的现实主义和本土意识，是当代中国科幻的最佳范本之一。\n所获奖项：\n2016 年雨果奖最佳短中篇小说\n第五届全球华语科幻星云奖入围\n首届中国科幻坐标奖短篇类冠军', 23, '2016-09-03 10:26:08', '2009-01-00', NULL, 0, 0),
(39, '孤独深处', '江苏凤凰文艺出版社', ' 郝景芳 ', '（第二版）', '/images/upload/20160830/1472558806147403.jpg', '《孤独深处》收录了郝景芳在2010年至2016年间发表的一些科幻小说，从未出版过，此次是初次集结成册。《孤独深处》首次收录郝景芳的雨果奖提名作品《北京折叠》。书名也是源于作者对科幻小说的感觉。科幻小说构想一个可能性的世界，人站在这个世界的边缘，最容易感觉到出世和异化。出离世界的感觉是最孤独的孤独。\n对于作者来说，《孤独深处》是她在写作上的一种坚持，作者表示写作是生活最重要的快乐源泉，也是孤独深处最重要的情感力量。\n中国科幻作家获得国外奖项，是中国科幻小说更多走向世界的一个标志。\n——雨果奖作家刘慈欣谈郝景芳\n在后“三 体”时代日渐浮嚣的中国科幻中，景芳的作品并不大张旗鼓吆喝，但总是吸引你去聆听。摇曳多姿、细腻唯美的感性笔触下，有着对世界的冷峻洞察和理性思索，而更深处是一种坚定的力量感，这并非单纯是科技发明的力量，而是精神追求自身的完满、充沛与坚韧。', 35, '2016-09-03 10:26:08', '2016-06-01', '', 0, 0),
(40, '冬日笔记', '人民文学出版社', ' [美] 保罗·奥斯特 ', '人民文学出版社', '/images/upload/20160830/1472563796977348.jpg', '一扇门关上了。\n另一扇门打开。\n你已经进入了生命的冬天。\n2011年1月3日，大雪纷飞，保罗•奥斯特坐在桌前，写下《冬日笔记》的第一行字，此时距离他六十四岁生日还有一个月，距离他第一部作品《孤独及其所创造的》则已三十年。\n这是保罗•奥斯特对自己一生的剖白。他以第二人称的方式、从局外人的角度来审视自己与他人的关系，进而审视自我、解剖自我；他以一种近乎随意而散乱的逻辑，组织起六十多年的人生碎片，描述了从童年到晚年之间的身体意识、感受到的快乐和痛苦、他与父母的牵绊以及对父母的探索与迷思，记录下从少年时代的性觉醒到中年深沉的婚姻之爱，以及他对食物、睡眠的思索和1987年他以作家身份开启的人生新旅程，而读者总能从字里行间找到他小说创作时的灵感来源以及原型。\n一部热情洋溢的回忆录……充满沉思默想，哀婉动人……一本优美的深刻之作。\n——《华盛顿邮报》\n生动地记录下...', 0, '2016-09-03 10:26:08', '0000-00-00', NULL, 0, 0),
(41, '蒙着眼睛的旅行者', 'sdf', 'sdfas', 'sdaf', '/images/upload/20160830/1472514690337666.jpg', 'sdf', 134, '2016-09-03 10:26:34', '2016-08-01', 'ds', 0, 0),
(42, '北京折叠', 'ssss', '郝景芳', 'ss', '/images/upload/20160830/1472514706763214.jpg', '2016 年雨果奖最佳短中篇小说。\n日渐拥挤的未来北京，昼夜之间三个世界交替折叠，轮流苏醒。人们被阶级与出身分隔其间，在同一个舞台上演出无穷循环的城市戏剧。\n老刀，年近五十，垃圾工，单身父亲。为了女儿的未来，开始了他一天之中穿越三个世界的冒险。\n《北京折叠》中设定了三个互相折叠的世界，隐喻上流、中产和底层三个阶层。整个城市尺度的空间和时间双重折叠意象恢弘，映射出当代社会中人们对于阶层割裂趋势的深切焦虑。作者郝景芳在北京生活多年，笔下未来城市的种种细节平实而有质感，让这个探讨后现代社会问题的故事兼具强烈的现实主义和本土意识，是当代中国科幻的最佳范本之一。\n所获奖项：\n2016 年雨果奖最佳短中篇小说\n第五届全球华语科幻星云奖入围\n首届中国科幻坐标奖短篇类冠军', 23, '2016-09-03 10:26:34', '2009-01-00', NULL, 0, 0),
(43, '孤独深处', '江苏凤凰文艺出版社', ' 郝景芳 ', '（第二版）', '/images/upload/20160830/1472558806147403.jpg', '《孤独深处》收录了郝景芳在2010年至2016年间发表的一些科幻小说，从未出版过，此次是初次集结成册。《孤独深处》首次收录郝景芳的雨果奖提名作品《北京折叠》。书名也是源于作者对科幻小说的感觉。科幻小说构想一个可能性的世界，人站在这个世界的边缘，最容易感觉到出世和异化。出离世界的感觉是最孤独的孤独。\n对于作者来说，《孤独深处》是她在写作上的一种坚持，作者表示写作是生活最重要的快乐源泉，也是孤独深处最重要的情感力量。\n中国科幻作家获得国外奖项，是中国科幻小说更多走向世界的一个标志。\n——雨果奖作家刘慈欣谈郝景芳\n在后“三 体”时代日渐浮嚣的中国科幻中，景芳的作品并不大张旗鼓吆喝，但总是吸引你去聆听。摇曳多姿、细腻唯美的感性笔触下，有着对世界的冷峻洞察和理性思索，而更深处是一种坚定的力量感，这并非单纯是科技发明的力量，而是精神追求自身的完满、充沛与坚韧。', 35, '2016-09-03 10:26:34', '2016-06-01', '', 0, 0),
(44, '冬日笔记', '人民文学出版社', ' [美] 保罗·奥斯特 ', '人民文学出版社', '/images/upload/20160830/1472563796977348.jpg', '一扇门关上了。\n另一扇门打开。\n你已经进入了生命的冬天。\n2011年1月3日，大雪纷飞，保罗•奥斯特坐在桌前，写下《冬日笔记》的第一行字，此时距离他六十四岁生日还有一个月，距离他第一部作品《孤独及其所创造的》则已三十年。\n这是保罗•奥斯特对自己一生的剖白。他以第二人称的方式、从局外人的角度来审视自己与他人的关系，进而审视自我、解剖自我；他以一种近乎随意而散乱的逻辑，组织起六十多年的人生碎片，描述了从童年到晚年之间的身体意识、感受到的快乐和痛苦、他与父母的牵绊以及对父母的探索与迷思，记录下从少年时代的性觉醒到中年深沉的婚姻之爱，以及他对食物、睡眠的思索和1987年他以作家身份开启的人生新旅程，而读者总能从字里行间找到他小说创作时的灵感来源以及原型。\n一部热情洋溢的回忆录……充满沉思默想，哀婉动人……一本优美的深刻之作。\n——《华盛顿邮报》\n生动地记录下...', 0, '2016-09-03 10:26:34', '0000-00-00', NULL, 0, 0);

-- --------------------------------------------------------

--
-- 表的结构 `cate`
--

CREATE TABLE `cate` (
  `id` int(11) NOT NULL,
  `cindex` varchar(250) NOT NULL COMMENT '唯一标识',
  `name` varchar(250) NOT NULL,
  `create_time` timestamp NOT NULL DEFAULT CURRENT_TIMESTAMP,
  `model` text,
  `view_index` tinytext,
  `pre_cate` int(11) DEFAULT NULL,
  `level` smallint(6) DEFAULT '10',
  `status` tinyint(4) DEFAULT '1',
  `uri` tinytext COMMENT 'uri',
  `icon` varchar(250) DEFAULT NULL
) ENGINE=InnoDB DEFAULT CHARSET=utf8;

--
-- 转存表中的数据 `cate`
--

INSERT INTO `cate` (`id`, `cindex`, `name`, `create_time`, `model`, `view_index`, `pre_cate`, `level`, `status`, `uri`, `icon`) VALUES
(5, 'match', '研究领域', '2016-01-04 21:52:28', '["1"]', '', 28, 4, 1, '/frontend/info?id=43', ''),
(10, 'match', '比赛', '2016-02-10 15:53:52', '["5"]', '/site/race', 0, 3, 1, '/site/race', ''),
(14, 'shiyanshidongtai', '动态', '2016-02-21 14:49:48', '["1","2","3"]', 'News/index', 0, -1, 1, '/document/list?cate=14', ''),
(19, 'lianxiwomen', '联系我们', '2016-03-11 12:50:06', 'null', '', 0, 2, 4, '/kechuang4/index.php/Home/Article/index/cate/10', ''),
(28, 'general', '资料', '2016-06-19 23:14:39', '', '', 0, 4, 1, '/frontend/info', ''),
(30, 'introduction', '简介', '2016-07-06 01:54:52', '', 'ccc', 28, 2, 1, '/frontend/info?id=42', ''),
(31, 'lecture', '创业', '2016-07-07 03:01:23', '', '/site/startup', 0, 6, 1, '/site/startup', ''),
(32, 'tongzhigonggao', '通知公告', '2016-07-20 05:39:30', '', '{\r\n\'precate\':\'document\',\r\n‘route’:\'document/index\',\r\n \'date\':{\r\n          \'search\':\'DocumentSearch\'\r\n          }\r\n }', 0, -1, 1, '/document/list?cate=32', ''),
(33, 'fabiaolunwen', '发表论文', '2016-07-20 06:00:30', '', 'http://www.sklse.whu.edu.cn/index.php/detail/fblw/58', 10, NULL, 1, 'http://www.sklse.whu.edu.cn/index.php/detail/fblw/58', ''),
(34, 'home', '首页', '2016-07-20 11:11:03', '', '/site/index', 0, 1, 1, '/site/index', ''),
(35, 'zhaoyanjs', '计算机', '2016-07-21 08:43:09', '', '', -2, NULL, 1, '/book/index?tag=计算机', ''),
(36, 'zhaobaoshensheng', '通识课程', '2016-07-21 08:49:25', '', '', 18, NULL, 1, '/book/index?tag=通识课程', ''),
(37, 'keyanduiwu', '科研队伍', '2016-07-21 15:42:04', '', '', 28, 5, 1, '/frontend/info/58', ''),
(38, 'lishi', '历史', '2016-08-30 13:46:45', '', '', 18, NULL, 1, '/book/index?tag=历史', ''),
(39, 'wenxue', '文学', '2016-09-04 21:51:41', '', '', 18, NULL, 1, '/book/index?tag=文学', '');

-- --------------------------------------------------------

--
-- 表的结构 `document`
--

CREATE TABLE `document` (
  `id` int(11) NOT NULL,
  `title` varchar(250) NOT NULL,
  `breviary` tinytext,
  `content` text NOT NULL,
  `author` varchar(100) DEFAULT NULL COMMENT '编辑',
  `cate` int(11) NOT NULL,
  `view` varchar(250) DEFAULT NULL,
  `status` tinyint(4) NOT NULL DEFAULT '1',
  `level` smallint(6) NOT NULL DEFAULT '10',
  `create_at` timestamp NOT NULL DEFAULT CURRENT_TIMESTAMP,
  `pic` text,
  `create_by` int(11) DEFAULT NULL COMMENT '编写者'
) ENGINE=InnoDB DEFAULT CHARSET=utf8;

--
-- 转存表中的数据 `document`
--

INSERT INTO `document` (`id`, `title`, `breviary`, `content`, `author`, `cate`, `view`, `status`, `level`, `create_at`, `pic`, `create_by`) VALUES
(11, '悟空：我打死的确实是妖，为何师父还是不愿相信我？', '', '&lt;p class=&quot;p1&quot; style=&quot;margin-top: 0px; margin-bottom: 10px; padding: 0px; font-size: 14px; line-height: 1.8em; color: rgb(61, 61, 61); font-family: Verdana, Arial, Helvetica, sans-serif; white-space: normal;&quot;&gt;随着《三打白骨精》的上映，师徒间最深重的误会，最虐心的关系，最伟大的悲歌&lt;span class=&quot;s1&quot; style=&quot;margin: 0px; padding: 0px;&quot;&gt;——&lt;/span&gt;三打白骨精故事又映入了大家眼帘。&lt;/p&gt;&lt;p class=&quot;p1&quot; style=&quot;margin-top: 0px; margin-bottom: 10px; padding: 0px; font-size: 14px; line-height: 1.8em; color: rgb(61, 61, 61); font-family: Verdana, Arial, Helvetica, sans-serif; white-space: normal;&quot;&gt;也许在故事里、在小说、和狗血剧里，主角间的误会能让你乐在其中。所谓旁观者清，你会纠结为何误会双方能作到这个地步，为什么就是不愿意相信对方呢？但当你沦为当局者时，可能你也好不到哪里去，即便你和孙悟空一样，他们确实是妖，这是事实，为什么师父就是不愿相信我呢？&lt;/p&gt;&lt;p class=&quot;p1&quot; style=&quot;margin-top: 0px; margin-bottom: 10px; padding: 0px; font-size: 14px; line-height: 1.8em; color: rgb(61, 61, 61); font-family: Verdana, Arial, Helvetica, sans-serif; white-space: normal;&quot;&gt;这让友心人（微信号&lt;span class=&quot;s1&quot; style=&quot;margin: 0px; padding: 0px;&quot;&gt;yosumn&lt;/span&gt;）想起了最近一项看似不相关的胖子和瘦子的研究，得到的结论就是，我们每个人眼中的事实真相，也许并不是真相。&lt;/p&gt;&lt;h1 class=&quot;p1&quot; style=&quot;margin: 5px 0px 12px; padding: 5px 0px; color: rgb(100, 100, 100); font-size: 16px; border-top-style: dotted; border-top-width: 1px; border-top-color: rgb(204, 204, 204); border-bottom-style: dotted; border-bottom-width: 1px; border-bottom-color: rgb(204, 204, 204); font-family: Verdana, Arial, Helvetica, sans-serif; line-height: 20px; white-space: normal;&quot;&gt;&lt;strong style=&quot;margin: 0px; padding: 0px;&quot;&gt;对于胖子来说，路程确实更加遥远&lt;/strong&gt;&lt;/h1&gt;&lt;p class=&quot;p2&quot; style=&quot;margin-top: 0px; margin-bottom: 10px; padding: 0px; font-size: 14px; line-height: 1.8em; color: rgb(61, 61, 61); font-family: Verdana, Arial, Helvetica, sans-serif; white-space: normal;&quot;&gt;&lt;span class=&quot;s2&quot; style=&quot;margin: 0px; padding: 0px;&quot;&gt;美国科学发展协会&lt;/span&gt;(American Association of the Advancement of Sciences)&lt;span class=&quot;s2&quot; style=&quot;margin: 0px; padding: 0px;&quot;&gt;曾做过一个关于人们认知的实验，发现相比瘦子，胖子会觉得路程更遥远，前路更艰辛。&lt;/span&gt;&lt;/p&gt;&lt;p class=&quot;p1&quot; style=&quot;margin-top: 0px; margin-bottom: 10px; padding: 0px; font-size: 14px; line-height: 1.8em; color: rgb(61, 61, 61); font-family: Verdana, Arial, Helvetica, sans-serif; white-space: normal;&quot;&gt;&lt;strong style=&quot;margin: 0px; padding: 0px;&quot;&gt;&lt;span class=&quot;s1&quot; style=&quot;margin: 0px; padding: 0px;&quot;&gt;1.&amp;nbsp;&lt;/span&gt;一条&lt;span class=&quot;s1&quot; style=&quot;margin: 0px; padding: 0px;&quot;&gt;25&lt;/span&gt;米长的跑道，你目测有几米？&lt;/strong&gt;&lt;/p&gt;&lt;p class=&quot;p1&quot; style=&quot;margin-top: 0px; margin-bottom: 10px; padding: 0px; font-size: 14px; line-height: 1.8em; color: rgb(61, 61, 61); font-family: Verdana, Arial, Helvetica, sans-serif; white-space: normal;&quot;&gt;本实验由沃尔玛招录了的&lt;span class=&quot;s1&quot; style=&quot;margin: 0px; padding: 0px;&quot;&gt;66&lt;/span&gt;位肥瘦不一的实验者，让他们目测路程长度。实验负责人发现，面对同样实际长度为&lt;span class=&quot;s1&quot; style=&quot;margin: 0px; padding: 0px;&quot;&gt;25&lt;/span&gt;米的路程&lt;/p&gt;&lt;p class=&quot;p1&quot; style=&quot;margin-top: 0px; margin-bottom: 10px; padding: 0px; font-size: 14px; line-height: 1.8em; color: rgb(61, 61, 61); font-family: Verdana, Arial, Helvetica, sans-serif; white-space: normal;&quot;&gt;&lt;span class=&quot;s1&quot; style=&quot;margin: 0px; padding: 0px;&quot;&gt;300&lt;/span&gt;斤的人认为其足有&lt;span class=&quot;s1&quot; style=&quot;margin: 0px; padding: 0px;&quot;&gt;30&lt;/span&gt;米；&lt;/p&gt;&lt;p class=&quot;p1&quot; style=&quot;margin-top: 0px; margin-bottom: 10px; padding: 0px; font-size: 14px; line-height: 1.8em; color: rgb(61, 61, 61); font-family: Verdana, Arial, Helvetica, sans-serif; white-space: normal;&quot;&gt;&lt;span class=&quot;s1&quot; style=&quot;margin: 0px; padding: 0px;&quot;&gt;100&lt;/span&gt;斤的人认为其只有&lt;span class=&quot;s1&quot; style=&quot;margin: 0px; padding: 0px;&quot;&gt;15&lt;/span&gt;米。&lt;/p&gt;&lt;p class=&quot;p1&quot; style=&quot;margin-top: 0px; margin-bottom: 10px; padding: 0px; font-size: 14px; line-height: 1.8em; color: rgb(61, 61, 61); font-family: Verdana, Arial, Helvetica, sans-serif; white-space: normal;&quot;&gt;美国科学发展协会心理学家&lt;span class=&quot;s1&quot; style=&quot;margin: 0px; padding: 0px;&quot;&gt;Jessica Witt&lt;/span&gt;说到：总体来说，肥胖者目测出来的路程距离要比普通体重者长约&lt;span class=&quot;s1&quot; style=&quot;margin: 0px; padding: 0px;&quot;&gt;10%&lt;/span&gt;，这就说明，一个大师兄脚踩着筋斗云，一个二师兄挺着个大肚子，在谈论山后面的女儿国到底有多远，很有可能他们各自想着不一样的东西，因为各自的认知都让所见的事实发生了轻微扭曲。&lt;/p&gt;&lt;p class=&quot;p1&quot; style=&quot;margin-top: 0px; margin-bottom: 10px; padding: 0px; font-size: 14px; line-height: 1.8em; color: rgb(61, 61, 61); font-family: Verdana, Arial, Helvetica, sans-serif; white-space: normal;&quot;&gt;&lt;strong style=&quot;margin: 0px; padding: 0px;&quot;&gt;&lt;span class=&quot;s1&quot; style=&quot;margin: 0px; padding: 0px;&quot;&gt;2.&amp;nbsp;&lt;/span&gt;眼见非事实，眼见为能力&lt;/strong&gt;&lt;/p&gt;&lt;p class=&quot;p1&quot; style=&quot;margin-top: 0px; margin-bottom: 10px; padding: 0px; font-size: 14px; line-height: 1.8em; color: rgb(61, 61, 61); font-family: Verdana, Arial, Helvetica, sans-serif; white-space: normal;&quot;&gt;&lt;span class=&quot;s1&quot; style=&quot;margin: 0px; padding: 0px;&quot;&gt;Witt&lt;/span&gt;说，你身上背负着重物与否，会影响你评价前方山路是否艰险。背着重物，前路显得更长、河水显得更宽、山路显得更陡峭，行路难行路难！但轻装上阵的你也许不会这么想。&lt;/p&gt;&lt;p class=&quot;p1&quot; style=&quot;margin-top: 0px; margin-bottom: 10px; padding: 0px; font-size: 14px; line-height: 1.8em; color: rgb(61, 61, 61); font-family: Verdana, Arial, Helvetica, sans-serif; white-space: normal;&quot;&gt;他想强调的是，你眼里看到的不是事实，你看到的，其实是你的能力。&lt;/p&gt;&lt;p class=&quot;p1&quot; style=&quot;margin-top: 0px; margin-bottom: 10px; padding: 0px; font-size: 14px; line-height: 1.8em; color: rgb(61, 61, 61); font-family: Verdana, Arial, Helvetica, sans-serif; white-space: normal;&quot;&gt;显然在这里，这位心理学家&lt;span class=&quot;s1&quot; style=&quot;margin: 0px; padding: 0px;&quot;&gt;Jessica Witt&lt;/span&gt;和这个实验预设的是：肥胖的人更不擅长运动，所以在看待自己能否胜任这段路程时，显得更加没有信心。因此不能胜任这项运动使之在认知上加强了难度。&lt;/p&gt;&lt;p class=&quot;p1&quot; style=&quot;margin-top: 0px; margin-bottom: 10px; padding: 0px; font-size: 14px; line-height: 1.8em; color: rgb(61, 61, 61); font-family: Verdana, Arial, Helvetica, sans-serif; white-space: normal;&quot;&gt;不仅如此，这项实验还对同一个人不同胜任程度进行了实验。&lt;/p&gt;&lt;p class=&quot;p1&quot; style=&quot;margin-top: 0px; margin-bottom: 10px; padding: 0px; font-size: 14px; line-height: 1.8em; color: rgb(61, 61, 61); font-family: Verdana, Arial, Helvetica, sans-serif; white-space: normal;&quot;&gt;比如，在玩虚拟网球的时候，手握着&lt;span class=&quot;s1&quot; style=&quot;margin: 0px; padding: 0px;&quot;&gt;“&lt;/span&gt;大球拍&lt;span class=&quot;s1&quot; style=&quot;margin: 0px; padding: 0px;&quot;&gt;”&lt;/span&gt;的时候，由于命中率更高，所以球员觉得，飞来的球的速度不快；但握着&lt;span class=&quot;s1&quot; style=&quot;margin: 0px; padding: 0px;&quot;&gt;“&lt;/span&gt;小球拍&lt;span class=&quot;s1&quot; style=&quot;margin: 0px; padding: 0px;&quot;&gt;”&lt;/span&gt;的时候，球的速度还是一样，但他却觉得球的速度是快了许多的，因为小球拍更不容易打中飞来的网球。&lt;/p&gt;&lt;p class=&quot;p1&quot; style=&quot;margin-top: 0px; margin-bottom: 10px; padding: 0px; font-size: 14px; line-height: 1.8em; color: rgb(61, 61, 61); font-family: Verdana, Arial, Helvetica, sans-serif; white-space: normal;&quot;&gt;&lt;a href=&quot;http://cdn.songshuhui.net/wp-content/uploads/640-4.jpeg&quot; style=&quot;margin: 0px; padding: 0px; text-decoration: none; color: rgb(227, 136, 28); outline: none;&quot;&gt;&lt;img class=&quot; wp-image-93990 aligncenter&quot; src=&quot;/ueditor/php/upload/image/20160224/1456251932810321.jpeg&quot; alt=&quot;640-4&quot; width=&quot;406&quot; height=&quot;230&quot; style=&quot;margin: 10px 0px; padding: 0px; border: 0px; display: block;&quot;/&gt;&lt;/a&gt;&lt;/p&gt;&lt;p class=&quot;p1&quot; style=&quot;margin-top: 0px; margin-bottom: 10px; padding: 0px; font-size: 14px; line-height: 1.8em; color: rgb(61, 61, 61); font-family: Verdana, Arial, Helvetica, sans-serif; white-space: normal; text-align: center;&quot;&gt;图：来自网络&lt;/p&gt;&lt;p class=&quot;p1&quot; style=&quot;margin-top: 0px; margin-bottom: 10px; padding: 0px; font-size: 14px; line-height: 1.8em; color: rgb(61, 61, 61); font-family: Verdana, Arial, Helvetica, sans-serif; white-space: normal;&quot;&gt;又比如：通过艾宾豪斯错觉让高尔夫球洞显得大小不一，其实球洞大小是一样的（若你不了解艾宾豪斯错觉，看看下面这幅图你应该懂了）。&lt;/p&gt;&lt;p class=&quot;p1&quot; style=&quot;margin-top: 0px; margin-bottom: 10px; padding: 0px; font-size: 14px; line-height: 1.8em; color: rgb(61, 61, 61); font-family: Verdana, Arial, Helvetica, sans-serif; white-space: normal;&quot;&gt;艾宾豪斯错觉&lt;/p&gt;&lt;p class=&quot;p1&quot; style=&quot;margin-top: 0px; margin-bottom: 10px; padding: 0px; font-size: 14px; line-height: 1.8em; color: rgb(61, 61, 61); font-family: Verdana, Arial, Helvetica, sans-serif; white-space: normal;&quot;&gt;&lt;a href=&quot;http://cdn.songshuhui.net/wp-content/uploads/640-5.jpeg&quot; style=&quot;margin: 0px; padding: 0px; text-decoration: none; color: rgb(227, 136, 28); outline: none;&quot;&gt;&lt;img class=&quot; wp-image-93988 aligncenter&quot; src=&quot;/ueditor/php/upload/image/20160224/1456251932888424.jpeg&quot; alt=&quot;640-5&quot; width=&quot;422&quot; height=&quot;207&quot; style=&quot;margin: 10px 0px; padding: 0px; border: 0px; display: block;&quot;/&gt;&lt;/a&gt;&lt;/p&gt;&lt;p class=&quot;p1&quot; style=&quot;margin-top: 0px; margin-bottom: 10px; padding: 0px; font-size: 14px; line-height: 1.8em; color: rgb(61, 61, 61); font-family: Verdana, Arial, Helvetica, sans-serif; white-space: normal; text-align: center;&quot;&gt;图：来自网络&lt;/p&gt;&lt;p class=&quot;p1&quot; style=&quot;margin-top: 0px; margin-bottom: 10px; padding: 0px; font-size: 14px; line-height: 1.8em; color: rgb(61, 61, 61); font-family: Verdana, Arial, Helvetica, sans-serif; white-space: normal;&quot;&gt;但同一个人的推杆成绩却因球洞显得更小了而变差。&lt;/p&gt;&lt;p class=&quot;p1&quot; style=&quot;margin-top: 0px; margin-bottom: 10px; padding: 0px; font-size: 14px; line-height: 1.8em; color: rgb(61, 61, 61); font-family: Verdana, Arial, Helvetica, sans-serif; white-space: normal;&quot;&gt;&lt;strong style=&quot;margin: 0px; padding: 0px;&quot;&gt;&lt;span class=&quot;s1&quot; style=&quot;margin: 0px; padding: 0px;&quot;&gt;3.&amp;nbsp;&lt;/span&gt;认知对事实的扭曲 让我们想到了胖子的处境&lt;/strong&gt;&lt;/p&gt;&lt;p class=&quot;p1&quot; style=&quot;margin-top: 0px; margin-bottom: 10px; padding: 0px; font-size: 14px; line-height: 1.8em; color: rgb(61, 61, 61); font-family: Verdana, Arial, Helvetica, sans-serif; white-space: normal;&quot;&gt;自身的能力影响了人们对事实的认知。在这项研究的基础上，心理学家&lt;span class=&quot;s1&quot; style=&quot;margin: 0px; padding: 0px;&quot;&gt;Witt&lt;/span&gt;希望进一步研究，胖子是否在认知上和行为上都受到了非常不公平的打击。&lt;/p&gt;&lt;p class=&quot;p1&quot; style=&quot;margin-top: 0px; margin-bottom: 10px; padding: 0px; font-size: 14px; line-height: 1.8em; color: rgb(61, 61, 61); font-family: Verdana, Arial, Helvetica, sans-serif; white-space: normal;&quot;&gt;&lt;a href=&quot;http://cdn.songshuhui.net/wp-content/uploads/640-6.jpeg&quot; style=&quot;margin: 0px; padding: 0px; text-decoration: none; color: rgb(227, 136, 28); outline: none;&quot;&gt;&lt;img class=&quot; wp-image-93987 aligncenter&quot; src=&quot;/ueditor/php/upload/image/20160224/1456251932311151.jpeg&quot; alt=&quot;640-6&quot; width=&quot;381&quot; height=&quot;249&quot; style=&quot;margin: 10px 0px; padding: 0px; border: 0px; display: block;&quot;/&gt;&lt;/a&gt;&lt;/p&gt;&lt;p class=&quot;p1&quot; style=&quot;margin-top: 0px; margin-bottom: 10px; padding: 0px; font-size: 14px; line-height: 1.8em; color: rgb(61, 61, 61); font-family: Verdana, Arial, Helvetica, sans-serif; white-space: normal; text-align: center;&quot;&gt;图：来自网络&lt;/p&gt;&lt;p class=&quot;p1&quot; style=&quot;margin-top: 0px; margin-bottom: 10px; padding: 0px; font-size: 14px; line-height: 1.8em; color: rgb(61, 61, 61); font-family: Verdana, Arial, Helvetica, sans-serif; white-space: normal;&quot;&gt;一方面，面对同样的事实，在自己看来却更加困难；&lt;/p&gt;&lt;p class=&quot;p1&quot; style=&quot;margin-top: 0px; margin-bottom: 10px; padding: 0px; font-size: 14px; line-height: 1.8em; color: rgb(61, 61, 61); font-family: Verdana, Arial, Helvetica, sans-serif; white-space: normal;&quot;&gt;另一方面，同样的事实，在他人看来却更加轻易。&lt;/p&gt;&lt;p class=&quot;p1&quot; style=&quot;margin-top: 0px; margin-bottom: 10px; padding: 0px; font-size: 14px; line-height: 1.8em; color: rgb(61, 61, 61); font-family: Verdana, Arial, Helvetica, sans-serif; white-space: normal;&quot;&gt;&lt;strong style=&quot;margin: 0px; padding: 0px;&quot;&gt;在对事实的认知上，双方出现了一条鸿沟，但更让人担心的，是我们都以为自己看到的是事实。&lt;/strong&gt;&lt;/p&gt;&lt;p class=&quot;p1&quot; style=&quot;margin-top: 0px; margin-bottom: 10px; padding: 0px; font-size: 14px; line-height: 1.8em; color: rgb(61, 61, 61); font-family: Verdana, Arial, Helvetica, sans-serif; white-space: normal;&quot;&gt;而瘦子和胖子分别站在不同观点的两边，完全可以说出同样的话：&lt;/p&gt;&lt;p class=&quot;p1&quot; style=&quot;margin-top: 0px; margin-bottom: 10px; padding: 0px; font-size: 14px; line-height: 1.8em; color: rgb(61, 61, 61); font-family: Verdana, Arial, Helvetica, sans-serif; white-space: normal;&quot;&gt;我以事实为依据，我以理服人，我有什么不对呢？&lt;/p&gt;&lt;h1 class=&quot;p1&quot; style=&quot;margin: 5px 0px 12px; padding: 5px 0px; color: rgb(100, 100, 100); font-size: 16px; border-top-style: dotted; border-top-width: 1px; border-top-color: rgb(204, 204, 204); border-bottom-style: dotted; border-bottom-width: 1px; border-bottom-color: rgb(204, 204, 204); font-family: Verdana, Arial, Helvetica, sans-serif; line-height: 20px; white-space: normal;&quot;&gt;&lt;strong style=&quot;margin: 0px; padding: 0px;&quot;&gt;我实事求是，为什么你不相信我？&lt;/strong&gt;&lt;/h1&gt;&lt;p class=&quot;p1&quot; style=&quot;margin-top: 0px; margin-bottom: 10px; padding: 0px; font-size: 14px; line-height: 1.8em; color: rgb(61, 61, 61); font-family: Verdana, Arial, Helvetica, sans-serif; white-space: normal;&quot;&gt;受到认知扭曲的&lt;span class=&quot;s1&quot; style=&quot;margin: 0px; padding: 0px;&quot;&gt;“&lt;/span&gt;事实&lt;span class=&quot;s1&quot; style=&quot;margin: 0px; padding: 0px;&quot;&gt;”&lt;/span&gt;在每个人的心中各不相同，那么在各自的&lt;span class=&quot;s1&quot; style=&quot;margin: 0px; padding: 0px;&quot;&gt;“&lt;/span&gt;事实&lt;span class=&quot;s1&quot; style=&quot;margin: 0px; padding: 0px;&quot;&gt;”&lt;/span&gt;上沟通，就像鸡同鸭讲，对牛弹琴，&lt;span class=&quot;s1&quot; style=&quot;margin: 0px; padding: 0px;&quot;&gt;15&lt;/span&gt;米和&lt;span class=&quot;s1&quot; style=&quot;margin: 0px; padding: 0px;&quot;&gt;30&lt;/span&gt;米的鸿沟也会把对方越拉越远。&lt;/p&gt;&lt;p class=&quot;p1&quot; style=&quot;margin-top: 0px; margin-bottom: 10px; padding: 0px; font-size: 14px; line-height: 1.8em; color: rgb(61, 61, 61); font-family: Verdana, Arial, Helvetica, sans-serif; white-space: normal;&quot;&gt;由胖子和瘦子的认知实验，我们可以联想到出现在生活中的更多情境。&lt;/p&gt;&lt;p class=&quot;p1&quot; style=&quot;margin-top: 0px; margin-bottom: 10px; padding: 0px; font-size: 14px; line-height: 1.8em; color: rgb(61, 61, 61); font-family: Verdana, Arial, Helvetica, sans-serif; white-space: normal;&quot;&gt;你手机里不同表情、不同发型、不同装扮、不同背景的自拍……&lt;/p&gt;&lt;p class=&quot;p1&quot; style=&quot;margin-top: 0px; margin-bottom: 10px; padding: 0px; font-size: 14px; line-height: 1.8em; color: rgb(61, 61, 61); font-family: Verdana, Arial, Helvetica, sans-serif; white-space: normal;&quot;&gt;在他眼里可能都是一样的。&lt;/p&gt;&lt;p class=&quot;p1&quot; style=&quot;margin-top: 0px; margin-bottom: 10px; padding: 0px; font-size: 14px; line-height: 1.8em; color: rgb(61, 61, 61); font-family: Verdana, Arial, Helvetica, sans-serif; white-space: normal;&quot;&gt;你面前的手机是一台手机，而父母面前的手机，可能是完全不会操作的外星来物。&lt;/p&gt;&lt;p class=&quot;p1&quot; style=&quot;margin-top: 0px; margin-bottom: 10px; padding: 0px; font-size: 14px; line-height: 1.8em; color: rgb(61, 61, 61); font-family: Verdana, Arial, Helvetica, sans-serif; white-space: normal;&quot;&gt;&lt;a href=&quot;http://cdn.songshuhui.net/wp-content/uploads/640-7.jpeg&quot; style=&quot;margin: 0px; padding: 0px; text-decoration: none; color: rgb(227, 136, 28); outline: none;&quot;&gt;&lt;img class=&quot; wp-image-93986 aligncenter&quot; src=&quot;/ueditor/php/upload/image/20160224/1456251932429587.jpeg&quot; alt=&quot;640-7&quot; width=&quot;380&quot; height=&quot;253&quot; style=&quot;margin: 10px 0px; padding: 0px; border: 0px; display: block;&quot;/&gt;&lt;/a&gt;&lt;/p&gt;&lt;p class=&quot;p1&quot; style=&quot;margin-top: 0px; margin-bottom: 10px; padding: 0px; font-size: 14px; line-height: 1.8em; color: rgb(61, 61, 61); font-family: Verdana, Arial, Helvetica, sans-serif; white-space: normal; text-align: center;&quot;&gt;摄影：&lt;span class=&quot;s1&quot; style=&quot;margin: 0px; padding: 0px;&quot;&gt;Ant&amp;nbsp;&lt;/span&gt;来源：网络&lt;/p&gt;&lt;p class=&quot;p1&quot; style=&quot;margin-top: 0px; margin-bottom: 10px; padding: 0px; font-size: 14px; line-height: 1.8em; color: rgb(61, 61, 61); font-family: Verdana, Arial, Helvetica, sans-serif; white-space: normal;&quot;&gt;父母拿隔壁老王的孩子跟你比（并不是指你）&lt;/p&gt;&lt;p class=&quot;p1&quot; style=&quot;margin-top: 0px; margin-bottom: 10px; padding: 0px; font-size: 14px; line-height: 1.8em; color: rgb(61, 61, 61); font-family: Verdana, Arial, Helvetica, sans-serif; white-space: normal;&quot;&gt;&lt;span class=&quot;s1&quot; style=&quot;margin: 0px; padding: 0px;&quot;&gt;“&lt;/span&gt;为什么别人都能做到，&lt;/p&gt;&lt;p class=&quot;p1&quot; style=&quot;margin-top: 0px; margin-bottom: 10px; padding: 0px; font-size: 14px; line-height: 1.8em; color: rgb(61, 61, 61); font-family: Verdana, Arial, Helvetica, sans-serif; white-space: normal;&quot;&gt;而你做不到？&lt;span class=&quot;s1&quot; style=&quot;margin: 0px; padding: 0px;&quot;&gt;”&lt;/span&gt;&lt;/p&gt;&lt;p class=&quot;p1&quot; style=&quot;margin-top: 0px; margin-bottom: 10px; padding: 0px; font-size: 14px; line-height: 1.8em; color: rgb(61, 61, 61); font-family: Verdana, Arial, Helvetica, sans-serif; white-space: normal;&quot;&gt;回到三打白骨精的误会上，在你和我眼里，真相到底有多重要？悟空看到的是妖，打死妖怪保护师父；唐僧看到的是人，看到的却是悟空的无情残忍。悟空百思不得其解，难道讲求事实也有错吗？&lt;/p&gt;&lt;p class=&quot;p1&quot; style=&quot;margin-top: 0px; margin-bottom: 10px; padding: 0px; font-size: 14px; line-height: 1.8em; color: rgb(61, 61, 61); font-family: Verdana, Arial, Helvetica, sans-serif; white-space: normal;&quot;&gt;呜呼，唐僧在这种情境下，也认为自己是实事求是的啊！&lt;/p&gt;&lt;p class=&quot;p1&quot; style=&quot;margin-top: 0px; margin-bottom: 10px; padding: 0px; font-size: 14px; line-height: 1.8em; color: rgb(61, 61, 61); font-family: Verdana, Arial, Helvetica, sans-serif; white-space: normal;&quot;&gt;我们知道我们能通过认知去观察事实，却没有意识把每个人的能力、立场、观念作为基础，纳入到观察事实的考虑范围里，这容易么？不容易，理解这点，也就会明白为什么人类会长久的高呼“理解万岁”而不止了。&lt;/p&gt;&lt;p class=&quot;p1&quot; style=&quot;margin-top: 0px; margin-bottom: 10px; padding: 0px; font-size: 14px; line-height: 1.8em; color: rgb(61, 61, 61); font-family: Verdana, Arial, Helvetica, sans-serif; white-space: normal;&quot;&gt;&lt;a href=&quot;http://cdn.songshuhui.net/wp-content/uploads/640-8.jpeg&quot; style=&quot;margin: 0px; padding: 0px; text-decoration: none; color: rgb(227, 136, 28); outline: none;&quot;&gt;&lt;img class=&quot; wp-image-93985 aligncenter&quot; src=&quot;/ueditor/php/upload/image/20160224/1456251932248185.jpeg&quot; alt=&quot;640-8&quot; width=&quot;411&quot; height=&quot;230&quot; style=&quot;margin: 10px 0px; padding: 0px; border: 0px; display: block;&quot;/&gt;&lt;/a&gt;&lt;/p&gt;&lt;p class=&quot;p1&quot; style=&quot;margin-top: 0px; margin-bottom: 10px; padding: 0px; font-size: 14px; line-height: 1.8em; color: rgb(61, 61, 61); font-family: Verdana, Arial, Helvetica, sans-serif; white-space: normal; text-align: center;&quot;&gt;图： 《西游记》幕后花絮&lt;/p&gt;&lt;p&gt;&lt;br/&gt;&lt;/p&gt;', '友心人 ', 0, NULL, 0, 10, '0000-00-00 00:00:00', NULL, NULL),
(17, 'War drums black-out the beating heart, howling from inside.', '', '', '', 0, NULL, 0, 10, '0000-00-00 00:00:00', NULL, NULL),
(19, 'Feel the Fire burning in my veins, the lightning strikes at my command', '', '', '', 29, NULL, 1, 10, '0000-00-00 00:00:00', NULL, NULL),
(22, 'Storm, Black clouds fill the sky', '', '<p><img src="http://img02.taobaocdn.com/imgextra/i2/10000026256705299/T27j8bXldOXXXXXXXX_!!0-2-newland.png"/></p>', '', 0, NULL, 0, 10, '0000-00-00 00:00:00', '', NULL),
(24, 'Storm and Earth, Axe and Fire, we come to claim this land', '', '', '', 0, NULL, 1, 10, '0000-00-00 00:00:00', NULL, NULL),
(25, '西南交通大学数学建模竞', '西南交通大学数学建模竞赛是我校的一项传统赛事，其目的是通过数学建模提高我校学生的数学应用能力与综合创新能力，是我校学生数学创新素质的检验平台。同时，竞赛也是我校参加每年9', '&lt;p&gt;&lt;span style=&quot;font-size:12pt;font-family:宋体;line-height:150%;&quot;&gt;一、竞赛意义：&amp;nbsp;&amp;nbsp; &lt;/span&gt;&lt;/p&gt;&lt;p style=&quot;text-indent:24pt;&quot;&gt;&lt;span style=&quot;font-size:12pt;font-family:宋体;line-height:150%;&quot;&gt;西南交通大学数学建模竞赛是我校的一项传统赛事，其目的是通过数学建模提高我校学生的数学应用能力与综合创新能力，是我校学生数学创新素质的检验平台。同时，竞赛也是我校参加每年9月份的全国“高教社杯”大学生数学建模竞赛的选拔赛，成绩优秀者将在暑期强化培训以后代表学校参加今年的全国大学生数学建模竞赛，本次竞赛是获得参加国赛资格的重要依据。 &lt;/span&gt;&lt;/p&gt;&lt;p&gt;&lt;span style=&quot;font-size:12pt;font-family:宋体;line-height:150%;&quot;&gt;二、参赛对象： &lt;/span&gt;&lt;/p&gt;&lt;p&gt;&lt;span style=&quot;font-size:12pt;font-family:宋体;line-height:150%;&quot;&gt;&amp;nbsp;&amp;nbsp; &amp;nbsp;3&lt;/span&gt;&lt;span style=&quot;font-size:12pt;font-family:宋体;line-height:150%;&quot;&gt;名西南交通大学在读本科生组队参赛 &lt;/span&gt;&lt;/p&gt;&lt;p&gt;&lt;span style=&quot;font-size:12pt;font-family:宋体;line-height:150%;&quot;&gt;三、竞赛时间安排： &lt;/span&gt;&lt;/p&gt;&lt;p&gt;&lt;span style=&quot;font-size:12pt;font-family:宋体;line-height:150%;&quot;&gt;&amp;nbsp;&amp;nbsp;&amp;nbsp; &lt;/span&gt;&lt;span style=&quot;font-size:12pt;font-family:宋体;line-height:150%;&quot;&gt;发题时间：4月11日上午9：00 （见教务网） &lt;/span&gt;&lt;/p&gt;&lt;p&gt;&lt;span style=&quot;font-size:12pt;font-family:宋体;line-height:150%;&quot;&gt;&amp;nbsp;&amp;nbsp;&amp;nbsp; &lt;/span&gt;&lt;span style=&quot;font-size:12pt;font-family:宋体;line-height:150%;&quot;&gt;竞赛时间：4月11日上午9：00至4月18日中午12：00 &lt;/span&gt;&lt;/p&gt;&lt;p&gt;&lt;span style=&quot;font-size:12pt;font-family:宋体;line-height:150%;&quot;&gt;四、竞赛报名&amp;nbsp;&amp;nbsp;&amp;nbsp;&amp;nbsp; &lt;/span&gt;&lt;/p&gt;&lt;p&gt;&lt;span style=&quot;font-size:12pt;font-family:宋体;line-height:150%;&quot;&gt;&amp;nbsp;&amp;nbsp; &lt;/span&gt;&lt;span style=&quot;font-size:12pt;font-family:宋体;line-height:150%;&quot;&gt;竞赛报名采取网上报名的方式，参加校赛的同学可以登录赛氪网填写队伍的信息，报名时间为2016年03月06日&lt;/span&gt;&lt;span style=&quot;font-size:12pt;font-family:宋体;line-height:150%;&quot;&gt; &lt;/span&gt;&lt;span style=&quot;font-size:12pt;font-family:宋体;line-height:150%;&quot;&gt;00&lt;/span&gt;&lt;span style=&quot;font-size:12pt;font-family:宋体;line-height:150%;&quot;&gt;时&lt;/span&gt;&lt;span style=&quot;font-size:12pt;font-family:宋体;line-height:150%;&quot;&gt;00&lt;/span&gt;&lt;span style=&quot;font-size:12pt;font-family:宋体;line-height:150%;&quot;&gt;分——&lt;/span&gt;&lt;span style=&quot;font-size:12pt;font-family:宋体;line-height:150%;&quot;&gt;2016&lt;/span&gt;&lt;span style=&quot;font-size:12pt;font-family:宋体;line-height:150%;&quot;&gt;年&lt;/span&gt;&lt;span style=&quot;font-size:12pt;font-family:宋体;line-height:150%;&quot;&gt;03&lt;/span&gt;&lt;span style=&quot;font-size:12pt;font-family:宋体;line-height:150%;&quot;&gt;月&lt;/span&gt;&lt;span style=&quot;font-size:12pt;font-family:宋体;line-height:150%;&quot;&gt;13&lt;/span&gt;&lt;span style=&quot;font-size:12pt;font-family:宋体;line-height:150%;&quot;&gt;日&lt;/span&gt;&lt;span style=&quot;font-size:12pt;font-family:宋体;line-height:150%;&quot;&gt; &lt;/span&gt;&lt;span style=&quot;font-size:12pt;font-family:宋体;line-height:150%;&quot;&gt;23&lt;/span&gt;&lt;span style=&quot;font-size:12pt;font-family:宋体;line-height:150%;&quot;&gt;时&lt;/span&gt;&lt;span style=&quot;font-size:12pt;font-family:宋体;line-height:150%;&quot;&gt;59&lt;/span&gt;&lt;span style=&quot;font-size:12pt;font-family:宋体;line-height:150%;&quot;&gt;分&lt;/span&gt;&lt;span style=&quot;font-size:12pt;font-family:宋体;line-height:150%;&quot;&gt;。（具体网址http://www.saikr.com/swjtu/mathm/2016）&lt;/span&gt;&lt;/p&gt;&lt;p&gt;&lt;span style=&quot;font-size:12pt;font-family:宋体;line-height:150%;&quot;&gt;五、竞赛题目： &lt;/span&gt;&lt;/p&gt;&lt;p&gt;&lt;span style=&quot;font-size:12pt;font-family:宋体;line-height:150%;&quot;&gt;&amp;nbsp;&amp;nbsp;&amp;nbsp; &lt;/span&gt;&lt;span style=&quot;font-size:12pt;font-family:宋体;line-height:150%;&quot;&gt;竞赛题目分A、B、C三题，参赛者任选其中一题在规定的时间内完成。 &lt;/span&gt;&lt;/p&gt;&lt;p&gt;\r\n	六、竞赛论文提交方法：&lt;/p&gt;&lt;p&gt;\r\n	&amp;nbsp; 竞赛以论文的形式作为最后的比赛成果，需要同时提交电子版和纸质版，两者内容应完全一致。论文必须使用竞赛专用封面模板。论文具体书写格式要求请参见附件。请参赛队伍按时提交论文：&lt;/p&gt;&lt;p&gt;\r\n	1、电子档论文：主要用于论文答辩及程序验证，请于竞赛结束前发送到swjtumathm@126.com并在报名网站提交。邮件主题请注明所选题号及队员名字，例如：2016校赛_A题（张三、李四、王五）。&lt;/p&gt;&lt;p&gt;\r\n	2、纸档论文：主要用于竞赛阅卷评分，请于4月18日12:30—13:00提交至犀浦校区5401教室。&lt;/p&gt;&lt;p&gt;&lt;span style=&quot;font-size:12pt;font-family:宋体;line-height:150%;&quot;&gt;七、竞赛答辩和验证程序阶段 &lt;/span&gt;&lt;/p&gt;&lt;p&gt;&lt;span style=&quot;font-size:12pt;font-family:宋体;line-height:150%;&quot;&gt;&lt;/span&gt;&lt;/p&gt;&lt;p&gt;&lt;span style=&quot;font-size:12pt;font-family:宋体;line-height:150%;&quot;&gt;&amp;nbsp;&amp;nbsp;&amp;nbsp; &lt;/span&gt;&lt;span style=&quot;font-size:12pt;font-family:宋体;line-height:150%;&quot;&gt;对拟获奖的队伍，将进行抽样答辩及验证论文程序等，具体细则见附件。答辩日期和地点另行通知。请答辩队伍准备相关材料，在答辩日叙述论文思路、主要内容等，并回答老师有关问题。 &lt;/span&gt;&lt;/p&gt;&lt;p&gt;&lt;span style=&quot;font-size:12pt;font-family:宋体;line-height:150%;&quot;&gt;八、竞赛评奖： &lt;/span&gt;&lt;/p&gt;&lt;p&gt;&lt;span style=&quot;font-size:12pt;font-family:宋体;line-height:150%;&quot;&gt;&amp;nbsp; &amp;nbsp;&amp;nbsp;&lt;/span&gt;&lt;span style=&quot;font-size:12pt;font-family:宋体;line-height:150%;&quot;&gt;由于题目有难度差异，获奖指标向难题倾斜。本次比赛设置一等奖、二等奖及三等奖若干，获奖队伍均可获校级证书。 &lt;/span&gt;&lt;/p&gt;&lt;p&gt;&lt;span style=&quot;font-size:12pt;font-family:宋体;line-height:150%;&quot;&gt;九、竞赛相关事宜咨询 &lt;/span&gt;&lt;/p&gt;&lt;p&gt;&lt;span style=&quot;font-size:12pt;font-family:宋体;line-height:150%;&quot;&gt;&amp;nbsp;&amp;nbsp; &lt;/span&gt;&lt;span style=&quot;font-size:12pt;font-family:宋体;line-height:150%;&quot;&gt;本次比赛交流QQ群号 467542593 &lt;/span&gt;&lt;/p&gt;&lt;p style=&quot;text-indent:18pt;&quot;&gt;&lt;span style=&quot;font-size:12pt;font-family:宋体;line-height:150%;&quot;&gt;关于竞赛的后续安排敬请关注数学建模协会：&lt;/span&gt;&lt;/p&gt;&lt;p style=&quot;text-indent:18pt;&quot;&gt;&lt;span style=&quot;font-size:12pt;font-family:宋体;line-height:150%;&quot;&gt;微信平台：swjtu_jianmo &lt;/span&gt;&lt;/p&gt;&lt;p style=&quot;text-indent:18pt;&quot;&gt;&lt;span style=&quot;font-size:12pt;font-family:宋体;line-height:150%;&quot;&gt;新浪微博：http://weibo.com/u/3513944273 &lt;/span&gt;&lt;/p&gt;&lt;p style=&quot;text-indent:18pt;&quot;&gt;&lt;span style=&quot;font-size:12pt;font-family:宋体;line-height:150%;&quot;&gt;&lt;/span&gt;&lt;/p&gt;&lt;p style=&quot;text-indent:18pt;&quot;&gt;&lt;span style=&quot;font-size:12pt;font-family:宋体;line-height:150%;&quot;&gt;相关事宜咨询： &lt;/span&gt;&lt;/p&gt;&lt;p style=&quot;text-indent:18pt;&quot;&gt;&lt;span style=&quot;font-size:12pt;font-family:宋体;line-height:150%;&quot;&gt;张同学：18328409348&amp;nbsp; 刘同学：18328037282 &lt;/span&gt;&lt;/p&gt;&lt;p&gt;&lt;span style=&quot;font-size:12pt;font-family:宋体;line-height:150%;&quot;&gt;十、本次比赛其余细则请见4月11日发题通知。 &lt;/span&gt;&lt;/p&gt;&lt;p&gt;&lt;span style=&quot;font-size:12pt;font-family:宋体;line-height:150%;&quot;&gt;&lt;/span&gt;&lt;/p&gt;&lt;p&gt;&lt;span style=&quot;font-size:12pt;font-family:宋体;line-height:150%;&quot;&gt;主办方：西南交大教务处 西南交大实验室及设备管理处 西南交大数学学院&amp;nbsp; 西南交通大学学生社团联合会 &lt;/span&gt;&lt;/p&gt;&lt;p&gt;&lt;span style=&quot;font-size:12pt;font-family:宋体;line-height:150%;&quot;&gt;&lt;/span&gt;&lt;/p&gt;&lt;p&gt;&lt;span style=&quot;font-size:12pt;font-family:宋体;line-height:150%;&quot;&gt;承办方：西南交大数学建模协会&lt;/span&gt;&lt;/p&gt;&lt;p&gt;&lt;br/&gt;&lt;/p&gt;', '发布单位:教务处', 29, NULL, 0, 10, '0000-00-00 00:00:00', NULL, NULL),
(26, '关于开展2015-2016学年第二学期学科竞赛及创新创业活动讲座周的通知', '', '&lt;table id=&quot;table1&quot; height=&quot;281&quot; width=&quot;650&quot; cellpadding=&quot;0&quot; cellspacing=&quot;0&quot;&gt;&lt;tbody&gt;&lt;tr class=&quot;firstRow&quot;&gt;&lt;td style=&quot;line-height: 150%&quot; height=&quot;209&quot; valign=&quot;top&quot;&gt;&lt;span style=&quot;font-size:12pt;font-family:宋体;line-height:200%;&quot;&gt;为进一步加强我校实践教学，推进创新创业教育，营造校园科创的学术氛围，让全校学生更全面的了解大学生各类学科竞赛及创新创业活动信息，并积极投身实践创新创业活动及学科竞赛中，由西南交通大学教务处主办、西南交大创新创业俱乐部承办的 2015—2016学\r\n年第二学期学科竞赛及创新创业活动讲座活动第三周开讲。讲座邀请具有丰富组织经验和指导经验的老师为大家详细讲解相关竞赛及创新创业活动，主要内容有科创\r\n活动的组织形式、如何参加、参赛所需的专业知识积累等，同时邀请在各类学科竞赛及创新创业活动中取得优异成绩的同学现身说法，分享他们在实践创新创业活动\r\n及学科竞赛过程中的所得、所感，欢迎广大同学积极参与！&lt;/span&gt; &lt;p style=&quot;text-indent:18.05pt;&quot;&gt;\r\n	&lt;strong&gt;&lt;span style=&quot;font-size:12pt;font-family:宋体;line-height:200%;&quot;&gt;讲座地点为大学生创新创业教育中心（三食堂三楼），具体讲座安排如下：&lt;/span&gt;&lt;/strong&gt; &lt;/p&gt;&lt;p&gt;\r\n	&lt;/p&gt;\r\n		\r\n			\r\n				\r\n					\r\n						日期 \r\n					\r\n				\r\n				\r\n					\r\n						时间 \r\n					\r\n				\r\n				\r\n					\r\n						讲座内容 \r\n					\r\n				\r\n				\r\n					\r\n						主讲老师 \r\n					\r\n				\r\n			\r\n			\r\n				\r\n					\r\n						2016.3.14（周一） \r\n					\r\n				\r\n				\r\n					\r\n						19:00-19:50 \r\n					\r\n				\r\n				\r\n					\r\n						国家大学生创新创业训练计划、大学生科研训练计划（SRTP） \r\n					\r\n				\r\n				\r\n					\r\n						王克贵 \r\n					\r\n				\r\n			\r\n			\r\n				\r\n					\r\n						20:00-20:50 \r\n					\r\n				\r\n				\r\n					\r\n						全国大学生ACM程序设计大赛 \r\n					\r\n				\r\n				\r\n					\r\n						李天瑞 \r\n					\r\n				\r\n			\r\n			\r\n				\r\n					\r\n						2016.3.15（周二） \r\n					\r\n				\r\n				\r\n					\r\n						19:00-19:50 \r\n					\r\n				\r\n				\r\n					\r\n						全国大学生交通科技竞赛 \r\n					\r\n				\r\n				\r\n					\r\n						燕鹏飞 \r\n					\r\n				\r\n			\r\n			\r\n				\r\n					\r\n						20:00-20:50 \r\n					\r\n				\r\n				\r\n					\r\n						全国大学生物流设计大赛 \r\n					\r\n				\r\n				\r\n					\r\n						燕鹏飞 \r\n					\r\n				\r\n			\r\n			\r\n				\r\n					\r\n						2016.3.16（周三） \r\n					\r\n				\r\n				\r\n					\r\n						19:00-19:50 \r\n					\r\n				\r\n				\r\n					\r\n						全国大学生电子设计嵌入式专题邀请赛 \r\n					\r\n				\r\n				\r\n					\r\n						杨斌 \r\n					\r\n				\r\n			\r\n			\r\n				\r\n					\r\n						20:00-20:50 \r\n					\r\n				\r\n				\r\n					\r\n						全国大学生广告艺术大赛、金犊奖、学院奖 \r\n					\r\n				\r\n				\r\n					\r\n						朱洁 \r\n					\r\n				\r\n			\r\n			\r\n				\r\n					\r\n						2016.3.17（周四） \r\n					\r\n				\r\n				\r\n					\r\n						19:00-19:50 \r\n					\r\n				\r\n				\r\n					\r\n						全国大学生节能减排社会实践与科技竞赛 \r\n					\r\n				\r\n				\r\n					\r\n						郭立昌 \r\n					\r\n				\r\n			\r\n			\r\n				\r\n					\r\n						20:00-20:50 \r\n					\r\n				\r\n				\r\n					\r\n						全国大学生数学建模竞赛 \r\n					\r\n				\r\n				\r\n					\r\n						袁俭 \r\n					\r\n				\r\n			\r\n			\r\n				\r\n					\r\n						2016.3.18（周五） \r\n					\r\n				\r\n				\r\n					\r\n						19:00-19:50 \r\n					\r\n				\r\n				\r\n					\r\n						全国大学生结构设计竞赛 \r\n					\r\n				\r\n				\r\n					\r\n						卢立恒 \r\n					\r\n				\r\n			\r\n			\r\n				\r\n					\r\n						20:00-20:50 \r\n					\r\n				\r\n				\r\n					\r\n						大学生创业类竞赛 \r\n					\r\n				\r\n				\r\n					\r\n						刘凤 \r\n					\r\n				\r\n			\r\n			\r\n				\r\n					\r\n						2016.3.21（周一） \r\n					\r\n				\r\n				\r\n					\r\n						19:00-19:50 \r\n					\r\n				\r\n				\r\n					\r\n						全国大学生工程训练综合能力竞赛 \r\n					\r\n				\r\n				\r\n					\r\n						杨志军 \r\n					\r\n				\r\n			\r\n			\r\n				\r\n					\r\n						20:00-20:50 \r\n					\r\n				\r\n				\r\n					\r\n						大学生模拟法庭竞赛 \r\n					\r\n				\r\n				\r\n					\r\n						邓君韬 \r\n					\r\n				\r\n			\r\n			\r\n				\r\n					\r\n						2016.3.22（周二） \r\n					\r\n				\r\n				\r\n					\r\n						19:00-19:50 \r\n					\r\n				\r\n				\r\n					\r\n						全国大学生数学竞赛 \r\n					\r\n				\r\n				\r\n					\r\n						秦应兵 \r\n					\r\n				\r\n			\r\n			\r\n				\r\n					\r\n						20:00-20:50 \r\n					\r\n				\r\n				\r\n					\r\n						全国大学生智能车竞赛 \r\n					\r\n				\r\n				\r\n					\r\n						蒋朝根 \r\n					\r\n				\r\n			\r\n			\r\n				\r\n					\r\n						2016.3.23（周三） \r\n					\r\n				\r\n				\r\n					\r\n						19:00-19:50 \r\n					\r\n				\r\n				\r\n					\r\n						全国大学生电子设计竞赛 \r\n					\r\n				\r\n				\r\n					\r\n						龙文杰 \r\n					\r\n				\r\n			\r\n			\r\n				\r\n					\r\n						20:00-20:50 \r\n					\r\n				\r\n				\r\n					\r\n						全国大学生机械创新设计大赛 \r\n					\r\n				\r\n				\r\n					\r\n						谢进 \r\n					\r\n				\r\n			\r\n			\r\n				\r\n					\r\n						2016.3.24（周四） \r\n					\r\n				\r\n				\r\n					\r\n						19:00-19:50 \r\n					\r\n				\r\n				\r\n					\r\n						“挑战杯”全国大学生课外学术科技作品竞赛 \r\n					\r\n				\r\n				\r\n					\r\n						李向蔚 \r\n					\r\n				\r\n			\r\n			\r\n				\r\n					\r\n						20:00-20:50 \r\n					\r\n				\r\n				\r\n					\r\n						大学生 “生命之星”科技邀请赛 \r\n					\r\n				\r\n				\r\n					\r\n						魏源诚 \r\n					\r\n				\r\n			\r\n			\r\n				\r\n					\r\n						2016.3.25（周五） \r\n					\r\n				\r\n				\r\n					\r\n						19:00-19:50 \r\n					\r\n				\r\n				\r\n					\r\n						全国大学生物理实验竞赛、大学生物理学术竞赛 \r\n					\r\n				\r\n				\r\n					\r\n						魏云 \r\n					\r\n				\r\n			\r\n			\r\n				\r\n					\r\n						20:00-20:50 \r\n					\r\n				\r\n				\r\n					\r\n						中国大学生服务外包创新创业大赛 \r\n					\r\n					\r\n						&amp;nbsp;（讲座地点：犀浦校区X6405）\r\n					\r\n				\r\n				\r\n					\r\n						尹帮旭					\r\n				\r\n			\r\n		\r\n	&lt;p&gt;&lt;br/&gt;&lt;/p&gt;&lt;p style=&quot;text-align:center;text-indent:18pt;&quot;&gt;\r\n	&lt;span style=&quot;font-size:12pt;font-family:宋体;line-height:150%;&quot;&gt;&lt;/span&gt; &lt;/p&gt;&lt;/td&gt;&lt;/tr&gt;&lt;tr&gt;&lt;td height=&quot;27&quot;&gt;&lt;br/&gt;&lt;/td&gt;&lt;/tr&gt;&lt;/tbody&gt;&lt;/table&gt;&lt;p&gt;&lt;br/&gt;&lt;/p&gt;', '发布单位:教务处', 5, NULL, 0, 10, '0000-00-00 00:00:00', '', NULL),
(27, '西南交通大学2016年春季大学生电子设计竞赛通知', 's', '&lt;p style=&quot;text-align:left;text-indent: 24pt;&quot;&gt;&lt;span style=&quot;font-size: 12pt; font-family: 宋体; line-height: 150%;&quot;&gt;为\r\n加强我校大学生科技实践能力，进一步提高大学生的综合素质，更好地为大学生提供创新实践的舞台和展示自己的机会，为今年“四川省大学生电子设计竞赛”和明\r\n年“全国大学生电子设计竞赛”选拔优秀学生，教务处决定组织我校秋季大学生电子设计竞赛，现将有关事项通知如下，望各学院和全体学生予以重视，并能够积极\r\n组织、支持和参与。&lt;/span&gt;&lt;span style=&quot;font-size:12pt;font-family:宋体;line-height:150%;&quot;&gt;&lt;/span&gt;&lt;/p&gt;&lt;p style=&quot;text-align:left;&quot;&gt;&lt;strong&gt;&lt;span style=&quot;font-size: 12pt; font-family: 宋体; line-height: 150%;&quot;&gt;竞赛组织：水电费敢死队&lt;/span&gt;&lt;/strong&gt;&lt;span style=&quot;font-size:12pt;font-family:宋体;line-height:150%;&quot;&gt;&lt;/span&gt;&lt;/p&gt;&lt;p style=&quot;text-align:left;text-indent: 23.5pt;&quot;&gt;&lt;span style=&quot;font-size: 12pt; font-family: 宋体; line-height: 150%;&quot;&gt;本次竞赛由西南交大教务处主办，电气工程学院、信息科学与技术学院联合承办，由电气电气工程学院&lt;/span&gt;&lt;span style=&quot;font-size:12pt;font-family:宋体;line-height:150%;&quot;&gt;大学生科技活动中心组织工作。由教务处电子创新基地及相关教师组成竞赛组委会，并由组委会负责组织、评测、竞赛等工作。望各学院积极配合（提供实验室、机房等资源），为学生参加竞赛提供方便，提高资源使用效率。 &lt;/span&gt;&lt;/p&gt;&lt;p style=&quot;text-align:left;text-indent: 23.5pt;&quot;&gt;&lt;span style=&quot;font-size: 12pt; font-family: 宋体; line-height: 150%;&quot;&gt;本次竞赛得到了美国德州仪器（TI公司）中国大学计划部的支持和赞助，提供了MSP430 LauchPad单片机学习板（自带USB下载器），在此表示感谢！&lt;/span&gt;&lt;span style=&quot;font-size:12pt;font-family:宋体;line-height:150%;&quot;&gt; &lt;/span&gt;&lt;/p&gt;&lt;p style=&quot;text-align:left;&quot;&gt;&lt;strong&gt;&lt;span style=&quot;font-size: 12pt; font-family: 宋体; line-height: 150%;&quot;&gt;报名事宜：&lt;/span&gt;&lt;/strong&gt;&lt;span style=&quot;font-size:12pt;font-family:宋体;line-height:150%;&quot;&gt; &lt;/span&gt;&lt;/p&gt;&lt;p style=&quot;text-align:left;text-indent: 18pt;&quot;&gt;&lt;span style=&quot;font-size: 12pt; font-family: 宋体; line-height: 150%;&quot;&gt;1&lt;/span&gt;&lt;span style=&quot;font-size: 12pt; font-family: 宋体; line-height: 150%;&quot;&gt;、报名的对象：我校在籍统招本科生，以2013、2014级为主，欢迎对电子电路有兴趣的2015级新生参加。参加过校级电子竞赛获得一等奖、二等奖或参加过省级、国家级电子信息类竞赛（如电子设计、智能车等）并获奖的同学不能参加此次竞赛。&lt;/span&gt;&lt;span style=&quot;font-size:12pt;font-family:宋体;line-height:150%;&quot;&gt; &lt;/span&gt;&lt;/p&gt;&lt;p style=&quot;text-align:left;text-indent: 18pt;&quot;&gt;&lt;span style=&quot;font-size: 12pt; font-family: 宋体; line-height: 150%;&quot;&gt;2&lt;/span&gt;&lt;span style=&quot;font-size: 12pt; font-family: 宋体; line-height: 150%;&quot;&gt;、报名时间：2016&lt;span style=&quot;color:windowtext;&quot;&gt;年3月14日&lt;/span&gt;&lt;/span&gt;&lt;span style=&quot;font-size:12pt;font-family:宋体;line-height:150%;&quot;&gt;-3月22日&lt;/span&gt;&lt;span style=&quot;font-size: 12pt; font-family: 宋体; line-height: 150%;&quot;&gt;；&lt;/span&gt;&lt;span style=&quot;font-size:12pt;font-family:宋体;line-height:150%;&quot;&gt; &lt;/span&gt;&lt;/p&gt;&lt;p style=&quot;text-align:left;text-indent: 18pt;&quot;&gt;&lt;span style=&quot;font-size: 12pt; font-family: 宋体; line-height: 150%;&quot;&gt;3&lt;/span&gt;&lt;span style=&quot;font-size: 12pt; font-family: 宋体; line-height: 150%;&quot;&gt;、报名方式：&lt;/span&gt;&lt;span style=&quot;font-size:12pt;font-family:宋体;line-height:150%;&quot;&gt; &lt;/span&gt;&lt;/p&gt;&lt;p style=&quot;text-align:left;text-indent: 18.05pt;&quot;&gt;&lt;strong&gt;&lt;span style=&quot;font-size: 12pt; font-family: 宋体; line-height: 150%;&quot;&gt;先发送电子稿到指定邮箱，再将纸质报名表交至&lt;/span&gt;&lt;/strong&gt;&lt;strong&gt;&lt;span style=&quot;font-size:12pt;font-family:宋体;color:red;line-height:150%;&quot;&gt;X4411&lt;/span&gt;&lt;/strong&gt;&lt;strong&gt;&lt;span style=&quot;font-size:12pt;font-family:宋体;color:red;line-height:150%;&quot;&gt;。&lt;/span&gt;&lt;/strong&gt;&lt;span style=&quot;font-size:12pt;font-family:宋体;color:red;line-height:150%;&quot;&gt; &lt;/span&gt;&lt;span style=&quot;font-size:12pt;font-family:宋体;line-height:150%;&quot;&gt;&lt;/span&gt;&lt;/p&gt;&lt;p style=&quot;text-align:left;text-indent: 24pt;&quot;&gt;&lt;span style=&quot;font-size: 12pt; font-family: 宋体; line-height: 150%;&quot;&gt;（1）报名以组为单位&lt;strong&gt;（1人一组）&lt;/strong&gt;，独立完成作品。下载附件1中报名表，填写完成后发送到：&lt;/span&gt;&lt;strong&gt;&lt;span style=&quot;font-size:14pt;font-family:宋体;color:red;line-height:150%;&quot;&gt;dxskjhdzx@126.com&lt;/span&gt;&lt;/strong&gt;&lt;span style=&quot;font-size: 12pt; font-family: 宋体; line-height: 150%;&quot;&gt;，邮件主题和附件均以“学号+姓名+电子设计春季赛”命名。&lt;/span&gt;&lt;span style=&quot;font-size:12pt;font-family:宋体;line-height:150%;&quot;&gt;&lt;/span&gt;&lt;/p&gt;&lt;p style=&quot;text-align:left;text-indent: 24pt;&quot;&gt;&lt;span style=&quot;font-size: 12pt; font-family: 宋体; line-height: 150%;&quot;&gt;（2）提交纸质报名表（附件1）至&lt;/span&gt;&lt;strong&gt;&lt;span style=&quot;font-size:12pt;font-family:宋体;color:red;line-height:150%;&quot;&gt;X4411&lt;/span&gt;&lt;/strong&gt;&lt;span style=&quot;font-size: 12pt; font-family: 宋体; line-height: 150%;&quot;&gt;，以便于核查。提交时间：2016年&lt;/span&gt;&lt;span style=&quot;font-size:12pt;font-family:宋体;color:red;line-height:150%;&quot;&gt;3&lt;/span&gt;&lt;span style=&quot;font-size:12pt;font-family:宋体;color:red;line-height:150%;&quot;&gt;月14日-3月22日晚上19：00-21：30。 &lt;/span&gt;&lt;/p&gt;&lt;p style=&quot;text-align:left;text-indent: 24pt;&quot;&gt;&lt;span style=&quot;font-size: 12pt; font-family: 宋体; line-height: 150%;&quot;&gt;4&lt;/span&gt;&lt;span style=&quot;font-size: 12pt; font-family: 宋体; line-height: 150%;&quot;&gt;、学习板领取：&lt;/span&gt;&lt;span style=&quot;font-size:12pt;font-family:宋体;line-height:150%;&quot;&gt; &lt;/span&gt;&lt;/p&gt;&lt;p style=&quot;text-align:left;text-indent: 24pt;&quot;&gt;&lt;span style=&quot;font-size: 12pt; font-family: 宋体; line-height: 150%;&quot;&gt;本次竞赛统一使用MSP430 LauchPad单片机学习板，每组参赛同学可在规定时间内领取MSP430单片机学习板一块。&lt;/span&gt;&lt;span style=&quot;font-size:12pt;font-family:宋体;line-height:150%;&quot;&gt; &lt;/span&gt;&lt;/p&gt;&lt;p style=&quot;text-align:left;text-indent: 24pt;&quot;&gt;&lt;span style=&quot;font-size: 12pt; font-family: 宋体; line-height: 150%;&quot;&gt;（1）领取时间：&lt;/span&gt;&lt;span style=&quot;font-size:12pt;font-family:宋体;line-height:150%;&quot;&gt;2016&lt;/span&gt;&lt;span style=&quot;font-size:12pt;font-family:宋体;line-height:150%;&quot;&gt;年3月14日-3月22日 晚上19:00-21:30 &lt;/span&gt;&lt;/p&gt;&lt;p style=&quot;text-align:left;text-indent: 24pt;&quot;&gt;&lt;span style=&quot;font-size: 12pt; font-family: 宋体; line-height: 150%;&quot;&gt;（2）领取地点：&lt;/span&gt;&lt;span style=&quot;font-size:12pt;font-family:宋体;line-height:150%;&quot;&gt;X4411&lt;/span&gt;&lt;/p&gt;&lt;p style=&quot;text-align:left;text-indent: 24pt;&quot;&gt;&lt;span style=&quot;font-size: 12pt; font-family: 宋体; line-height: 150%;&quot;&gt;（3）领取说明：每组成员只能领取一块MSP430单片机学习板。&lt;/span&gt;&lt;strong&gt;&lt;span style=&quot;font-size:12pt;font-family:宋体;color:red;line-height:150%;&quot;&gt;领取学习板时需交付50元押金，组织方会提供押金单，便于赛后退还；&lt;/span&gt;&lt;/strong&gt;&lt;span style=&quot;font-size: 12pt; font-family: 宋体; line-height: 150%;&quot;&gt;对于领取学习板并顺利参加测评的同学，赛后可凭押金单直接领回押金，无需退还学习板。对于领取学习板后未能参加测评的同学，赛后需凭押金单和学习板领取押金，否则不退。&lt;/span&gt;&lt;span style=&quot;font-size:12pt;font-family:宋体;line-height:150%;&quot;&gt;&lt;/span&gt;&lt;/p&gt;&lt;p style=&quot;text-align:left;&quot;&gt;&lt;strong&gt;&lt;span style=&quot;font-size: 12pt; font-family: 宋体; line-height: 150%;&quot;&gt;竞赛事宜：&lt;/span&gt;&lt;/strong&gt;&lt;span style=&quot;font-size:12pt;font-family:宋体;line-height:150%;&quot;&gt; &lt;/span&gt;&lt;/p&gt;&lt;p style=&quot;text-align:left;text-indent: 18pt;&quot;&gt;&lt;span style=&quot;font-size: 12pt; font-family: 宋体; line-height: 150%;&quot;&gt;1&lt;/span&gt;&lt;span style=&quot;font-size: 12pt; font-family: 宋体; line-height: 150%;&quot;&gt;、竞赛形式：由校电子设计竞赛委员会统一出题。参赛小组自行设计、制作安装。&lt;/span&gt;&lt;span style=&quot;font-size:12pt;font-family:宋体;line-height:150%;&quot;&gt;&lt;/span&gt;&lt;/p&gt;&lt;p style=&quot;text-align:left;text-indent: 18pt;&quot;&gt;&lt;span style=&quot;font-size: 12pt; font-family: 宋体; line-height: 150%;&quot;&gt;2&lt;/span&gt;&lt;span style=&quot;font-size: 12pt; font-family: 宋体; line-height: 150%;&quot;&gt;、作品提交：最终提交的作品包括电路作品（能够通电运行）与设计报告（含功能指标、方案比较、理论设计、电路板设计、安装调试问题及解决、操作说明等）。&lt;/span&gt;&lt;span style=&quot;font-size:12pt;font-family:宋体;line-height:150%;&quot;&gt; &lt;/span&gt;&lt;/p&gt;&lt;p style=&quot;text-align:left;text-indent: 18pt;&quot;&gt;&lt;span style=&quot;font-size: 12pt; font-family: 宋体; line-height: 150%;&quot;&gt;3&lt;/span&gt;&lt;span style=&quot;font-size: 12pt; font-family: 宋体; line-height: 150%;&quot;&gt;、作品制作时间：2016年3月14日-2016年5月7日。&lt;/span&gt;&lt;span style=&quot;font-size:12pt;font-family:宋体;line-height:150%;&quot;&gt; &lt;/span&gt;&lt;/p&gt;&lt;p style=&quot;text-align:left;text-indent: 18pt;&quot;&gt;&lt;span style=&quot;font-size: 12pt; font-family: 宋体; line-height: 150%;&quot;&gt;4&lt;/span&gt;&lt;span style=&quot;font-size: 12pt; font-family: 宋体; line-height: 150%;&quot;&gt;、作品评审：竞赛组委会组织相关教师进行评审，参赛队参加答辩。时间&lt;/span&gt;&lt;strong&gt;&lt;span style=&quot;font-size:12pt;font-family:宋体;color:red;line-height:150%;&quot;&gt;2016&lt;/span&gt;&lt;/strong&gt;&lt;strong&gt;&lt;span style=&quot;font-size:12pt;font-family:宋体;color:red;line-height:150%;&quot;&gt;年5月7日&lt;/span&gt;&lt;/strong&gt;&lt;strong&gt;&lt;span style=&quot;font-size:12pt;font-family:宋体;color:red;line-height:150%;&quot;&gt;8:30&lt;/span&gt;&lt;/strong&gt;&lt;strong&gt;&lt;span style=&quot;font-size:12pt;font-family:宋体;color:red;line-height:150%;&quot;&gt;～12:00&lt;/span&gt;&lt;/strong&gt;&lt;span style=&quot;font-size: 12pt; font-family: 宋体; line-height: 150%;&quot;&gt;，地点:&lt;/span&gt;&lt;strong&gt;&lt;span style=&quot;font-size:12pt;font-family:宋体;color:red;line-height:150%;&quot;&gt;X6403&lt;/span&gt;&lt;/strong&gt;&lt;span style=&quot;font-size: 12pt; font-family: 宋体; line-height: 150%;&quot;&gt;，各参赛队最迟9点以前必须签到（X6403）等候评审。每组答辩10分钟，不需要准备ppt。&lt;/span&gt;&lt;span style=&quot;font-size:12pt;font-family:宋体;line-height:150%;&quot;&gt;&lt;/span&gt;&lt;/p&gt;&lt;p style=&quot;text-align:left;text-indent: 18pt;&quot;&gt;&lt;span style=&quot;font-size: 12pt; font-family: 宋体; line-height: 150%;&quot;&gt;作品评审后，产生一、二、三等奖，并根据竞赛的获奖情况&lt;/span&gt;&lt;span style=&quot;font-size:12pt;font-family:宋体;line-height:150%;&quot;&gt;，确定参加全国大学生电子竞赛培训的名单，为参赛队配备指导老师。 &lt;/span&gt;&lt;/p&gt;&lt;p style=&quot;text-align:left;text-indent: 18pt;&quot;&gt;&lt;span style=&quot;font-size: 12pt; font-family: 宋体; line-height: 150%;&quot;&gt;5&lt;/span&gt;&lt;span style=&quot;font-size: 12pt; font-family: 宋体; line-height: 150%;&quot;&gt;、指导教师：校竞赛不指定指导老师，待培训名单确定后，再另行安排。&lt;/span&gt;&lt;span style=&quot;font-size:12pt;font-family:宋体;line-height:150%;&quot;&gt; &lt;/span&gt;&lt;/p&gt;&lt;p style=&quot;text-align:left;text-indent: 18pt;&quot;&gt;&lt;span style=&quot;font-size: 12pt; font-family: 宋体; line-height: 150%;&quot;&gt;6&lt;/span&gt;&lt;span style=&quot;font-size: 12pt; font-family: 宋体; line-height: 150%;&quot;&gt;、奖励：学校将颁发证书并根据获奖等级给予鼓励。&lt;/span&gt;&lt;span style=&quot;font-size:12pt;font-family:宋体;line-height:150%;&quot;&gt; &lt;/span&gt;&lt;/p&gt;&lt;p style=&quot;text-align:left;&quot;&gt;&lt;strong&gt;&lt;span style=&quot;font-size: 12pt; font-family: 宋体; line-height: 150%;&quot;&gt;竞赛题目：&lt;/span&gt;&lt;/strong&gt;&lt;span style=&quot;font-size: 12pt; font-family: 宋体; line-height: 150%;&quot;&gt;见附件2&lt;/span&gt;&lt;span style=&quot;font-size:12pt;font-family:宋体;line-height:150%;&quot;&gt; &lt;/span&gt;&lt;/p&gt;&lt;p style=&quot;text-align:left;&quot;&gt;&lt;strong&gt;&lt;span style=&quot;font-size: 12pt; font-family: 宋体; line-height: 150%;&quot;&gt;注意事项：&lt;/span&gt;&lt;/strong&gt;&lt;span style=&quot;font-size:12pt;font-family:宋体;line-height:150%;&quot;&gt; &lt;/span&gt;&lt;/p&gt;&lt;p style=&quot;text-align:left;text-indent: 6pt;&quot;&gt;&lt;span style=&quot;font-size: 12pt; font-family: 宋体; line-height: 150%;&quot;&gt;（1）参加最终测评的作品，要求完成硬件制作和通电运行；&lt;/span&gt;&lt;span style=&quot;font-size:12pt;font-family:宋体;line-height:150%;&quot;&gt; &lt;/span&gt;&lt;/p&gt;&lt;p style=&quot;text-align:left;text-indent: 6pt;&quot;&gt;&lt;span style=&quot;font-size: 12pt; font-family: 宋体; line-height: 150%;&quot;&gt;（2）具有同样的功能和指标，成本较低的作品可获得较高分；&lt;/span&gt;&lt;span style=&quot;font-size:12pt;font-family:宋体;line-height:150%;&quot;&gt; &lt;/span&gt;&lt;/p&gt;&lt;p style=&quot;text-align:left;text-indent: 6pt;&quot;&gt;&lt;span style=&quot;font-size: 12pt; font-family: 宋体; line-height: 150%;&quot;&gt;（3）作品不得购买现成的产品或请人代做及抄袭，一经发现，取消参赛资格，并上报教务处备案。&lt;/span&gt;&lt;span style=&quot;font-size:12pt;font-family:宋体;line-height:150%;&quot;&gt;&lt;/span&gt;&lt;/p&gt;&lt;p style=&quot;text-align:left;text-indent: 6pt;&quot;&gt;&lt;span style=&quot;font-size: 12pt; font-family: 宋体; line-height: 150%;&quot;&gt;（4）作品费用不报销。&lt;/span&gt;&lt;span style=&quot;font-size:12pt;font-family:宋体;line-height:150%;&quot;&gt; &lt;/span&gt;&lt;/p&gt;&lt;p style=&quot;text-align:left;&quot;&gt;&lt;span style=&quot;font-size: 12pt; font-family: 宋体; line-height: 150%;&quot;&gt;附件1：&lt;a href=&quot;http://202.115.67.4/download/news/file/20160311170644_693.xls&quot; target=&quot;_blank&quot;&gt;2016年秋季西南交通大学大学生电子设计竞赛报名表 &lt;/a&gt;&lt;/span&gt;&lt;span style=&quot;font-size:12pt;font-family:宋体;line-height:150%;&quot;&gt;&lt;/span&gt;&lt;/p&gt;&lt;p&gt;&lt;span style=&quot;font-size:12pt;font-family:宋体;&quot;&gt;附件2：&lt;a href=&quot;http://202.115.67.4/download/news/file/20160311170700_510.doc&quot; target=&quot;_blank&quot;&gt;2016春季校电子竞赛题目-低频功率放大器&lt;/a&gt;&lt;/span&gt;&lt;/p&gt;&lt;p&gt;&lt;br/&gt;&lt;/p&gt;', '发布单位:教务处', 29, NULL, 0, 10, '0000-00-00 00:00:00', NULL, NULL),
(28, '第七届中国大学生服务外包创新创业大赛校内报名通知', '', '<p>&lt;p&gt;\r\n	各位同学：&lt;/p&gt;&lt;p&gt;\r\n	&amp;nbsp;&amp;nbsp;“第七届中国大学生服务外包创新创业大赛”报名已经开始，我校将选拔若干只支参赛团队参加全国比赛（&lt;strong&gt;&lt;span style=&quot;color:#E53333;&quot;&gt;其中标准类、创业实践类题目不限团队，自主类题目中文组、英文组各一组&lt;/span&gt;&lt;/strong&gt;）。&amp;nbsp;&lt;/p&gt;&lt;p&gt;\r\n	&amp;nbsp; &lt;strong&gt;大赛简介：&lt;/strong&gt; &lt;/p&gt;&lt;p&gt;\r\n	&amp;nbsp; \r\n中国大学生服务外包创新创业大赛是由教育部、商务部、无锡市联合举办的一项大学生学科竞赛，赛题和评委均来自于国内知名企业，要求参赛团队不仅有完善的技\r\n术解决方案及技术实现，同时还要求有详细的商业方案等，通过最终决赛答辩与现场演示进行评比，由于对技术产品、服务、财务、项目等综合能力的要求，对参赛\r\n选手综合素质要求较高，被称为“高校企业联系最为紧密的大赛”。&lt;/p&gt;&lt;p&gt;\r\n	&amp;nbsp; \r\n中国大学生服务外包创新创业大赛的主题是服务经济、信息技术、创意创新创业、应用导向和产学互动。也就是说只要是和这些主题紧密相关的方案或任务，都可以\r\n作为服创大赛的赛题内容。具体的，参赛团队会有两种竞赛方式：一种是选择来自企业的命题参赛（A类标准命题）；另一种是自选符合上述主题的题目参赛（B类\r\n上报赛题，分中文、英文组），以及自选创业类项目题目参赛（C类上报赛题）。&lt;/p&gt;&lt;p&gt;\r\n	&amp;nbsp; \r\n中国大学生服务外包创新创业大赛从2010年起已连续成功举办了六届，是服务外包行业唯一的国家级品牌赛事，已成为促进全国服务外包人才交流合作的重要平\r\n台。第六届中国大学生服务外包创新创业大赛吸引了来自含清华大学、上海交通大学、中南大学、北京邮电大学、西安交通大学、台湾中山大学、台湾中央大学、印\r\n度NIIT大学等在内309所高校889支团队参加。我校已连续参加五届，曾获得一等奖5项、二等奖7项、三等奖1项的优异成绩，特别是2015年我校获\r\n得全国一等奖2项、二等奖4项，不论获奖总数还是获奖质量均为全国最好。2016年中国大学生服务外包创新创业大赛将于8月份在无锡举行，我们非常期待你\r\n能加入到我们竞赛团队中，为荣誉和理想一起奋斗！&lt;/p&gt;&lt;p&gt;\r\n	&amp;nbsp; &lt;strong&gt;报名方式：&lt;/strong&gt;&amp;nbsp;&lt;/p&gt;&lt;p&gt;\r\n	&amp;nbsp; 我校将不举办预赛，由同学自由组队报名，报名后根据个人陈述和相关考核后确定最终参赛团队。&amp;nbsp;&lt;/p&gt;&lt;p&gt;\r\n	&amp;nbsp; 请按照团队材料或个人材料进行报名，材料不提供模板，但材料至少应包括个人学号姓名、简单介绍、主要特长、参赛期望等信息。&lt;strong&gt;&lt;span style=&quot;color:#E53333;&quot;&gt;于2015年3月30日前统一将电子报名材料发送到576343920@qq.com，并将打印的书面报名材料交至X6408，联系人：董梦瑶同学 。&lt;/span&gt;&lt;/strong&gt; &lt;/p&gt;&lt;p&gt;\r\n	&amp;nbsp; &lt;strong&gt;基本要求：&lt;/strong&gt;&amp;nbsp;&lt;/p&gt;&lt;p&gt;\r\n	&amp;nbsp; 本项赛事不限参赛专业和类别，在校本科生和研究生均可报名，每队不超过5人（其中研究生不超过2人）。&lt;/p&gt;&lt;p&gt;\r\n	&amp;nbsp; 参赛需要有较好的JAVA、C、C#编程或web、Android、ios开发技术，数据库技术、美术设计（UI和用户体验方向）、财务基础及项目管理中的任何一项技能，良好的团队协作。&lt;/p&gt;&lt;p&gt;\r\n	&amp;nbsp; 基于实际情况的考虑，建议大学二年级以上同学报名为宜。&lt;/p&gt;&lt;p&gt;\r\n	&amp;nbsp; &lt;strong&gt;预赛：&lt;/strong&gt;5月初-7月中旬，这期间将完成产品设计、项目书、产品方案、商业策划、视频录制及相关材料。&amp;nbsp;&lt;/p&gt;&lt;p&gt;\r\n	&amp;nbsp; &lt;strong&gt;决赛：&lt;/strong&gt;8月下旬，无锡 （修改方案、现场答辩、演示、答问）&amp;nbsp;&amp;nbsp;&lt;/p&gt;&lt;p&gt;\r\n	&amp;nbsp; &lt;strong&gt;指导教师：&lt;/strong&gt;尹帮旭&amp;nbsp; 杨柳 &amp;nbsp;&amp;nbsp;&lt;/p&gt;&lt;p&gt;&lt;br/&gt;&lt;/p&gt;</p>', '发布单位:教务处', 29, NULL, 1, 10, '0000-00-00 00:00:00', '', NULL);
INSERT INTO `document` (`id`, `title`, `breviary`, `content`, `author`, `cate`, `view`, `status`, `level`, `create_at`, `pic`, `create_by`) VALUES
(33, '2016年西南交大数学建模创新团队报名通知', '', '&lt;p&gt;\r\n	&lt;span style=&quot;font-size:12pt;font-family:宋体;line-height:150%;&quot;&gt;为了更好的准备2016年全国数学建模竞赛，特举行交大数学建模创新团队选拔，具体要求如下： &lt;/span&gt;&lt;/p&gt;&lt;p&gt;\r\n	&lt;strong&gt;&lt;span style=&quot;font-size:12pt;font-family:宋体;line-height:150%;&quot;&gt;&amp;nbsp;&lt;/span&gt;&lt;/strong&gt;&lt;strong&gt;&lt;span style=&quot;font-size:12pt;font-family:宋体;line-height:150%;&quot;&gt;一、报名资格 &lt;/span&gt;&lt;/strong&gt;&lt;/p&gt;&lt;p&gt;\r\n	&lt;span style=&quot;font-size:12pt;font-family:宋体;line-height:150%;&quot;&gt;&amp;nbsp;&amp;nbsp;&amp;nbsp; &lt;/span&gt;&lt;span style=&quot;font-size:12pt;font-family:宋体;line-height:150%;&quot;&gt;三人组队报名，其中至少两人曾获得各类校级及以上建模竞赛奖项（二等奖及以上）。 &lt;/span&gt;&lt;/p&gt;&lt;p&gt;\r\n	&lt;strong&gt;&lt;span style=&quot;font-size:12pt;font-family:宋体;line-height:150%;&quot;&gt;&amp;nbsp;&lt;/span&gt;&lt;/strong&gt;&lt;strong&gt;&lt;span style=&quot;font-size:12pt;font-family:宋体;line-height:150%;&quot;&gt;二、报名方式 &lt;/span&gt;&lt;/strong&gt;&lt;/p&gt;&lt;p&gt;\r\n	&lt;span style=&quot;font-size:12pt;font-family:宋体;line-height:150%;&quot;&gt;&amp;nbsp;&amp;nbsp;&amp;nbsp; &lt;/span&gt;&lt;span style=&quot;font-size:12pt;font-family:宋体;line-height:150%;&quot;&gt;填写附件表格，请于2016年3月12日之前发送至邮箱swjtumathm@126.com，过时不候。 &lt;/span&gt;&lt;/p&gt;&lt;p&gt;\r\n	&lt;span style=&quot;font-size:12pt;font-family:宋体;line-height:150%;&quot;&gt;&amp;nbsp;&amp;nbsp;&amp;nbsp; &lt;/span&gt;&lt;span style=&quot;font-size:12pt;font-family:宋体;line-height:150%;&quot;&gt;交大建模协会在第三周周末通知入选的同学。入选队伍将配备指导教师，必须参加本学期周末举行的各类建模讲座活动，同时参加各类建模竞赛（五一竞赛、交大校赛等），以此作为参加国赛的重要选拔依据。 &lt;/span&gt;&lt;/p&gt;&lt;p&gt;\r\n	&lt;span style=&quot;font-size:12pt;font-family:宋体;line-height:150%;&quot;&gt;&amp;nbsp; &amp;nbsp;&amp;nbsp;&lt;/span&gt;&lt;span style=&quot;font-size:12pt;font-family:宋体;line-height:150%;&quot;&gt;未入选同学也可参加上述各类建模活动，同时也应参加5月的苏北、华东、华中、交大校赛和mathorcup等各种类型建模比赛，以此作为今年参加国赛的重要参考依据。 &lt;/span&gt;&lt;/p&gt;&lt;p&gt;\r\n	&lt;span style=&quot;font-size:12pt;font-family:宋体;line-height:150%;&quot;&gt;&amp;nbsp; &amp;nbsp;&lt;/span&gt;&lt;span style=&quot;font-size:12pt;font-family:宋体;line-height:150%;&quot;&gt;其余相关咨询： &lt;/span&gt;&lt;/p&gt;&lt;p style=&quot;text-indent:18pt;&quot;&gt;\r\n	&lt;span style=&quot;font-size: 12pt; font-family: 宋体; line-height: 150%;&quot;&gt;张同学：18328049348&amp;nbsp;&amp;nbsp;&amp;nbsp;&amp;nbsp; 刘同学：18328037282&lt;/span&gt;&lt;span style=&quot;font-size:12pt;font-family:宋体;line-height:150%;&quot;&gt;&lt;/span&gt;&lt;/p&gt;&lt;p&gt;\r\n	&lt;span style=&quot;font-size:12pt;font-family:宋体;line-height:150%;&quot;&gt;&amp;nbsp; &lt;/span&gt;&lt;/p&gt;&lt;p&gt;\r\n	&lt;span style=&quot;font-size:12pt;font-family:宋体;line-height:150%;&quot;&gt;附件一：&lt;a href=&quot;http://202.115.67.4/download/news/file/20160308102021_195.xls&quot; target=&quot;_blank&quot;&gt;报名表 &lt;/a&gt;&lt;/span&gt;&lt;/p&gt;&lt;p&gt;\r\n	&lt;span style=&quot;font-size:12pt;font-family:宋体;line-height:150%;&quot;&gt;附件二：&lt;a href=&quot;http://202.115.67.4/download/news/file/20160308102049_313.doc&quot; target=&quot;_blank&quot;&gt;2016年数学建模创新讲座安排&amp;nbsp;&lt;/a&gt;&lt;/span&gt;&lt;/p&gt;&lt;p&gt;&lt;br/&gt;&lt;/p&gt;', 'jiaowu', 29, NULL, 1, 10, '0000-00-00 00:00:00', NULL, NULL),
(34, 'dsaasd', 'dasd', '&lt;p&gt;dasd&lt;/p&gt;', '', 0, NULL, 0, 10, '0000-00-00 00:00:00', NULL, NULL),
(35, '习近平:让"上海精神"更加深入人心 发扬光大', '习近平主席关于上海合作组织发展的重要论述：让“上海精神”更加深入人心、发扬光大', '<p style="margin-top: 28px; margin-bottom: 0px; padding: 0px; text-indent: 2em; font-stretch: normal; line-height: 28px; font-family: &#39;Microsoft Yahei&#39;; color: rgb(64, 64, 64); text-align: justify; white-space: normal; background-color: rgb(255, 255, 255);">习近平主席即将出席在塔什干举行的上海合作组织成员国元首理事会第十六次会议。这将是习近平就任国家主席以来第四次出席上合峰会，他多次深入阐述中方对上合组织发展的主张，强调成员国要继续弘扬“上海精神”，牢固树立命运共同体和利益共同体意识。</p><p style="margin-top: 28px; margin-bottom: 0px; padding: 0px; text-indent: 2em; font-stretch: normal; line-height: 28px; font-family: &#39;Microsoft Yahei&#39;; color: rgb(64, 64, 64); text-align: justify; white-space: normal; background-color: rgb(255, 255, 255);"><strong>1.结成紧密的命运共同体和利益共同体</strong></p><p style="margin-top: 28px; margin-bottom: 0px; padding: 0px; text-indent: 2em; font-stretch: normal; line-height: 28px; font-family: &#39;Microsoft Yahei&#39;; color: rgb(64, 64, 64); text-align: justify; white-space: normal; background-color: rgb(255, 255, 255);">上海合作组织成立12年来，成员国结成紧密的命运共同体和利益共同体。面对复杂的国际和地区形势，维护地区安全稳定和促进成员国共同发展，过去、现在乃至将来相当长时期内都是上海合作组织的首要任务和目标。</p><p style="margin-top: 28px; margin-bottom: 0px; padding: 0px; text-indent: 2em; font-stretch: normal; line-height: 28px; font-family: &#39;Microsoft Yahei&#39;; color: rgb(64, 64, 64); text-align: justify; white-space: normal; background-color: rgb(255, 255, 255);">——2013年9月，接受土、俄、哈、乌、吉五国媒体联合采访</p><p style="margin-top: 28px; margin-bottom: 0px; padding: 0px; text-indent: 2em; font-stretch: normal; line-height: 28px; font-family: &#39;Microsoft Yahei&#39;; color: rgb(64, 64, 64); text-align: justify; white-space: normal; background-color: rgb(255, 255, 255);"><strong>2.发扬一种精神，搞好两个建设，办好三件实事</strong></p><p style="margin-top: 28px; margin-bottom: 0px; padding: 0px; text-indent: 2em; font-stretch: normal; line-height: 28px; font-family: &#39;Microsoft Yahei&#39;; color: rgb(64, 64, 64); text-align: justify; white-space: normal; background-color: rgb(255, 255, 255);">我认为，推动上海合作组织发展要继续发扬一种精神，即互信、互利、平等、协商、尊重多样文明、谋求共同发展的“上海精神”。要搞好两个建设，一是加强自身建设，练好“内功”，提升合作效率和水平；二是加强伙伴网络建设，切实推进同观察员、对话伙伴合作，共谋地区发展大计。要办好三件实事，即《上海合作组织中期发展战略规划》所确定的维护安全、发展经济、改善民生的任务，造福成员国人民。</p><p style="margin-top: 28px; margin-bottom: 0px; padding: 0px; text-indent: 2em; font-stretch: normal; line-height: 28px; font-family: &#39;Microsoft Yahei&#39;; color: rgb(64, 64, 64); text-align: justify; white-space: normal; background-color: rgb(255, 255, 255);">——2013年9月，接受土、俄、哈、乌、吉五国媒体联合采访</p><p style="margin-top: 28px; margin-bottom: 0px; padding: 0px; text-indent: 2em; font-stretch: normal; line-height: 28px; font-family: &#39;Microsoft Yahei&#39;; color: rgb(64, 64, 64); text-align: justify; white-space: normal; background-color: rgb(255, 255, 255);"><strong>3.加强合作，联合自强</strong></p><p style="margin-top: 28px; margin-bottom: 0px; padding: 0px; text-indent: 2em; font-stretch: normal; line-height: 28px; font-family: &#39;Microsoft Yahei&#39;; color: rgb(64, 64, 64); text-align: justify; white-space: normal; background-color: rgb(255, 255, 255);">当前，上海合作组织发展既面临难得机遇，也面临严峻挑战。“三股势力”、贩毒、跨国有组织犯罪威胁着本地区安全稳定。受国际金融危机影响，各国经济发展都不同程度遇到困难，进入调整期和恢复期。</p><p style="margin-top: 28px; margin-bottom: 0px; padding: 0px; text-indent: 2em; font-stretch: normal; line-height: 28px; font-family: &#39;Microsoft Yahei&#39;; color: rgb(64, 64, 64); text-align: justify; white-space: normal; background-color: rgb(255, 255, 255);">对这些挑战，任何一个国家都难以独自应对。我们必须加强合作，联合自强。</p><p style="margin-top: 28px; margin-bottom: 0px; padding: 0px; text-indent: 2em; font-stretch: normal; line-height: 28px; font-family: &#39;Microsoft Yahei&#39;; color: rgb(64, 64, 64); text-align: justify; white-space: normal; background-color: rgb(255, 255, 255);">——2013年9月13日，在比什凯克举行的上海合作组织成员国元首理事会第十三次会议上发表讲话</p><p style="margin-top: 28px; margin-bottom: 0px; padding: 0px; text-indent: 2em; font-stretch: normal; line-height: 28px; font-family: &#39;Microsoft Yahei&#39;; color: rgb(64, 64, 64); text-align: justify; white-space: normal; background-color: rgb(255, 255, 255);"><strong>4.把丝绸之路精神发扬光大</strong></p><p style="margin-top: 28px; margin-bottom: 0px; padding: 0px; text-indent: 2em; font-stretch: normal; line-height: 28px; font-family: &#39;Microsoft Yahei&#39;; color: rgb(64, 64, 64); text-align: justify; white-space: normal; background-color: rgb(255, 255, 255);">务实合作是上海合作组织发展的物质基础和原动力。上海合作组织6个成员国和5个观察员国都位于古丝绸之路沿线。作为上海合作组织成员国和观察员国，我们有责任把丝绸之路精神传承下去，发扬光大。</p><p style="margin-top: 28px; margin-bottom: 0px; padding: 0px; text-indent: 2em; font-stretch: normal; line-height: 28px; font-family: &#39;Microsoft Yahei&#39;; color: rgb(64, 64, 64); text-align: justify; white-space: normal; background-color: rgb(255, 255, 255);">——2013年9月13日，在比什凯克举行的上海合作组织成员国元首理事会第十三次会议上发表讲话</p><p style="margin-top: 28px; margin-bottom: 0px; padding: 0px; text-indent: 2em; font-stretch: normal; line-height: 28px; font-family: &#39;Microsoft Yahei&#39;; color: rgb(64, 64, 64); text-align: justify; white-space: normal; background-color: rgb(255, 255, 255);"><strong>5.开创了结伴而不结盟的国际关系新模式</strong></p><p style="margin-top: 28px; margin-bottom: 0px; padding: 0px; text-indent: 2em; font-stretch: normal; line-height: 28px; font-family: &#39;Microsoft Yahei&#39;; color: rgb(64, 64, 64); text-align: justify; white-space: normal; background-color: rgb(255, 255, 255);">在上合组织框架内，我们同其他成员国一道，积极践行互信、互利、平等、协商、尊重多样文明、谋求共同发展的“上海精神”，确立了长期睦邻友好合作关系，以实际行动开创了结伴而不结盟的国际关系新模式。</p><p style="margin-top: 28px; margin-bottom: 0px; padding: 0px; text-indent: 2em; font-stretch: normal; line-height: 28px; font-family: &#39;Microsoft Yahei&#39;; color: rgb(64, 64, 64); text-align: justify; white-space: normal; background-color: rgb(255, 255, 255);">——2014年9月10日，在塔吉克斯坦《人民报》和“霍瓦尔”国家通讯社同时发表题为《让中塔友好像雄鹰展翅》的署名文章</p><p style="margin-top: 28px; margin-bottom: 0px; padding: 0px; text-indent: 2em; font-stretch: normal; line-height: 28px; font-family: &#39;Microsoft Yahei&#39;; color: rgb(64, 64, 64); text-align: justify; white-space: normal; background-color: rgb(255, 255, 255);"><strong>6.共同创新区域合作和南南合作模式</strong></p><p style="margin-top: 28px; margin-bottom: 0px; padding: 0px; text-indent: 2em; font-stretch: normal; line-height: 28px; font-family: &#39;Microsoft Yahei&#39;; color: rgb(64, 64, 64); text-align: justify; white-space: normal; background-color: rgb(255, 255, 255);">目前，丝绸之路经济带建设正进入务实合作新阶段，中方制定的规划基本成形。欢迎上海合作组织成员国、观察员国、对话伙伴积极参与，共商大计、共建项目、共享收益，共同创新区域合作和南南合作模式，促进上海合作组织地区互联互通和新型工业化进程。</p><p style="margin-top: 28px; margin-bottom: 0px; padding: 0px; text-indent: 2em; font-stretch: normal; line-height: 28px; font-family: &#39;Microsoft Yahei&#39;; color: rgb(64, 64, 64); text-align: justify; white-space: normal; background-color: rgb(255, 255, 255);">——2014年9月12日，在杜尚别举行的上海合作组织成员国元首理事会第十四次会议上发表讲话</p><p style="margin-top: 28px; margin-bottom: 0px; padding: 0px; text-indent: 2em; font-stretch: normal; line-height: 28px; font-family: &#39;Microsoft Yahei&#39;; color: rgb(64, 64, 64); text-align: justify; white-space: normal; background-color: rgb(255, 255, 255);"><strong>7.集体之力、团结之力、合作之力</strong></p><p style="margin-top: 28px; margin-bottom: 0px; padding: 0px; text-indent: 2em; font-stretch: normal; line-height: 28px; font-family: &#39;Microsoft Yahei&#39;; color: rgb(64, 64, 64); text-align: justify; white-space: normal; background-color: rgb(255, 255, 255);">在当前国际格局调整变革之际，上海合作组织发展面临重大机遇和光明前景。作为本组织大家庭中的一员，我们应该坚守合作共赢理念，坚持互信、互利、平等、协商、尊重多样文明、谋求共同发展的“上海精神”，践行共同、综合、合作、可持续的亚洲安全观，以集体之力、团结之力、合作之力，携手应对威胁挑战，共同推动上海合作组织得到更大发展。</p><p style="margin-top: 28px; margin-bottom: 0px; padding: 0px; text-indent: 2em; font-stretch: normal; line-height: 28px; font-family: &#39;Microsoft Yahei&#39;; color: rgb(64, 64, 64); text-align: justify; white-space: normal; background-color: rgb(255, 255, 255);">——2014年9月12日，在杜尚别举行的上海合作组织成员国元首理事会第十四次会议上发表讲话</p><p style="margin-top: 28px; margin-bottom: 0px; padding: 0px; text-indent: 2em; font-stretch: normal; line-height: 28px; font-family: &#39;Microsoft Yahei&#39;; color: rgb(64, 64, 64); text-align: justify; white-space: normal; background-color: rgb(255, 255, 255);"><strong>8.成为精神纽带</strong></p><p style="margin-top: 28px; margin-bottom: 0px; padding: 0px; text-indent: 2em; font-stretch: normal; line-height: 28px; font-family: &#39;Microsoft Yahei&#39;; color: rgb(64, 64, 64); text-align: justify; white-space: normal; background-color: rgb(255, 255, 255);">今天，“上海精神”仍然具有时代意义。我们要继续以“上海精神”为指引，坚持上海合作组织一贯秉持的国际关系准则，维护国际公平正义，倡导多边主义和开放主义，相互尊重彼此利益，不干涉别国内政，以和平方式解决分歧争端，以共赢理念促进发展繁荣。要让“上海精神”在本地区更加深入人心、发扬光大，成为本组织成员国打造命运共同体、共建和谐家园的精神纽带。</p><p style="margin-top: 28px; margin-bottom: 0px; padding: 0px; text-indent: 2em; font-stretch: normal; line-height: 28px; font-family: &#39;Microsoft Yahei&#39;; color: rgb(64, 64, 64); text-align: justify; white-space: normal; background-color: rgb(255, 255, 255);">——2015年7月10日，在乌法举行的上海合作组织成员国元首理事会第十五次会议上发表讲话</p><p style="margin-top: 28px; margin-bottom: 0px; padding: 0px; text-indent: 2em; font-stretch: normal; line-height: 28px; font-family: &#39;Microsoft Yahei&#39;; color: rgb(64, 64, 64); text-align: justify; white-space: normal; background-color: rgb(255, 255, 255);"><strong>9.绝不允许任何人歪曲历史、践踏和平</strong></p><p style="margin-top: 28px; margin-bottom: 0px; padding: 0px; text-indent: 2em; font-stretch: normal; line-height: 28px; font-family: &#39;Microsoft Yahei&#39;; color: rgb(64, 64, 64); text-align: justify; white-space: normal; background-color: rgb(255, 255, 255);">战争的惨痛教训不容忘记。今年是世界反法西斯战争胜利和联合国成立70周年。本组织成员国都经历了第二次世界大战血与火的考验，为战争胜利付出了巨大牺牲。</p><p style="margin-top: 28px; margin-bottom: 0px; padding: 0px; text-indent: 2em; font-stretch: normal; line-height: 28px; font-family: &#39;Microsoft Yahei&#39;; color: rgb(64, 64, 64); text-align: justify; white-space: normal; background-color: rgb(255, 255, 255);">我们要继续做捍卫第二次世界大战胜利成果的坚定力量，绝不允许任何人歪曲历史、践踏和平。</p><p style="margin-top: 28px; margin-bottom: 0px; padding: 0px; text-indent: 2em; font-stretch: normal; line-height: 28px; font-family: &#39;Microsoft Yahei&#39;; color: rgb(64, 64, 64); text-align: justify; white-space: normal; background-color: rgb(255, 255, 255);">——2015年7月10日，在乌法举行的上海合作组织成员国元首理事会第十五次会议上发表讲话</p><p style="margin-top: 28px; margin-bottom: 0px; padding: 0px; text-indent: 2em; font-stretch: normal; line-height: 28px; font-family: &#39;Microsoft Yahei&#39;; color: rgb(64, 64, 64); text-align: justify; white-space: normal; background-color: rgb(255, 255, 255);"><strong>10.新生力量的加入将注入新动力</strong></p><p style="margin-top: 28px; margin-bottom: 0px; padding: 0px; text-indent: 2em; font-stretch: normal; line-height: 28px; font-family: &#39;Microsoft Yahei&#39;; color: rgb(64, 64, 64); text-align: justify; white-space: normal; background-color: rgb(255, 255, 255);">中方相信，新生力量的加入将给上海合作组织各领域合作注入新动力。我们要支持本组织继续扩大对外交往，密切同联合国、独联体、欧亚经济联盟、集安条约组织、东盟、亚信等国际和地区多边机制的联系和合作，交流互鉴，取长补短。</p><p style="margin-top: 28px; margin-bottom: 0px; padding: 0px; text-indent: 2em; font-stretch: normal; line-height: 28px; font-family: &#39;Microsoft Yahei&#39;; color: rgb(64, 64, 64); text-align: justify; white-space: normal; background-color: rgb(255, 255, 255);">——2015年7月10日，在乌法举行的上海合作组织成员国元首理事会第十五次会议上发表讲话</p><p><br/></p>', '人民网(北京)', 14, NULL, 1, 2, '2016-06-16 20:17:24', '/images/upload/20160704/1467635065546313.jpg', 12312),
(36, '李克强:别把废止的旧文件仍当作权力"把着不放"', '李克强：别把废止的旧文件仍当作权力“把着不放”在v型现在v', '<p style="margin-top: 28px; margin-bottom: 0px; padding: 0px; text-indent: 2em; font-stretch: normal; line-height: 28px; font-family: &#39;Microsoft Yahei&#39;; color: rgb(64, 64, 64); text-align: justify; white-space: normal; background-color: rgb(255, 255, 255);">“坦率讲，咱们一些地方和部门，确实也存在‘糊弄’企业和老百姓的情况。明明发了新文件，却仍拿以前的旧文件来‘卡’人家。”李克强总理在6月15日的国务院常务会议上说，“旧文件明明废止了，就别再当作权力‘把着不放’了。”</p><p style="margin-top: 28px; margin-bottom: 0px; padding: 0px; text-indent: 2em; font-stretch: normal; line-height: 28px; font-family: &#39;Microsoft Yahei&#39;; color: rgb(64, 64, 64); text-align: justify; white-space: normal; background-color: rgb(255, 255, 255);">当天会议决定，在前期已宣布失效489件国务院文件的基础上，经严格审核，再宣布失效并停止执行506件国务院文件。</p><p style="margin-top: 28px; margin-bottom: 0px; padding: 0px; text-indent: 2em; font-stretch: normal; line-height: 28px; font-family: &#39;Microsoft Yahei&#39;; color: rgb(64, 64, 64); text-align: justify; white-space: normal; background-color: rgb(255, 255, 255);">李克强明确表示，本届政府清理政策性文件的三条原则，一是不符合现行法律法规或没有法律法规依据的；二是不适应经济发展需要，严重束缚企业生产经营和管理活动的；三是设立的审批事项已取消或下放，或不同文件对同一事项重复要求、规定不一致的。</p><p style="margin-top: 28px; margin-bottom: 0px; padding: 0px; text-indent: 2em; font-stretch: normal; line-height: 28px; font-family: &#39;Microsoft Yahei&#39;; color: rgb(64, 64, 64); text-align: justify; white-space: normal; background-color: rgb(255, 255, 255);">“之前就有过这样的情况，国务院先下发了文件，部门紧接着下发的细则，里面‘繁苛’重重，让企业办事人员和老百姓几乎‘跑断了腿’！”总理说。</p><p style="margin-top: 28px; margin-bottom: 0px; padding: 0px; text-indent: 2em; font-stretch: normal; line-height: 28px; font-family: &#39;Microsoft Yahei&#39;; color: rgb(64, 64, 64); text-align: justify; white-space: normal; background-color: rgb(255, 255, 255);">当天会议还决定，优化建设工程防雷许可，减少职责交叉和重复许可收费。有关部门在汇报中说，长期以来，很多企业反映，在建设工程防雷管理领域存在许可环节多、审批效率低、办证时间长、中介服务收费高等问题。当天会议通过的有关改革决定，可以让每年20多万个工程项目避免重复许可，审批时间约缩短40多个工作日。</p><p style="margin-top: 28px; margin-bottom: 0px; padding: 0px; text-indent: 2em; font-stretch: normal; line-height: 28px; font-family: &#39;Microsoft Yahei&#39;; color: rgb(64, 64, 64); text-align: justify; white-space: normal; background-color: rgb(255, 255, 255);">“这正是不同部门‘职责交叉、重复许可’的一个例证。”李克强说，“几个部门重复交叉、层层审批，一些地方还因此‘肥’了中介机构，最后把企业搞得不堪重负。”</p><p style="margin-top: 28px; margin-bottom: 0px; padding: 0px; text-indent: 2em; font-stretch: normal; line-height: 28px; font-family: &#39;Microsoft Yahei&#39;; color: rgb(64, 64, 64); text-align: justify; white-space: normal; background-color: rgb(255, 255, 255);">李克强要求，各地区、各部门要根据以上这三条原则，抓紧清理和废止不利于稳增长、促改革、调结构、惠民生的政策性文件。</p><p style="margin-top: 28px; margin-bottom: 0px; padding: 0px; text-indent: 2em; font-stretch: normal; line-height: 28px; font-family: &#39;Microsoft Yahei&#39;; color: rgb(64, 64, 64); text-align: justify; white-space: normal; background-color: rgb(255, 255, 255);">“这是持续推进简政放权、放管结合、优化服务改革，建设法治政府的重要举措，对更大发挥市场机制作用，营造实施创新驱动发展战略，推动大众创业、万众创新的良好环境，促进新经济、新动能成长，具有重要意义。”总理说。</p><p><br/></p>', '付聪', 14, NULL, 1, 15, '2016-06-16 20:42:59', '/images/upload/20160704/1467635001915539.jpg', NULL),
(37, '「ONE PIECE」エース&ルフィ オリジナル3Dジャケットカードを封入!', '初回生产限定盘は冲撃の「ONE PIECE」エース&ルフィ オリジナル3Dジャケットカードを封入!\r\n　　コミック最新巻310万部、通巻1亿8560万部(日本记录)、TVアニメ视聴率2位と大ブレイク中のアニメ', '<p>初回生产限定盘は冲撃の「ONE PIECE」エース&amp;ルフィ オリジナル3Dジャケットカードを封入!<br style="white-space: normal;"/>　　コミック最新巻310万部、通巻1亿8560万部(日本记录)、TVアニメ视聴率2位と大ブレイク中のアニメ「ONE PIECE」主题歌!!</p>', '', 29, NULL, 1, 0, '2016-07-01 20:18:57', '', NULL),
(38, 'One day', 'One day', '<p><span property="v:summary">■「ONE PIECE」エース&amp;ルフィ オリジナル3Dジャケットカード(名称仮)<br/>　　フジテレビ系アニメ「ONE PIECE」主题歌で着うた(R)は早くも大ヒット中のThe ROOTLESS、いよいよCDテ゛ヒ゛ュー!<br/>　　初回生产限定盘は冲撃の「ONE PIECE」エース&amp;ルフィ オリジナル3Dジャケットカードを封入!<br/>　　コミック最新巻310万部、通巻1亿8560万部(日本记录)、TVアニメ视聴率2位と大ブレイク中のアニメ「ONE PIECE」主题歌!!<br/>　　「ONE PIECE」フリークのTHE ROOTLESSがメンバー全员で20回以上も作り直して完成したロック・バラード「One day」<br/>　　■「One day」:フジテレビ系アニメ「ONE PIECE」主题歌</span></p>', '', 29, NULL, 1, 1, '2016-07-01 20:19:42', '', NULL),
(39, 'Class yii\\widgets\\Menu', 'Class yii\\widgets\\Menu', '<p><strong>Menu displays a multi-level menu using nested HTML lists.</strong></p><p>The main property of Menu is <a href="http://www.yiichina.com/doc/api/2.0/yii-widgets-menu#$items-detail">$items</a>, which specifies the possible items in the menu.\r\nA menu item can contain sub-items which specify the sub-menu under that menu item.</p><p>Menu checks the current route and request parameters to toggle certain menu items\r\nwith active state.</p><p>Note that Menu only renders the HTML tags about the menu. It does do any styling.\r\nYou are responsible to provide CSS styles to make it look like a real menu.</p><p>The following example shows how to use Menu:</p><pre>echo&nbsp;Menu::widget([\r\n&nbsp;&nbsp;&nbsp;&nbsp;&#39;items&#39;&nbsp;=&gt;&nbsp;[\r\n&nbsp;&nbsp;&nbsp;&nbsp;&nbsp;&nbsp;&nbsp;&nbsp;//&nbsp;Important:&nbsp;you&nbsp;need&nbsp;to&nbsp;specify&nbsp;url&nbsp;as&nbsp;&#39;controller/action&#39;,\r\n&nbsp;&nbsp;&nbsp;&nbsp;&nbsp;&nbsp;&nbsp;&nbsp;//&nbsp;not&nbsp;just&nbsp;as&nbsp;&#39;controller&#39;&nbsp;even&nbsp;if&nbsp;default&nbsp;action&nbsp;is&nbsp;used.\r\n&nbsp;&nbsp;&nbsp;&nbsp;&nbsp;&nbsp;&nbsp;&nbsp;[&#39;label&#39;&nbsp;=&gt;&nbsp;&#39;Home&#39;,&nbsp;&#39;url&#39;&nbsp;=&gt;&nbsp;[&#39;site/index&#39;]],\r\n&nbsp;&nbsp;&nbsp;&nbsp;&nbsp;&nbsp;&nbsp;&nbsp;//&nbsp;&#39;Products&#39;&nbsp;menu&nbsp;item&nbsp;will&nbsp;be&nbsp;selected&nbsp;as&nbsp;long&nbsp;as&nbsp;the&nbsp;route&nbsp;is&nbsp;&#39;product/index&#39;\r\n&nbsp;&nbsp;&nbsp;&nbsp;&nbsp;&nbsp;&nbsp;&nbsp;[&#39;label&#39;&nbsp;=&gt;&nbsp;&#39;Products&#39;,&nbsp;&#39;url&#39;&nbsp;=&gt;&nbsp;[&#39;product/index&#39;],&nbsp;&#39;items&#39;&nbsp;=&gt;&nbsp;[\r\n&nbsp;&nbsp;&nbsp;&nbsp;&nbsp;&nbsp;&nbsp;&nbsp;&nbsp;&nbsp;&nbsp;&nbsp;[&#39;label&#39;&nbsp;=&gt;&nbsp;&#39;New&nbsp;Arrivals&#39;,&nbsp;&#39;url&#39;&nbsp;=&gt;&nbsp;[&#39;product/index&#39;,&nbsp;&#39;tag&#39;&nbsp;=&gt;&nbsp;&#39;new&#39;]],\r\n&nbsp;&nbsp;&nbsp;&nbsp;&nbsp;&nbsp;&nbsp;&nbsp;&nbsp;&nbsp;&nbsp;&nbsp;[&#39;label&#39;&nbsp;=&gt;&nbsp;&#39;Most&nbsp;Popular&#39;,&nbsp;&#39;url&#39;&nbsp;=&gt;&nbsp;[&#39;product/index&#39;,&nbsp;&#39;tag&#39;&nbsp;=&gt;&nbsp;&#39;popular&#39;]],\r\n&nbsp;&nbsp;&nbsp;&nbsp;&nbsp;&nbsp;&nbsp;&nbsp;]],\r\n&nbsp;&nbsp;&nbsp;&nbsp;&nbsp;&nbsp;&nbsp;&nbsp;[&#39;label&#39;&nbsp;=&gt;&nbsp;&#39;Login&#39;,&nbsp;&#39;url&#39;&nbsp;=&gt;&nbsp;[&#39;site/login&#39;],&nbsp;&#39;visible&#39;&nbsp;=&gt;&nbsp;Yii::$app-&gt;user-&gt;isGuest],\r\n&nbsp;&nbsp;&nbsp;&nbsp;],\r\n]);</pre><p>&nbsp; &nbsp;</p><p><a name="properties"></a></p><h2></h2><p><br/></p>', '', 29, NULL, 1, 3, '2016-07-01 20:20:41', '', NULL),
(40, '方法详情', '', '<p>$params &nbsp; &nbsp; &nbsp; &nbsp;<span class="detailHeaderTag small">\r\n &nbsp; &nbsp; &nbsp; &nbsp; &nbsp; &nbsp;public &nbsp; &nbsp; &nbsp; &nbsp; &nbsp; &nbsp; &nbsp; &nbsp; &nbsp; &nbsp; &nbsp; &nbsp; &nbsp; &nbsp; &nbsp; &nbsp; &nbsp; &nbsp;property &nbsp; &nbsp; &nbsp; &nbsp; &nbsp; &nbsp; &nbsp; &nbsp; &nbsp; &nbsp;</span>\r\n &nbsp; &nbsp;</p><p><a href="http://www.php.net/language.types.array">array</a> <a href="http://www.yiichina.com/doc/api/2.0/yii-widgets-menu#$params-detail">$params</a> <span style="color: #0000BB"></span><span style="color: #007700">=&nbsp;</span><span style="color: #0000BB">null</span></p><p>The parameters used to determine if a menu item is active or not.\r\nIf not set, it will use <code>$_GET</code>.</p><p>See also:</p><ul class=" list-paddingleft-2"><li><p><a href="http://www.yiichina.com/doc/api/2.0/yii-widgets-menu#$route-detail">$route</a></p></li><li><p><a href="http://www.yiichina.com/doc/api/2.0/yii-widgets-menu#isItemActive%28%29-detail">isItemActive()</a></p></li></ul><p><a href="http://www.yiichina.com/doc/api/2.0/yii-widgets-menu#" class="tool-link" title="go to top"><span class="glyphicon glyphicon-arrow-up"></span></a>\r\n &nbsp; &nbsp; &nbsp; &nbsp;<a class="tool-link hash" href="http://www.yiichina.com/doc/api/2.0/yii-widgets-menu#$route-detail" title="direct link to this method"><span class="glyphicon icon-hash"></span></a>\r\n &nbsp; &nbsp; &nbsp; &nbsp;\r\n &nbsp; &nbsp; &nbsp; &nbsp;$route &nbsp; &nbsp; &nbsp; &nbsp;<span class="detailHeaderTag small">\r\n &nbsp; &nbsp; &nbsp; &nbsp; &nbsp; &nbsp;public &nbsp; &nbsp; &nbsp; &nbsp; &nbsp; &nbsp; &nbsp; &nbsp; &nbsp; &nbsp; &nbsp; &nbsp; &nbsp; &nbsp; &nbsp; &nbsp; &nbsp; &nbsp;property &nbsp; &nbsp; &nbsp; &nbsp; &nbsp; &nbsp; &nbsp; &nbsp; &nbsp; &nbsp;</span>\r\n &nbsp; &nbsp;</p><p><a href="http://www.php.net/language.types.string">string</a> <a href="http://www.yiichina.com/doc/api/2.0/yii-widgets-menu#$route-detail">$route</a> <span style="color: #0000BB"></span><span style="color: #007700">=&nbsp;</span><span style="color: #0000BB">null</span></p><p>The route used to determine if a menu item is active or not.\r\nIf not set, it will use the route of the current request.</p><p>See also:</p><ul class=" list-paddingleft-2"><li><p><a href="http://www.yiichina.com/doc/api/2.0/yii-widgets-menu#$params-detail">$params</a></p></li><li><p><a href="http://www.yiichina.com/doc/api/2.0/yii-widgets-menu#isItemActive%28%29-detail">isItemActive()</a></p></li></ul><p><a href="http://www.yiichina.com/doc/api/2.0/yii-widgets-menu#" class="tool-link" title="go to top"><span class="glyphicon glyphicon-arrow-up"></span></a>\r\n &nbsp; &nbsp; &nbsp; &nbsp;<a class="tool-link hash" href="http://www.yiichina.com/doc/api/2.0/yii-widgets-menu#$submenuTemplate-detail" title="direct link to this method"><span class="glyphicon icon-hash"></span></a>\r\n &nbsp; &nbsp; &nbsp; &nbsp;\r\n &nbsp; &nbsp; &nbsp; &nbsp;$submenuTemplate &nbsp; &nbsp; &nbsp; &nbsp;<span class="detailHeaderTag small">\r\n &nbsp; &nbsp; &nbsp; &nbsp; &nbsp; &nbsp;public &nbsp; &nbsp; &nbsp; &nbsp; &nbsp; &nbsp; &nbsp; &nbsp; &nbsp; &nbsp; &nbsp; &nbsp; &nbsp; &nbsp; &nbsp; &nbsp; &nbsp; &nbsp;property &nbsp; &nbsp; &nbsp; &nbsp; &nbsp; &nbsp; &nbsp; &nbsp; &nbsp; &nbsp;</span>\r\n &nbsp; &nbsp;</p><p><a href="http://www.php.net/language.types.string">string</a> <a href="http://www.yiichina.com/doc/api/2.0/yii-widgets-menu#$submenuTemplate-detail">$submenuTemplate</a> <span style="color: #0000BB"></span><span style="color: #007700">=&nbsp;</span><span style="color: #DD0000">&quot;\\n&lt;ul&gt;\\n{items}\\n&lt;/ul&gt;\\n&quot;</span></p><p>The template used to render a list of sub-menus.\r\nIn this template, the token <code>{items}</code> will be replaced with the renderer sub-menu items.</p><h2>方法详情</h2><p><a href="http://www.yiichina.com/doc/api/2.0/yii-widgets-menu#" class="tool-link" title="go to top"><span class="glyphicon glyphicon-arrow-up"></span></a>\r\n &nbsp; &nbsp; &nbsp; &nbsp;<a class="tool-link hash" href="http://www.yiichina.com/doc/api/2.0/yii-widgets-menu#isItemActive%28%29-detail" title="direct link to this method"><span class="glyphicon icon-hash"></span></a>\r\n &nbsp; &nbsp; &nbsp; &nbsp;\r\n &nbsp; &nbsp; &nbsp; &nbsp;isItemActive() &nbsp; &nbsp; &nbsp; &nbsp;<span class="detail-header-tag small">\r\n &nbsp; &nbsp; &nbsp; &nbsp; &nbsp; &nbsp;protected &nbsp; &nbsp; &nbsp; &nbsp; &nbsp; &nbsp;method &nbsp; &nbsp; &nbsp; &nbsp; &nbsp; &nbsp; &nbsp; &nbsp; &nbsp; &nbsp;</span>\r\n &nbsp; &nbsp;</p><p><strong>Checks whether a menu item is active.</strong></p><p>This is done by checking if <a href="http://www.yiichina.com/doc/api/2.0/yii-widgets-menu#$route-detail">$route</a> and <a href="http://www.yiichina.com/doc/api/2.0/yii-widgets-menu#$params-detail">$params</a> match that specified in the <code>url</code> option of the menu item.\r\nWhen the <code>url</code> option of a menu item is specified in terms of an array, its first element is treated\r\nas the route for the item and the rest of the elements are the associated parameters.\r\nOnly when its route and parameters match <a href="http://www.yiichina.com/doc/api/2.0/yii-widgets-menu#$route-detail">$route</a> and <a href="http://www.yiichina.com/doc/api/2.0/yii-widgets-menu#$params-detail">$params</a>, respectively, will a menu item\r\nbe considered active.</p><table class="detail-table table table-striped table-bordered table-hover"><tbody><tr class="firstRow"><td colspan="3" class="signature"><a href="http://www.php.net/language.types.boolean">boolean</a> <strong><a href="http://www.yiichina.com/doc/api/2.0/yii-widgets-menu#isItemActive%28%29-detail">isItemActive</a></strong><span style="color: #0000BB"></span><span style="color: #007700">(&nbsp;</span><span style="color: #0000BB">$item&nbsp;</span><span style="color: #007700">)</span></td></tr><tr><td class="param-name-col"><span style="color: #0000BB">$item</span></td><td class="param-type-col"><a href="http://www.php.net/language.types.array">array</a></td><td class="param-desc-col"><p>The menu item to be checked</p></td></tr><tr><th class="param-name-col">return</th><td class="param-type-col"><a href="http://www.php.net/language.types.boolean">boolean</a></td><td class="param-desc-col"><p>Whether the menu item is active</p></td></tr></tbody></table><p><a href="http://www.yiichina.com/doc/api/2.0/yii-widgets-menu#" class="tool-link" title="go to top"><span class="glyphicon glyphicon-arrow-up"></span></a>\r\n &nbsp; &nbsp; &nbsp; &nbsp;<a class="tool-link hash" href="http://www.yiichina.com/doc/api/2.0/yii-widgets-menu#normalizeItems%28%29-detail" title="direct link to this method"><span class="glyphicon icon-hash"></span></a>\r\n &nbsp; &nbsp; &nbsp; &nbsp;\r\n &nbsp; &nbsp; &nbsp; &nbsp;normalizeItems() &nbsp; &nbsp; &nbsp; &nbsp;<span class="detail-header-tag small">\r\n &nbsp; &nbsp; &nbsp; &nbsp; &nbsp; &nbsp;protected &nbsp; &nbsp; &nbsp; &nbsp; &nbsp; &nbsp;method &nbsp; &nbsp; &nbsp; &nbsp; &nbsp; &nbsp; &nbsp; &nbsp; &nbsp; &nbsp;&nbsp;</span></p><p><br/></p>', '', 29, NULL, 1, 10, '2016-07-01 20:24:42', '', NULL),
(41, ' 专业解读特斯拉“自动驾驶致死事件”', '2016 年7月的第一天，特斯拉终于搞了个大新闻。', '<p style="TEXT-INDENT: 2em">2016 年7月的第一天，特斯拉终于搞了个大新闻。</p><p style="TEXT-INDENT: 2em">特\r\n斯拉在官网的 Blog 中，公开了第一起因为使用Autopilot 功能致死的交通事故，并把这起事故称为「A Tragic \r\nLoss」。随后，Elon Musk 在推特上转发了这条新闻，引起众多媒体纷纷报道。（注：「Autopilot」是特斯拉自动驾驶系统的名称）</p><p style="text-align:center;"><img alt="专业解读特斯拉“自动驾驶致死事件”" src="http://img1.gtimg.com/auto/pics/hv1/151/191/2092/136081156.jpg"/></p><p style="text-indent: 2em;">在发生这起事故前，特斯拉的 Autopilot 已经累积了超过 2 亿公里的安全行驶<a bosszone="kwCarInfor" class="a-tips-Article-QQ" href="http://data.auto.qq.com/car_serial/249/index.shtml" target="_blank">里程</a>（<a bosszone="kwCanpei" href="http://data.auto.qq.com/car_serial/249/modelscompare.shtml" target="_blank">参配</a>、<a bosszone="kwPic" href="http://data.auto.qq.com/piclib/index.shtml#sid=249%20target=_blank">图片</a>、<a bosszone="kwAsk" href="http://auto.qq.com/buycar/askprice.htm?serial_id=249&type=article_main_body&autobussboss=askprice%7Carticle_price%7C14%7C2586" target="_blank">询价</a>）\r\n。平均而言，美国范围内平均每 1.5 亿公里发生一起致死交通事故。从数字上来看，虽然 Autopilot 比人类驾驶员更安全，但机器致死还是值得我们深思的。</p><p style="TEXT-INDENT: 2em"><strong>还原一场惨烈的事故</strong></p><p style="text-align:center;"><img alt="专业解读特斯拉“自动驾驶致死事件”" src="http://img1.gtimg.com/auto/pics/hv1/235/190/2092/136080985.jpg"/></p><p style="TEXT-INDENT: 2em">这起事故发生在今年5 月7 日中午，目前美国NHTSA 正在调查之中，正式的调查结果还未公布。但根据特斯拉已公布的信息，我们还是能够还原部分事故发生时的情景的。</p><p style="TEXT-INDENT: 2em">发生事故的车主叫做 Joshua Brown，当时开着一辆Model S 行驶在佛罗里达州的Williston。特斯拉曾明确提出，事故发生的时候车主开启了Autopilot 功能。下面这张图是事故发生地的Google街景图。</p><p style="text-align:center;"><img alt="专业解读特斯拉“自动驾驶致死事件”" src="http://img1.gtimg.com/auto/pics/hv1/243/190/2092/136080993.jpg"/></p><p style="TEXT-INDENT: 2em">当时路口处有一辆卡车（官方的措辞是「tractor trailer」，即货柜+车头的结构），这辆卡车正在横穿马路。此时Model S 正行驶在车道线内，处于自动驾驶状态，并和卡车呈接近垂直的方向。</p><p style="TEXT-INDENT: 2em">由于特斯拉的Autopilot 系统判断错误，车在毫无减速的情况下钻进了货柜下方。根据卡车司机的描述，事故发生后，Model S 车里还在播放着「哈利波特」。（下图仅为 tractor trailer 车型示意图，并非事故车）</p><p style="text-align:center;"><img alt="专业解读特斯拉“自动驾驶致死事件”" src="http://img1.gtimg.com/auto/pics/hv1/250/190/2092/136081000.jpg"/></p><p style="TEXT-INDENT: 2em">虽然没有现场事故照片，但我们也能脑补一下：一辆轿车钻进了货柜下方，脆弱的 A 柱瞬间断裂，车顶被削，车主当场死亡。在这场事故中，几个关键因素造成了这起事故，是偶然也是必然。</p><p style="TEXT-INDENT: 2em">首先，这次卡车是横置的，摄像头很难从侧面识别一辆正在缓慢移动的卡车。另外，当天的佛罗里达州的<a bosszone="kwCarInfor" class="a-tips-Article-QQ" href="http://data.auto.qq.com/car_serial/81/index.shtml" target="_blank">阳光</a>（<a bosszone="kwCanpei" href="http://data.auto.qq.com/car_serial/81/modelscompare.shtml" target="_blank">参配</a>、<a bosszone="kwPic" href="http://data.auto.qq.com/piclib/index.shtml#sid=81%20target=_blank">图片</a>、<a bosszone="kwAsk" href="http://auto.qq.com/buycar/askprice.htm?serial_id=81&type=article_main_body&autobussboss=askprice%7Carticle_price%7C14%7C2586" target="_blank">询价</a>）\r\n很强，卡车本身也有反光，可能导致Model S不能识别出卡车和天空。其次，卡车底盘很高，并且和Model S 处于互相垂直的位置。Elon Musk 说在这种情况下，车会以为是在通过安装在头顶的路牌，不会自动刹停。</p><p style="TEXT-INDENT: 2em">无独有偶，在今年3月份的时候，一位车主在使用「召唤」功能时，车自己追尾了一辆大货车，撞坏了前挡风玻璃但没有人受伤。到底是谁的责任，还得扯皮一段时间。这么看来，特斯拉的Autopilot 确实对各种各样的卡车不太感冒，所以提醒广大车主务必注意安全…</p><p style="text-align:center;"><img alt="专业解读特斯拉“自动驾驶致死事件”" src="http://img1.gtimg.com/auto/pics/hv1/26/191/2092/136081031.jpg"/></p><p style="TEXT-INDENT: 2em"><strong>圈里人都怎么看？</strong></p><p style="TEXT-INDENT: 2em">关于特斯拉的这起事故，我和自动驾驶行业内的很多专家聊了聊，专业人士的观点很值得你一看。（部分人不方便透露公司和姓名，请谅解）</p><p style="TEXT-INDENT: 2em"><strong>车和家 CEO、汽车之家创始人李想：</strong></p><p style="TEXT-INDENT: 2em">（这段话取自他的微博，他本人也是资深特斯拉车主）</p><p style="TEXT-INDENT: 2em">如果有激光雷达就可以避免了，摄像头为主的ADAS 方案做自动驾驶还是有一定的缺陷，就是光线所造成的影响，包括更精准的距离判断，哪怕万分之一次的误判都是关乎生死的风险。</p><p style="TEXT-INDENT: 2em">目前还只能解放手和脚，不能解放眼，车主们要正确使用，在Tesla 上睡觉这种事情就别宣传了。</p><p style="TEXT-INDENT: 2em"><strong><a bosszone="kwCarInfor" class="a-tips-Article-QQ" href="http://data.auto.qq.com/car_serial/338/index.shtml" target="_blank">MINI</a>（<a bosszone="kwCanpei" href="http://data.auto.qq.com/car_serial/338/modelscompare.shtml" target="_blank">参配</a>、<a bosszone="kwPic" href="http://data.auto.qq.com/piclib/index.shtml#sid=338%20target=_blank">图片</a>、<a bosszone="kwAsk" href="http://auto.qq.com/buycar/askprice.htm?serial_id=338&type=article_main_body&autobussboss=askprice%7Carticle_price%7C14%7C2586" target="_blank">询价</a>）\r\nEYE CEO 刘国清：</strong></p><p style="TEXT-INDENT: 2em">这起事故可能是由以下的一个，或者几个「BUG」一起导致了这起悲剧：</p><p style="TEXT-INDENT: 2em">1. 为了更好的控制（「正常」工况下的）误检率和模型复杂度，Tesla 使用的前向视觉感知系统（Mobileye 提供）只能识别前车尾部，而不支持侧面车识别（注意，当时前方的挂车正处于转向状态，所以是侧面车身对着 Tesla），于是导致视觉感知失效；</p><p style="TEXT-INDENT: 2em">2. 一般情况下，即便camera 没有捕捉到，但radar 也能够探测到前方障碍物的存在，但事故中挂车的底盘相对太高，同时 Tesla 上 radar 的安装位置又相对低，这种错位有可能导致 radar 对挂车的感知失败；</p><p style="TEXT-INDENT: 2em">3. 当然，还有一种可能性，事发时的特殊场景触发了sensor fusion 机制中某种隐藏 bug。</p><p style="TEXT-INDENT: 2em">关\r\n于特斯拉的Autopilot，现在的过度宣传和广告都在告诉消费者这项技术有多智能，给大家造成这汽车已经可以自主驾驶的印象——但现在汽车行业大部分\r\n还处于 1 到 2 级，也就是需要人为干预，技术只能作为辅助。即便如 Tesla 这样的公司，离完全实现无人驾驶也还有一段距离。</p><p style="TEXT-INDENT: 2em">在\r\n未来，驾驶无人化是必然的，只是比我们想象的要更慢。坦白说，我认为要实现完全的自动化驾驶一定会花超过 10 \r\n年的时间，甚至更久。因为这是一个异常庞大且复杂的系统，由很多个协同工作的子模块构成，而遗憾的是，其中相当一部分模块离成熟都还有不小的距离。在通往\r\n无人驾驶的道路，需要更多像 Mobileye 一样的公司，持久、专注的在自己的技术领域坚持。</p><p style="TEXT-INDENT: 2em"><strong>奇点汽车CEO 沈海寅：</strong></p><p style="TEXT-INDENT: 2em">此\r\n次特斯拉事故背后，对于自动驾驶汽车, \r\n舆论争议最多的一点，可能就是一旦这类车辆出现了交通安全事故，应该如何界定和划分责任，而在遇到道德层面暧昧不清时，我们也主张遵守法律为主。但在复杂\r\n的城市道路环境中，自动驾驶汽车因交通事故所带来的责任问题尚没有明确立法，自动驾驶汽车行驶规范与法律法规还基本上是空白，这是影响自动驾驶商业化最重\r\n要因素之一。</p><p style="TEXT-INDENT: 2em">其实，自动驾驶汽车完全可以在不违规的情况下，机智地做出很多安全的决\r\n策，而做到这点，就离不开与人工智能技术的深入结合。这里我们可以举一下 AlphaGo 例子，TA \r\n突破了传统程序，搭建了两套模仿人类思维的深度卷积神经网络：value networks 承担棋局态势评估， police networks \r\n选择如何落子。向人类棋手学习， 从海量样本的胜局和败局中学，并自动提取规则，进行推理。</p><p style="TEXT-INDENT: 2em">而自动驾驶让车辆做出合理判断的关键也同样在 AI 技术，智能系统是否可以利用人工智能技术让驾驶认知的形式化、并通过数据积累不断学习驾驶技能，最终替代驾驶员的感知、认知和行为。</p><p style="TEXT-INDENT: 2em"><strong>拿森电子CEO/CTO 陶喆：</strong></p><p style="TEXT-INDENT: 2em">这次事故不是三言两语就能够解释的，但「安全件」的开发，要符合相应的安全开发流程、安全标准。</p><p style="TEXT-INDENT: 2em">安全件的开发最主要的不是功能的实现，而是实现产品的安全性和可靠性。在这方面，其实传统车企都是 follow 自己的设计规范、标准。在这一点上，特斯拉以及那些互联网造车公司还是很缺乏积累的。</p><p style="TEXT-INDENT: 2em">这次事故，也是对新成立的主机厂、互联网造车团队的一次警示。传统车企在过去 130 多年积累的经验和知识，是他们最大的优势，传统车企的优势则是新兴车企的劣势。</p><p style="TEXT-INDENT: 2em">另外，产品的安全性和可靠性应该是新兴主机厂花大量时间精雕细琢的。</p><p style="TEXT-INDENT: 2em"><strong>某供应商辅助驾驶系统专家：</strong></p><p style="TEXT-INDENT: 2em">个人感觉这个是正常现象，首先驾驶员需要负主要责任，应该是驾驶员没有注意工况，而且 Tesla 只是减轻驾驶员驾驶负担而不是「托管」。</p><p style="TEXT-INDENT: 2em">这\r\n里需要深究的问题是：Tesla \r\n如何对驾驶员的「行为」进行监控，除了手部之外是否还需要更多的监控，比如监控驾驶员的脸部，驾驶员是否睡觉，是否观看视频等。另外需要关注的就是驾驶员\r\n如果长时间未对车辆进行任何操作，在事故发生之前特斯拉是否有提醒驾驶员，以及系统退出机制是什么样的。</p><p style="TEXT-INDENT: 2em">个人觉得，如果 Tesla 自身系统有一些限制的话（这个肯定存在，毕竟没有 LiDAR 以及 V2X），那么当 Autopilot 系统无法应对该工况，必须要对驾驶员进行视觉、听觉或者是触觉的提醒，自己的系统在提醒之后也应该退出。</p><p style="TEXT-INDENT: 2em">针对本次事故，对于毫米波雷达来说，缓慢移动的物体反射面复杂，反射点多；对于摄像头来说，因为这次卡车是横置的，而尾灯是判断车辆很重要的特征属性，所以有可能没有识别到，横向移动的卡车一般摄像头是不识别的。</p><p style="TEXT-INDENT: 2em"><strong>中国工程院院士李德毅：</strong></p><p style="TEXT-INDENT: 2em">关于自动驾驶的安全性，李德毅院士今天在北京理工大学的一个讲座上也发表了自己的看法：</p><p style="TEXT-INDENT: 2em">「因为驾驶活动充满不确定性，启用自动驾驶的窗口条件不能保证启用后仍然满足，窗口条件太脆弱，容易被打碎，随时要求驾驶员接管。自动驾驶表面上释放了人的手脚，但没有人的注意力，本质上是辅助不是自动，仍然是驾驶员担责。」</p><p style="TEXT-INDENT: 2em">看\r\n了上面的这些说法，你就会发现起码在业内，大家还是主张驾驶员应该对车辆负责。目前来说，特斯拉虽然声称自己的 Autopilot \r\n系统处于「Public beta phase（公开测试期）」，多次强调驾驶员双手要放在方向盘上，但是很多狂热的科技爱好者，依然选择过于相信机器。</p><p style="TEXT-INDENT: 2em">这\r\n次发生事故的 Joshua Brown 就是其中之一，他非常喜欢特斯拉的 Autopilot 功能。在他的 YouTube \r\n主页上，有很多关于火箭、波士顿动力机器人以及特斯拉的视频，其中就有他用行车记录仪拍摄到的 Autopilot \r\n如何工作，避免车祸的视频。但是，这一次 Autopilot 没能拯救他的性命。</p><p style="TEXT-INDENT: 2em">无论如何，机器毕竟是冰冷的，还是人在操纵，人类必须学会如何「正确」操纵这些机器。</p><p style="TEXT-INDENT: 2em">[文章来源：极客汽车]&nbsp;</p><p><br/></p>', '', 14, NULL, 1, 10, '2016-07-02 04:53:45', '/images/upload/20160704/1467635126433375.jpg', NULL),
(42, '简介', '', '<p>著作权归作者所有。商业转载请联系作者获得授权，非商业转载请注明出处。<br/><br/></p><p>Number 3:</p><p><img class="loadingclass" id="loading_iqa8wxfr" src="http://www.gwx.com/assets/74e05239/themes/default/images/spacer.gif" title="正在上传..."/></p><p>PI 的集群，由父子两人实现，来源：<a href="//link.zhihu.com/?target=http%3A//www.tomshardware.com/news/Raspberry-Pi-Supercomputer-Legos-Linux%2C17596.html" class=" external" target="_blank" rel="nofollow noreferrer"><span class="invisible">http://www.</span><span class="visible">tomshardware.com/news/R</span><span class="invisible">aspberry-Pi-Supercomputer-Legos-Linux,17596.html</span><span class="ellipsis"></span><em class="icon-external"></em></a><br/><br/>其他的见 @Jason 的回答：<a href="http://www.zhihu.com/question/20697024/answer/15888489" class="internal"><span class="invisible">http://www.</span><span class="visible">zhihu.com/question/2069</span><span class="invisible">7024/answer/15888489</span><span class="ellipsis"></span></a><br/><br/>还有很多，待补充，<br/><br/>PS: 前几天给知乎做了个远程开门的 DoorBot，源自这个：<a href="//link.zhihu.com/?target=http%3A//www.douban.com/note/253152562/" class=" external" target="_blank" rel="nofollow noreferrer"><span class="invisible">http://www.</span><span class="visible">douban.com/note/2531525</span><span class="invisible">62/</span><span class="ellipsis"></span><em class="icon-external"></em></a></p><p><br/></p>', '', 28, NULL, 1, 10, '2016-07-06 02:04:55', '/images/upload/20160706/1467770946104909.jpg', NULL),
(43, '研究领域', '', '<p>作者：phodal<br/>链接：https://www.zhihu.com/question/20697024/answer/109176841<br/>来源：知乎<br/>著作权归作者所有。商业转载请联系作者获得授权，非商业转载请注明出处。<br/><br/></p><p>由于在维护 《<a href="//link.zhihu.com/?target=https%3A//github.com/phodal/awesome-iot" class=" wrap external" target="_blank" rel="nofollow noreferrer">GitHub - phodal/awesome-iot: Awesome IoT. A collaborative list of great resources about IoT Framework, Library, &nbsp;OS, Platform<em class="icon-external"></em></a>》及与编写 《<a href="//link.zhihu.com/?target=http%3A//www.infoq.com/cn/adf" class=" wrap external" target="_blank" rel="nofollow noreferrer">物联网技术周报<em class="icon-external"></em></a>》的缘故，长期收藏各种有意思的物联网、硬件项目。<br/><br/>不过，我只想推荐一个很有趣的项目：<strong>魔镜，</strong>GitHub地址：<a href="//link.zhihu.com/?target=https%3A//github.com/MicrosoftEdge/magic-mirror-demo" class=" external" target="_blank" rel="nofollow noreferrer"><span class="invisible">https://</span><span class="visible">github.com/MicrosoftEdg</span><span class="invisible">e/magic-mirror-demo</span><span class="ellipsis"></span><em class="icon-external"></em></a><br/><br/><noscript>&amp;amp;lt;img src=&amp;amp;quot;https://pic4.zhimg.com/f74a61bc1036d6b1e12ed37a72ac0f0f_b.jpg&amp;amp;quot; data-rawwidth=&amp;amp;quot;1920&amp;amp;quot; data-rawheight=&amp;amp;quot;1080&amp;amp;quot; class=&amp;amp;quot;origin_image zh-lightbox-thumb&amp;amp;quot; width=&amp;amp;quot;1920&amp;amp;quot; data-original=&amp;amp;quot;https://pic4.zhimg.com/f74a61bc1036d6b1e12ed37a72ac0f0f_r.jpg&amp;amp;quot;&amp;amp;gt;</noscript><img data-lazyloaded="" style="width: 584px; height: 328.5px; display: block;" src="https://pic4.zhimg.com/f74a61bc1036d6b1e12ed37a72ac0f0f_b.jpg" data-rawwidth="1920" data-rawheight="1080" class="origin_image zh-lightbox-thumb lazy" data-original="https://pic4.zhimg.com/f74a61bc1036d6b1e12ed37a72ac0f0f_r.jpg" data-actualsrc="https://pic4.zhimg.com/f74a61bc1036d6b1e12ed37a72ac0f0f_b.jpg" width="1920"/><br/>制作过程见：<a href="//link.zhihu.com/?target=https%3A//github.com/MicrosoftEdge/magic-mirror-demo/blob/master/.github/ASSEMBLY.md" class=" wrap external" target="_blank" rel="nofollow noreferrer">magic-mirror-demo/ASSEMBLY.md at master · MicrosoftEdge/magic-mirror-demo · GitHub<em class="icon-external"></em></a><br/><br/>大致如下，把Raspberry Pi和你的显示器放到一起<br/><br/><noscript>&amp;amp;lt;img src=&amp;amp;quot;https://pic2.zhimg.com/431c05e7f0e3764bc5183bf5bdcd5201_b.jpg&amp;amp;quot; data-rawwidth=&amp;amp;quot;3264&amp;amp;quot; data-rawheight=&amp;amp;quot;2448&amp;amp;quot; class=&amp;amp;quot;origin_image zh-lightbox-thumb&amp;amp;quot; width=&amp;amp;quot;3264&amp;amp;quot; data-original=&amp;amp;quot;https://pic2.zhimg.com/431c05e7f0e3764bc5183bf5bdcd5201_r.jpg&amp;amp;quot;&amp;amp;gt;</noscript><img data-lazyloaded="" style="width: 584px; height: 438px; display: block;" src="https://pic2.zhimg.com/431c05e7f0e3764bc5183bf5bdcd5201_b.jpg" data-rawwidth="3264" data-rawheight="2448" class="origin_image zh-lightbox-thumb lazy" data-original="https://pic2.zhimg.com/431c05e7f0e3764bc5183bf5bdcd5201_r.jpg" data-actualsrc="https://pic2.zhimg.com/431c05e7f0e3764bc5183bf5bdcd5201_b.jpg" width="3264"/><br/><br/>和镜子一起装到盒子里<br/><br/><noscript>&amp;amp;lt;img src=&amp;amp;quot;https://pic1.zhimg.com/8293ec4b28e77bd5c701feac706a8768_b.jpg&amp;amp;quot; data-rawwidth=&amp;amp;quot;995&amp;amp;quot; data-rawheight=&amp;amp;quot;859&amp;amp;quot; class=&amp;amp;quot;origin_image zh-lightbox-thumb&amp;amp;quot; width=&amp;amp;quot;995&amp;amp;quot; data-original=&amp;amp;quot;https://pic1.zhimg.com/8293ec4b28e77bd5c701feac706a8768_r.jpg&amp;amp;quot;&amp;amp;gt;</noscript><img data-lazyloaded="" style="width: 584px; height: 504.177px; display: block;" src="https://pic1.zhimg.com/8293ec4b28e77bd5c701feac706a8768_b.jpg" data-rawwidth="995" data-rawheight="859" class="origin_image zh-lightbox-thumb lazy" data-original="https://pic1.zhimg.com/8293ec4b28e77bd5c701feac706a8768_r.jpg" data-actualsrc="https://pic1.zhimg.com/8293ec4b28e77bd5c701feac706a8768_b.jpg" width="995"/><br/>再装上一个摄像头<br/><br/><noscript>&amp;amp;lt;img src=&amp;amp;quot;https://pic1.zhimg.com/e90bc63c7176041cf65aae7bf3f8d6a0_b.jpg&amp;amp;quot; data-rawwidth=&amp;amp;quot;640&amp;amp;quot; data-rawheight=&amp;amp;quot;480&amp;amp;quot; class=&amp;amp;quot;origin_image zh-lightbox-thumb&amp;amp;quot; width=&amp;amp;quot;640&amp;amp;quot; data-original=&amp;amp;quot;https://pic1.zhimg.com/e90bc63c7176041cf65aae7bf3f8d6a0_r.jpg&amp;amp;quot;&amp;amp;gt;</noscript><img data-lazyloaded="" style="width: 584px; height: 438px; display: block;" src="https://pic1.zhimg.com/e90bc63c7176041cf65aae7bf3f8d6a0_b.jpg" data-rawwidth="640" data-rawheight="480" class="origin_image zh-lightbox-thumb lazy" data-original="https://pic1.zhimg.com/e90bc63c7176041cf65aae7bf3f8d6a0_r.jpg" data-actualsrc="https://pic1.zhimg.com/e90bc63c7176041cf65aae7bf3f8d6a0_b.jpg" width="640"/><br/>然后上代码就好了<br/><br/><noscript>&amp;amp;lt;img src=&amp;amp;quot;https://pic4.zhimg.com/99353c9c4b47989f9e6dc027d2faebf7_b.png&amp;amp;quot; data-rawwidth=&amp;amp;quot;450&amp;amp;quot; data-rawheight=&amp;amp;quot;800&amp;amp;quot; class=&amp;amp;quot;origin_image zh-lightbox-thumb&amp;amp;quot; width=&amp;amp;quot;450&amp;amp;quot; data-original=&amp;amp;quot;https://pic4.zhimg.com/99353c9c4b47989f9e6dc027d2faebf7_r.png&amp;amp;quot;&amp;amp;gt;</noscript><img data-lazyloaded="" style="width: 450px; height: 800px; display: block;" src="https://pic4.zhimg.com/99353c9c4b47989f9e6dc027d2faebf7_b.png" data-rawwidth="450" data-rawheight="800" class="origin_image zh-lightbox-thumb lazy" data-original="https://pic4.zhimg.com/99353c9c4b47989f9e6dc027d2faebf7_r.png" data-actualsrc="https://pic4.zhimg.com/99353c9c4b47989f9e6dc027d2faebf7_b.png" width="450"/><br/><br/>虽然目前的效果只是这样的：<br/><br/><noscript>&amp;amp;lt;img src=&amp;amp;quot;https://pic2.zhimg.com/e0bd8827d32018569839bedffaa11001_b.jpg&amp;amp;quot; data-rawwidth=&amp;amp;quot;1024&amp;amp;quot; data-rawheight=&amp;amp;quot;853&amp;amp;quot; class=&amp;amp;quot;origin_image zh-lightbox-thumb&amp;amp;quot; width=&amp;amp;quot;1024&amp;amp;quot; data-original=&amp;amp;quot;https://pic2.zhimg.com/e0bd8827d32018569839bedffaa11001_r.jpg&amp;amp;quot;&amp;amp;gt;</noscript><img data-lazyloaded="" style="width: 584px; height: 486.477px; display: block;" src="https://pic2.zhimg.com/e0bd8827d32018569839bedffaa11001_b.jpg" data-rawwidth="1024" data-rawheight="853" class="origin_image zh-lightbox-thumb lazy" data-original="https://pic2.zhimg.com/e0bd8827d32018569839bedffaa11001_r.jpg" data-actualsrc="https://pic2.zhimg.com/e0bd8827d32018569839bedffaa11001_b.jpg" width="1024"/><br/>要知道UWP应用是可以用Cortana语音识别的，所以你可以做一个送给你的女性朋友。</p><p><br/></p>', '', 28, NULL, 1, 10, '2016-07-06 02:11:05', '', NULL);
INSERT INTO `document` (`id`, `title`, `breviary`, `content`, `author`, `cate`, `view`, `status`, `level`, `create_at`, `pic`, `create_by`) VALUES
(44, '2014-2015年度信息安全国家重点实验室研究生奖学金申请指南', '为激励全国信息安全领域的研究生积极进取、勇于创新，促进人才成长，培养德才兼备的高素质创新型人才，信息安全国家重点实验室（以下简称实验室）面向全国高等学校、科研院所和其它相', '<table width="86%" cellpadding="0" cellspacing="0"><tbody><tr class="firstRow"><td style=";font-family: Arial;font-size: 14px;color: rgb(66, 66, 66);line-height: 26px"><p style=";border: none;text-indent: 29px"><span style=";font-family: 仿宋_GB2312;font-size: 16px"><span style=";font-family: 宋体, Arial;font-size: 12px"><span style=";font-size: 16px">为<span style=";font-size: 16px;color: black">激励全国信息安全领域的研究生积极进取、勇于创新，</span>促进人才成长，<span style=";font-size: 16px;color: black">培养德才兼备的高素质创新型人才，信息安全国家重点实验室（以下简称实验室）面向全国高等学校、科研院所和其它相关机构的研究生设立奖学金。</span></span></span></span></p><p style="margin: 16px 0 0;border: none"><strong style=";padding: 0px;border: none"><span style=";font-family: 仿宋_GB2312;font-size: 16px;color: black"><span style=";font-family: 宋体, Arial;font-size: 12px;color: rgb(51, 51, 51)"><span style=";font-size: 16px">一、基本条件：</span></span></span></strong></p><p style=";border: none;text-indent: 29px"><span style=""><span style=";font-size: 16px"><span style=";font-family: 仿宋_GB2312;font-size: 16px;color: black">1.&nbsp;</span><span style=";font-family: 仿宋_GB2312;font-size: 16px;color: black">全国高等学校、科研院所和其它相关机构按照国家招生计划录取的、接受研究生学历教育的全日制在学研究生；</span></span></span></p><p style=";border: none;text-indent: 29px"><span style=""><span style=";font-size: 16px"><span style=";font-family: 仿宋_GB2312;font-size: 16px;color: black">2.&nbsp;</span><span style=";font-family: 仿宋_GB2312;font-size: 16px;color: black">热爱祖国，遵纪守法，品行端正，诚实守信，乐于奉献；</span></span></span></p><p style=";border: none;text-indent: 29px"><span style=""><span style=";font-size: 16px"><span style=";font-family: 仿宋_GB2312;font-size: 16px;color: black">3.&nbsp;</span><span style=";font-family: 仿宋_GB2312;font-size: 16px;color: black">对密码学及相关领域的研究工作有浓厚兴趣，在学习和研究中取得优秀成绩；</span></span></span></p><p style=";border: none;text-indent: 29px"><span style=""><span style=";font-size: 16px"><span style=";font-family: 仿宋_GB2312;font-size: 16px;color: black">4.&nbsp;</span><span style=";font-family: 仿宋_GB2312;font-size: 16px;color: black">勇于创新，科研能力显著，发展潜力突出；</span></span></span></p><p style=";border: none;text-indent: 29px"><span style=""><span style=";font-size: 16px"><span style=";font-family: 仿宋_GB2312;font-size: 16px;color: black">5.&nbsp;</span><span style=";font-family: 仿宋_GB2312;font-size: 16px;color: black">在学期间未受过纪律处分。</span></span></span></p><p style="margin: 16px 0 0;border: none"><strong style=";padding: 0px;border: none"><span style=";font-family: 仿宋_GB2312;font-size: 16px;color: black"><span style=";font-family: 宋体, Arial;font-size: 12px;color: rgb(51, 51, 51)"><span style=";font-size: 16px">二、资助领域：</span></span></span></strong></p><p style=";border: none;text-indent: 29px"><span style=""><span style=";font-size: 16px"><span style=";font-family: 仿宋_GB2312;font-size: 16px;color: black">1.&nbsp;</span><span style=";font-family: 仿宋_GB2312;font-size: 16px;color: black">密码学相关数学理论与方法；</span></span></span></p><p style=";border: none;text-indent: 29px"><span style=""><span style=";font-size: 16px"><span style=";font-family: 仿宋_GB2312;font-size: 16px;color: black">2.&nbsp;</span><span style=";font-family: 仿宋_GB2312;font-size: 16px;color: black">密码理论与算法；</span></span></span></p><p style=";border: none;text-indent: 29px"><span style=""><span style=";font-size: 16px"><span style=";font-family: 仿宋_GB2312;font-size: 16px;color: black">3.&nbsp;</span><span style=";font-family: 仿宋_GB2312;font-size: 16px;color: black">密码算法检测评估方法与实现技术；</span></span></span></p><p style=";border: none;text-indent: 29px"><span style=""><span style=";font-size: 16px"><span style=";font-family: 仿宋_GB2312;font-size: 16px;color: black">4.&nbsp;</span><span style=";font-family: 仿宋_GB2312;font-size: 16px;color: black">新型密码理论与技术。<strong style=";font-family: 宋体, Arial;font-size: 16px;color: rgb(51, 51, 51);padding: 0px;border: none"></strong></span></span></span></p><p style="margin: 16px 0 0;border: none"><strong style=";padding: 0px;border: none"><span style=";font-family: 仿宋_GB2312;font-size: 16px;color: black"><span style=";font-family: 宋体, Arial;font-size: 12px;color: rgb(51, 51, 51)"><span style=";font-size: 16px">三、奖励标准及名额：</span></span></span></strong></p><p style=";border: none;text-indent: 29px"><span style=";font-family: 仿宋_GB2312;font-size: 16px;color: black"><span style=";font-family: 宋体, Arial;font-size: 12px;color: rgb(51, 51, 51)"><span style=";font-size: 16px">奖学金奖励标准为博士生每人每月<span style=";font-size: 16px">2000</span>元，硕士生每人每月<span style=";font-size: 16px">1000</span>元。奖学金按月发放，最长发放期限为一年，学生毕业、休学或退学自动终止。<span style=";font-size: 16px">2014-2015</span>年度拟奖励博士研究生<span style=";font-size: 16px">10</span>名，硕士研究生<span style=";font-size: 16px">10</span>名，并由信息安全国家重点实验室统一颁发荣誉证书。</span></span></span></p><p style="margin: 16px 0 0;border: none"><strong style=";padding: 0px;border: none"><span style=";font-family: 仿宋_GB2312;font-size: 16px;color: black"><span style=";font-family: 宋体, Arial;font-size: 12px;color: rgb(51, 51, 51)"><span style=";font-size: 16px">四、申报方式：</span></span></span></strong></p><p style=";border: none;text-indent: 29px"><span style=";font-family: 仿宋_GB2312;font-size: 16px;color: black"><span style=";font-family: 宋体, Arial;font-size: 12px;color: rgb(51, 51, 51)"><span style=";font-size: 16px">申请受理的截止日期为<span style=";font-size: 16px">2015</span>年<span style=";font-size: 16px">1</span>月<span style=";font-size: 16px">7</span>日。申请人必须按规定填写《信息安全国家重点实验室研究生奖学金申请表》，并提供两名具有高级职称的同行专家推荐意见（其中一名须为申请者当前的指导教师），纸质版一式<span style=";font-size: 16px">2</span>份，及相关证明材料复印件<span style=";font-size: 16px">1</span>份，于截止日期之前，邮寄到下面的通讯地址。电子版及附属材料发送至<span style=";font-size: 16px">sklois@iie.ac.cn&nbsp;</span>。证明材料包括：成绩单、获奖证书、论文首页、专利证书等。</span></span></span></p><p style=";border: none;text-indent: 29px"><span style=";font-family: 仿宋_GB2312;font-size: 16px;color: black"><span style=";font-size: 16px">&nbsp;</span></span></p><p style=";border: none"><span style=";font-family: 仿宋_GB2312;font-size: 16px;color: black"><span style=";font-family: 宋体, Arial;font-size: 12px;color: rgb(51, 51, 51)"><span style=";font-size: 16px">联系人：刘峰、耿娇娇　　　　联系电话：<span style=";font-size: 16px">010-82546611</span></span></span></span></p><p style=";border: none"><span style=";font-family: 仿宋_GB2312;font-size: 16px;color: black"><span style=";font-family: 宋体, Arial;font-size: 12px;color: rgb(51, 51, 51)"><span style=";font-size: 16px">邮箱<span style=";font-size: 16px">:liufeng@iie.ac.cn,<span style=";font-size: 16px">&nbsp;&nbsp;</span>gengjiaojiao@iie.ac.cn</span></span></span></span></p><p style=";border: none"><span style=";font-family: 仿宋_GB2312;font-size: 16px;color: black"><span style=";font-family: 宋体, Arial;font-size: 12px;color: rgb(51, 51, 51)"><span style=";font-size: 16px">通讯地址：北京市海淀区闵庄路甲<span style=";font-size: 16px">89</span>号<span style=";font-size: 16px">,</span>中国科学院信息工程研究所<span style=";font-size: 16px">,</span>信息安全国家重点实验室</span></span></span></p><p style=";border: none;text-align: right;text-indent: 29px"><span style=";font-family: 仿宋_GB2312;font-size: 16px;color: black"><span style=";font-family: 宋体, Arial;font-size: 12px;color: rgb(51, 51, 51)"><span style=";font-size: 16px">信息安全国家重点实验室</span></span></span></p><p style=";border: none;text-align: right;text-indent: 29px"><span style=""><span style=";font-size: 16px"><span style=";font-family: 仿宋_GB2312;font-size: 16px;color: black">2014</span><span style=";font-family: 仿宋_GB2312;font-size: 16px;color: black">年<span style=";font-family: 宋体, Arial;font-size: 16px;color: rgb(51, 51, 51)">12</span>月<span style=";font-family: 宋体, Arial;font-size: 16px;color: rgb(51, 51, 51)">10</span>日</span></span></span></p></td></tr><tr><td id="kongge">附件下载：2014-2015学年信息安全国家重点实验室研究生奖学金申请指南.pdf信息安全国家重点实验室研究生奖学金管理办法（暂行）.pdf附件1：信息安全国家重点实验室研究生奖学金申请表.docx</td></tr></tbody></table><p><br/></p>', '信息安全国家重点实验室', 31, NULL, 1, 10, '2016-07-15 04:59:19', '/images/upload/20160715/1468558756510277.jpg', NULL),
(45, '【创新讲座】游戏改变世界', '讲座时间：2016-06-21  14:00-15:30 讲座嘉宾：马淑琴', '<table id="table1" width="645" cellpadding="0" cellspacing="0"><tbody><tr class="firstRow"><td height="35"><strong>讲座时间：</strong>2016-06-21&nbsp; 14:00-15:30</td>\r\n		</tr>\r\n		<tr>\r\n			<td height="35"><strong>讲座地点：</strong>犀浦校区5331</td>\r\n		</tr>\r\n		<tr>\r\n			<td height="35"><strong>讲座嘉宾</strong>：马淑琴</td>\r\n		</tr>\r\n		<tr>\r\n			<td height="30"><strong>嘉宾简介：</strong></td>\r\n		</tr>\r\n		<tr>\r\n			<td style="line-height: 170%;word-break:break-all;" height="60">\r\n			心理中心教师。副教授			</td>\r\n		</tr>\r\n		<tr>\r\n			<td height="30"><strong>讲座内容：</strong></td>\r\n		</tr>\r\n		<tr>\r\n			<td style="line-height: 170%;word-break:break-all;" height="60">游戏，前所未有的占据和改变了我们的生活，它是如何击中了人类幸福的核心，提供现实世界中匮乏的奖励、挑战和宏大胜利的？游戏可以弥补现实世界的不足和缺陷，游戏化可以让现实变得更美好，并用大量实践告诉我们该如何驾驭游戏的力量，解决现实问题，并提升幸福感。</td></tr></tbody></table><p><br/></p>', '教务处', 31, NULL, 1, 10, '2016-07-15 05:25:18', '/images/upload/20160715/1468560316341904.jpg', NULL),
(46, '【创新讲座】微波电路中的仿生学', '讲座时间：2016-06-01  讲座嘉宾：陈凯亚 副教授', '<table id="table1" width="645" cellpadding="0" cellspacing="0"><tbody><tr class="firstRow"><td height="35"><strong>讲座时间：</strong>2016-06-01&nbsp; 晚上19:30</td>\r\n		</tr>\r\n		<tr>\r\n			<td height="35"><strong>讲座地点：</strong>X2324</td>\r\n		</tr>\r\n		<tr>\r\n			<td height="35"><strong>讲座嘉宾</strong>：陈凯亚 副教授</td>\r\n		</tr>\r\n		<tr>\r\n			<td height="30"><strong>嘉宾简介：</strong></td>\r\n		</tr>\r\n		<tr>\r\n			<td style="line-height: 170%;word-break:break-all;" height="60"><br/></td>\r\n		</tr>\r\n		<tr>\r\n			<td height="30"><strong>讲座内容：</strong></td>\r\n		</tr>\r\n		<tr>\r\n			<td style="line-height: 170%;word-break:break-all;" height="60">&nbsp;抽象的电磁场与微波技术与五彩斑斓的蝴蝶、银杏叶之间，好像八杆子打不着，其实它们之间存在着独特的联系，通过这个讲座，我们一起来了解这些有趣的联系吧。</td></tr></tbody></table><p><br/></p>', '', 31, NULL, 1, 10, '2016-07-15 05:27:11', '/images/upload/20160715/1468560430949004.jpg', NULL),
(47, '《上好信息技术环境下一堂课》专题讲座', '讲座时间：2016-05-26  讲座嘉宾：傅钢善', '<table id="table1" width="645" cellpadding="0" cellspacing="0"><tbody><tr class="firstRow"><td height="35"><strong>讲座时间：</strong>2016-05-26&nbsp; 09:00-11:30</td>\r\n		</tr>\r\n		<tr>\r\n			<td height="35"><strong>讲座地点：</strong>西南交通大学教师发展中心研讨室（犀浦校区综合楼430）</td>\r\n		</tr>\r\n		<tr>\r\n			<td height="35"><strong>讲座嘉宾</strong>：傅钢善</td>\r\n		</tr>\r\n		<tr>\r\n			<td height="30"><strong>嘉宾简介：</strong></td>\r\n		</tr>\r\n		<tr>\r\n			<td style="line-height: 170%;word-break:break-all;" height="60">\r\n			<span style="font-family:&quot;line-height:150%;">傅钢善,陕西\r\n师范大学教授，博士生导师，国家级教学名师、全国优秀教师、全国教育系统职业道德建设标兵，全国高校优秀思想政治教育工作者。作为主持人连续获得两届国家\r\n级教学成果二等奖，陕西省名牌专业与特色专业教育技术学科带头人，主讲课程《现代教育技术》被评为国家级精品课和教师教育国家级精品资源共享课。</span>\r\n			</td>\r\n		</tr>\r\n		<tr>\r\n			<td height="30"><strong>讲座内容：</strong></td>\r\n		</tr>\r\n		<tr>\r\n			<td style="line-height: 170%;word-break:break-all;" height="60"><span style="font-family:&quot;line-height:120%;font-size:12pt;">报告将从课堂的内涵演变、课堂的内容组织、课堂的过程组织以及新的教学方式探索等四个方面进行较为系统的阐述。内容比较全面系统，对提高教师信息化环境下的教学能力具有一定的参考价值。</span></td></tr></tbody></table><p><br/></p>', '', 31, NULL, 1, 10, '2016-07-15 05:28:24', '/images/upload/20160715/1468560502910620.jpg', NULL),
(48, 'SKLSE杯网站设计大赛获奖信息', '2016年3月7日，软件工程国家重点实验室SKLSE杯网站设计大赛圆满落下帷幕。来自武汉大学全校11个学院，共64支参赛队伍参加了比赛，经过比赛组委会初选和复评，入围决赛的队伍17支。通过对入', '<p style="line-height: 24px;color: rgb(101, 100, 100);font-family: Arial, Helvetica, sans-serif;font-size: 12px;white-space: normal;background-color: rgb(255, 255, 255)">2016年3月7日，软件工程国家重点实验室SKLSE杯网站设计大赛圆满落下帷幕。来自武汉大学全校11个学院，共64支参赛队伍参加了比赛，经过比赛组委会初选和复评，入围决赛的队伍17支。通过对入围参赛作品的网站功能、界面设计等方面的分析评测，以及对用户体验的投票打分，决出大赛一等奖2名，二等奖5名，三等奖10名。获奖信息如下：</p><p style="line-height: 24px;color: rgb(101, 100, 100);font-family: Arial, Helvetica, sans-serif;font-size: 12px;white-space: normal;background-color: rgb(255, 255, 255)">&nbsp;</p><table cellspacing="0" cellpadding="0"><tbody><tr class="firstRow"><td width="45" valign="top" style="border-width: 1px;border-color: windowtext"><p style="line-height: 24px;text-align: center"><span style="font-family: 宋体">名次</span></p></td><td width="66" valign="top" style="border-width: 1px;border-color: windowtext"><p style="line-height: 24px;text-align: center"><span style="font-family: 宋体">奖项</span></p></td><td width="151" valign="top" style="border-width: 1px;border-color: windowtext"><p style="line-height: 24px;text-align: center"><span style="font-family: 宋体">团队</span></p></td><td width="123" valign="top" style="border-width: 1px;border-color: windowtext"><p style="line-height: 24px;text-align: center"><span style="font-family: 宋体">队员</span></p></td><td width="183" valign="top" style="border-width: 1px;border-color: windowtext"><p style="line-height: 24px;text-align: center"><span style="font-family: 宋体">院系</span></p></td></tr><tr><td width="45" valign="top" style="border-width: 1px;border-color: windowtext"><p style="line-height: 24px;text-align: center">1</p></td><td width="66" valign="top" style="border-width: 1px;border-color: windowtext"><p style="line-height: 24px;text-align: center"><span style="font-family: 宋体">一等奖</span></p></td><td width="151" valign="top" style="border-width: 1px;border-color: windowtext"><p style="line-height: 24px;text-align: center">coding farmer</p></td><td width="123" valign="top" style="border-width: 1px;border-color: windowtext"><p style="line-height: 24px;text-align: center"><span style="font-family: 宋体">胡聪睿、王梁</span></p></td><td width="183" valign="top" style="border-width: 1px;border-color: windowtext"><p style="line-height: 24px;text-align: center"><span style="font-family: 宋体">计算机学院</span></p></td></tr><tr><td width="45" valign="top" style="border-width: 1px;border-color: windowtext"><p style="line-height: 24px;text-align: center">2</p></td><td width="66" valign="top" style="border-width: 1px;border-color: windowtext"><p style="line-height: 24px;text-align: center"><span style="font-family: 宋体">一等奖</span></p></td><td width="151" valign="top" style="border-width: 1px;border-color: windowtext"><p style="line-height: 24px;text-align: center">xavier</p></td><td width="123" valign="top" style="border-width: 1px;border-color: windowtext"><p style="line-height: 24px;text-align: center"><span style="font-family: 宋体">王淞、钟林杌</span></p></td><td width="183" valign="top" style="border-width: 1px;border-color: windowtext"><p style="line-height: 24px;text-align: center"><span style="font-family: 宋体">计算机学院</span></p></td></tr><tr><td width="45" valign="top" style="border-width: 1px;border-color: windowtext"><p style="line-height: 24px;text-align: center">3</p></td><td width="66" valign="top" style="border-width: 1px;border-color: windowtext"><p style="line-height: 24px;text-align: center"><span style="font-family: 宋体">二等奖</span></p></td><td width="151" valign="top" style="border-width: 1px;border-color: windowtext"><p style="line-height: 24px;text-align: center"><span style="font-family: 宋体">我们很低调</span></p></td><td width="123" valign="top" style="border-width: 1px;border-color: windowtext"><p style="line-height: 24px;text-align: center"><span style="font-family: 宋体">顾咏丰、肖雷、</span></p><p style="line-height: 24px;text-align: center"><span style="font-family: 宋体">屠鹏博、操声斌</span></p></td><td width="183" valign="top" style="border-width: 1px;border-color: windowtext"><p style="line-height: 24px;text-align: center"><span style="font-family: 宋体">计算机学院</span></p></td></tr><tr><td width="45" valign="top" style="border-width: 1px;border-color: windowtext"><p style="line-height: 24px;text-align: center">4</p></td><td width="66" valign="top" style="border-width: 1px;border-color: windowtext"><p style="line-height: 24px;text-align: center"><span style="font-family: 宋体">二等奖</span></p></td><td width="151" valign="top" style="border-width: 1px;border-color: windowtext"><p style="line-height: 24px;text-align: center">/*<span style="font-family: 宋体">怎么会有取</span>*/<span style="font-family: 宋体">队名</span>/*<span style="font-family: 宋体">这种反人类的事情</span>*/</p></td><td width="123" valign="top" style="border-width: 1px;border-color: windowtext"><p style="line-height: 24px;text-align: center"><span style="font-family: 宋体">唐启铭、王洋、</span></p><p style="line-height: 24px;text-align: center"><span style="font-family: 宋体">贺进年、何晏泽</span></p></td><td width="183" valign="top" style="border-width: 1px;border-color: windowtext"><p style="line-height: 24px;text-align: center"><span style="font-family: 宋体">计算机学院、物理科学与技术学院、城市设计学院</span></p></td></tr><tr><td width="45" valign="top" style="border-width: 1px;border-color: windowtext"><p style="line-height: 24px;text-align: center">5</p></td><td width="66" valign="top" style="border-width: 1px;border-color: windowtext"><p style="line-height: 24px;text-align: center"><span style="font-family: 宋体">二等奖</span></p></td><td width="151" valign="top" style="border-width: 1px;border-color: windowtext"><p style="line-height: 24px;text-align: center">FFTB</p></td><td width="123" valign="top" style="border-width: 1px;border-color: windowtext"><p style="line-height: 24px;text-align: center"><span style="font-family: 宋体">黄慧娟、文中灿</span></p></td><td width="183" valign="top" style="border-width: 1px;border-color: windowtext"><p style="line-height: 24px;text-align: center"><span style="font-family: 宋体">国际软件学院</span></p></td></tr><tr><td width="45" valign="top" style="border-width: 1px;border-color: windowtext"><p style="line-height: 24px;text-align: center">6</p></td><td width="66" valign="top" style="border-width: 1px;border-color: windowtext"><p style="line-height: 24px;text-align: center"><span style="font-family: 宋体">二等奖</span></p></td><td width="151" valign="top" style="border-width: 1px;border-color: windowtext"><p style="line-height: 24px;text-align: center">mettle</p></td><td width="123" valign="top" style="border-width: 1px;border-color: windowtext"><p style="line-height: 24px;text-align: center"><span style="font-family: 宋体">崔佰会、朱其奎</span></p></td><td width="183" valign="top" style="border-width: 1px;border-color: windowtext"><p style="line-height: 24px;text-align: center"><span style="font-family: 宋体">计算机学院</span></p></td></tr><tr><td width="45" valign="top" style="border-width: 1px;border-color: windowtext"><p style="line-height: 24px;text-align: center">7</p></td><td width="66" valign="top" style="border-width: 1px;border-color: windowtext"><p style="line-height: 24px;text-align: center"><span style="font-family: 宋体">二等奖</span></p></td><td width="151" valign="top" style="border-width: 1px;border-color: windowtext"><p style="line-height: 24px;text-align: center"><span style="font-family: 宋体">这个啥</span></p></td><td width="123" valign="top" style="border-width: 1px;border-color: windowtext"><p style="line-height: 24px;text-align: center"><span style="font-family: 宋体">李熠劼、林诗雨、</span></p><p style="line-height: 24px;text-align: center"><span style="font-family: 宋体">李俊昌、马舒娴</span></p></td><td width="183" valign="top" style="border-width: 1px;border-color: windowtext"><p style="line-height: 24px;text-align: center"><span style="font-family: 宋体">计算机学院</span></p></td></tr><tr><td width="45" valign="top" style="border-width: 1px;border-color: windowtext"><p style="line-height: 24px;text-align: center">8</p></td><td width="66" valign="top" style="border-width: 1px;border-color: windowtext"><p style="line-height: 24px;text-align: center"><span style="font-family: 宋体">三等奖</span></p></td><td width="151" valign="top" style="border-width: 1px;border-color: windowtext"><p style="line-height: 24px;text-align: center">April</p></td><td width="123" valign="top" style="border-width: 1px;border-color: windowtext"><p style="line-height: 24px;text-align: center"><span style="font-family: 宋体">董文、钱新易</span></p></td><td width="183" valign="top" style="border-width: 1px;border-color: windowtext"><p style="line-height: 24px;text-align: center"><span style="font-family: 宋体">计算机学院</span></p></td></tr><tr><td width="45" valign="top" style="border-width: 1px;border-color: windowtext"><p style="line-height: 24px;text-align: center">9</p></td><td width="66" valign="top" style="border-width: 1px;border-color: windowtext"><p style="line-height: 24px;text-align: center"><span style="font-family: 宋体">三等奖</span></p></td><td width="151" valign="top" style="border-width: 1px;border-color: windowtext"><p style="line-height: 24px;text-align: center">Vc</p></td><td width="123" valign="top" style="border-width: 1px;border-color: windowtext"><p style="line-height: 24px;text-align: center"><span style="font-family: 宋体">曾琛、赵文、</span></p><p style="line-height: 24px;text-align: center"><span style="font-family: 宋体">李易菲</span></p></td><td width="183" valign="top" style="border-width: 1px;border-color: windowtext"><p style="line-height: 24px;text-align: center"><span style="font-family: 宋体">计算机学院</span></p></td></tr><tr><td width="45" valign="top" style="border-width: 1px;border-color: windowtext"><p style="line-height: 24px;text-align: center">10</p></td><td width="66" valign="top" style="border-width: 1px;border-color: windowtext"><p style="line-height: 24px;text-align: center"><span style="font-family: 宋体">三等奖</span></p></td><td width="151" valign="top" style="border-width: 1px;border-color: windowtext"><p style="line-height: 24px;text-align: center">TFOM</p></td><td width="123" valign="top" style="border-width: 1px;border-color: windowtext"><p style="line-height: 24px;text-align: center"><span style="font-family: 宋体">陈然、戴晓羽、</span></p><p style="line-height: 24px;text-align: center"><span style="font-family: 宋体">李一鸣、冉渝阳</span></p></td><td width="183" valign="top" style="border-width: 1px;border-color: windowtext"><p style="line-height: 24px;text-align: center"><span style="font-family: 宋体">计算机学院</span></p></td></tr><tr><td width="45" valign="top" style="border-width: 1px;border-color: windowtext"><p style="line-height: 24px;text-align: center">11</p></td><td width="66" valign="top" style="border-width: 1px;border-color: windowtext"><p style="line-height: 24px;text-align: center"><span style="font-family: 宋体">三等奖</span></p></td><td width="151" valign="top" style="border-width: 1px;border-color: windowtext"><p style="line-height: 24px;text-align: center">XPJ-GIS</p></td><td width="123" valign="top" style="border-width: 1px;border-color: windowtext"><p style="line-height: 24px;text-align: center"><span style="font-family: 宋体">姜文宇、谢荣昌、</span></p><p style="line-height: 24px;text-align: center"><span style="font-family: 宋体">彭淑雯</span></p></td><td width="183" valign="top" style="border-width: 1px;border-color: windowtext"><p style="line-height: 24px;text-align: center"><span style="font-family: 宋体">遥感信息工程学院</span></p></td></tr><tr><td width="45" valign="top" style="border-width: 1px;border-color: windowtext"><p style="line-height: 24px;text-align: center">12</p></td><td width="66" valign="top" style="border-width: 1px;border-color: windowtext"><p style="line-height: 24px;text-align: center"><span style="font-family: 宋体">三等奖</span></p></td><td width="151" valign="top" style="border-width: 1px;border-color: windowtext"><p style="line-height: 24px;text-align: center"><span style="font-family: 宋体">胖次长胖次短</span></p></td><td width="123" valign="top" style="border-width: 1px;border-color: windowtext"><p style="line-height: 24px;text-align: center"><span style="font-family: 宋体">肖峰、谭浩</span></p></td><td width="183" valign="top" style="border-width: 1px;border-color: windowtext"><p style="line-height: 24px;text-align: center"><span style="font-family: 宋体">计算机学院</span></p></td></tr><tr><td width="45" valign="top" style="border-width: 1px;border-color: windowtext"><p style="line-height: 24px;text-align: center">13</p></td><td width="66" valign="top" style="border-width: 1px;border-color: windowtext"><p style="line-height: 24px;text-align: center"><span style="font-family: 宋体">三等奖</span></p></td><td width="151" valign="top" style="border-width: 1px;border-color: windowtext"><p style="line-height: 24px;text-align: center"><span style="font-family: 宋体">社会主义好青年</span></p></td><td width="123" valign="top" style="border-width: 1px;border-color: windowtext"><p style="line-height: 24px;text-align: center"><span style="font-family: 宋体">张红帅、蔡诗晗、</span></p><p style="line-height: 24px;text-align: center"><span style="font-family: 宋体">罗满</span></p></td><td width="183" valign="top" style="border-width: 1px;border-color: windowtext"><p style="line-height: 24px;text-align: center"><span style="font-family: 宋体">国际软件学院</span></p></td></tr><tr><td width="45" valign="top" style="border-width: 1px;border-color: windowtext"><p style="line-height: 24px;text-align: center">14</p></td><td width="66" valign="top" style="border-width: 1px;border-color: windowtext"><p style="line-height: 24px;text-align: center"><span style="font-family: 宋体">三等奖</span></p></td><td width="151" valign="top" style="border-width: 1px;border-color: windowtext"><p style="line-height: 24px;text-align: center">Always Big</p></td><td width="123" valign="top" style="border-width: 1px;border-color: windowtext"><p style="line-height: 24px;text-align: center"><span style="font-family: 宋体">史斌华、王一恒、</span></p><p style="line-height: 24px;text-align: center"><span style="font-family: 宋体">何衍、黄永帅</span></p></td><td width="183" valign="top" style="border-width: 1px;border-color: windowtext"><p style="line-height: 24px;text-align: center"><span style="font-family: 宋体">遥感信息工程学院、资源与环境学院、测绘学院</span></p></td></tr><tr><td width="45" valign="top" style="border-width: 1px;border-color: windowtext"><p style="line-height: 24px;text-align: center">15</p></td><td width="66" valign="top" style="border-width: 1px;border-color: windowtext"><p style="line-height: 24px;text-align: center"><span style="font-family: 宋体">三等奖</span></p></td><td width="151" valign="top" style="border-width: 1px;border-color: windowtext"><p style="line-height: 24px;text-align: center"><span style="font-family: 宋体">你说的队</span></p></td><td width="123" valign="top" style="border-width: 1px;border-color: windowtext"><p style="line-height: 24px;text-align: center"><span style="font-family: 宋体">王雷、刘筱、</span></p><p style="line-height: 24px;text-align: center"><span style="font-family: 宋体">冯畅语</span></p></td><td width="183" valign="top" style="border-width: 1px;border-color: windowtext"><p style="line-height: 24px;text-align: center"><span style="font-family: 宋体">计算机学院、历史学院</span></p></td></tr><tr><td width="45" valign="top" style="border-width: 1px;border-color: windowtext"><p style="line-height: 24px;text-align: center">16</p></td><td width="66" valign="top" style="border-width: 1px;border-color: windowtext"><p style="line-height: 24px;text-align: center"><span style="font-family: 宋体">三等奖</span></p></td><td width="151" valign="top" style="border-width: 1px;border-color: windowtext"><p style="line-height: 24px;text-align: center">ZDers</p></td><td width="123" valign="top" style="border-width: 1px;border-color: windowtext"><p style="line-height: 24px;text-align: center"><span style="font-family: 宋体">邓露艺、陈洪州、</span></p><p style="line-height: 24px;text-align: center"><span style="font-family: 宋体">孙钰泉、谢浩然</span></p></td><td width="183" valign="top" style="border-width: 1px;border-color: windowtext"><p style="line-height: 24px;text-align: center"><span style="font-family: 宋体">电子信息学院、计算机学院、城市设计学院、马克思主义学院</span></p></td></tr><tr><td width="45" valign="top" style="border-width: 1px;border-color: windowtext"><p style="line-height: 24px;text-align: center">17</p></td><td width="66" valign="top" style="border-width: 1px;border-color: windowtext"><p style="line-height: 24px;text-align: center"><span style="font-family: 宋体">三等奖</span></p></td><td width="151" valign="top" style="border-width: 1px;border-color: windowtext"><p style="line-height: 24px;text-align: center"><span style="font-family: 宋体">南方公园</span></p></td><td width="123" valign="top" style="border-width: 1px;border-color: windowtext"><p style="line-height: 24px;text-align: center"><span style="font-family: 宋体">薛裕馨、曾思嘉、</span></p><p style="line-height: 24px;text-align: center"><span style="font-family: 宋体">胡小璇、王斯曼</span></p></td><td width="183" valign="top" style="border-width: 1px;border-color: windowtext"><p style="line-height: 24px;text-align: center"><span style="font-family: 宋体">计算机学院</span></p></td></tr></tbody></table><p style="line-height: 24px;color: rgb(101, 100, 100);font-family: Arial, Helvetica, sans-serif;font-size: 12px;white-space: normal;background-color: rgb(255, 255, 255)">&nbsp;</p><p><br/></p>', '张逊桥', 32, NULL, 1, 10, '2016-07-20 05:41:19', '/images/upload/20160720/1468993278766962.jpg', NULL),
(49, '基于ESI统计的计算机科学期刊目录', '', '<p style="line-height: 24px; color: rgb(101, 100, 100); font-family: Arial, Helvetica, sans-serif; font-size: 12px; white-space: normal; background-color: rgb(255, 255, 255);"><span style="color: rgb(41, 82, 121); font-family: Arial; font-size: medium; line-height: 22px;"><span style="font-size: 16px;">&nbsp; &nbsp; &nbsp; &nbsp;&nbsp;</span><span style="font-size: 16px;">ESI是美国科学情报研究所推出的衡量科学研究绩效、跟踪科学发展趋势的基本分析评价工具，具有学科全面、学术影响大、覆盖的国家广泛等特点，国际上常使用该数据库作为统计源。它是当今世界范围内普遍用以评价大学和科研机构国际学术水平及影响力的重要指标。&nbsp;</span></span><br style="color: rgb(41, 82, 121); font-family: Arial; font-size: medium; line-height: 22px;"/><span style="color: rgb(41, 82, 121); font-family: Arial; font-size: 14px; line-height: 22px;"><span style="font-size: 16px;">&nbsp;&nbsp;&nbsp;&nbsp;&nbsp;&nbsp;&nbsp; 为进一步加强学科建设，营造鼓励创新的学术氛围，我们将计算机学科371种ESI来源期刊公布在网上，欢迎实验室师生踊跃向这些期刊投稿。</span>&nbsp;</span><span style="font-family: Arial; font-size: 14px;"></span></p><p style="line-height: 24px; color: rgb(101, 100, 100); font-family: Arial, Helvetica, sans-serif; font-size: 12px; white-space: normal; background-color: rgb(255, 255, 255);"><br/></p><p style="line-height: 24px; color: rgb(101, 100, 100); font-family: Arial, Helvetica, sans-serif; font-size: 12px; white-space: normal; background-color: rgb(255, 255, 255);"><br/></p><p><a href="http://clj.whu.edu.cn/data/attachment/file/20150325/1235528ba813cca72c8664a5f44a17dd.xls" target="_self">基于ESI统计的计算机科学期刊.xls</a><br/></p>', '', 32, NULL, 1, 10, '2016-07-20 05:42:34', '', NULL),
(50, 'CCBD2014国际会议信息', '2014 International Conference on Cloud Computing and Big Data(CCBD2014)将于2014年11月13日至14日在计算机学院召开，会议议程参见会议网站ccbd2014.github.io	', '<p><span style="color: rgb(41, 82, 121); font-family: Arial; line-height: 22px; background-color: rgb(255, 255, 255);">2014&nbsp;International&nbsp;Conference&nbsp;on&nbsp;Cloud&nbsp;Computing&nbsp;and&nbsp;Big&nbsp;Data(CCBD2014)将于2014年11月13日至14日在计算机学院召开，会议议程参见会议网站</span><a href="http://ccbd2014.github.io/" style="font-size: 12px; color: rgb(41, 82, 121); text-decoration: none; white-space: normal; font-family: Arial; line-height: 22px; background-color: rgb(255, 255, 255);"><span style="font-size: 16px;">ccbd2014.github.io</span></a><span style="color: rgb(101, 100, 100); font-family: Arial, Helvetica, sans-serif; font-size: 12px; line-height: 25px; background-color: rgb(255, 255, 255);"></span></p>', '', 32, NULL, 1, 10, '2016-07-20 05:43:18', '', NULL),
(51, '软件工程国家重点实验室SKLSE杯网站设计大赛', '', '<p style="text-align:center"><img src="http://sklse.whu.edu.cn/data/attachment/image/20151207/91e7c885f191fcc083966149482d935a.jpg" alt="" style="border: 0px; width: 676px; height: 1036px;" width="676" height="1036"/></p><p style="line-height: 24px;color: rgb(101, 100, 100);font-family: Arial, Helvetica, sans-serif;font-size: 12px;white-space: normal;background-color: rgb(255, 255, 255)">软件工程国家重点实验室希望通过此次大赛，为实验室征集一个功能更加全面的官方网站。</p><p style="line-height: 24px;color: rgb(101, 100, 100);font-family: Arial, Helvetica, sans-serif;font-size: 12px;white-space: normal;background-color: rgb(255, 255, 255)"><strong>&nbsp;</strong></p><p style="line-height: 24px;color: rgb(101, 100, 100);font-family: Arial, Helvetica, sans-serif;font-size: 12px;white-space: normal;background-color: rgb(255, 255, 255)"><strong>设计要求</strong></p><p style="line-height: 24px;color: rgb(101, 100, 100);font-family: Arial, Helvetica, sans-serif;font-size: 12px;white-space: normal;text-indent: 28px;background-color: rgb(255, 255, 255)">①参考现有官网sklse.whu.edu.cn，基本实现该网站中已有的模块功能。</p><p style="line-height: 24px;color: rgb(101, 100, 100);font-family: Arial, Helvetica, sans-serif;font-size: 12px;white-space: normal;text-indent: 28px;background-color: rgb(255, 255, 255)">②需要完整的后台管理系统，方便管理和更新网站中各项内容，加入大赛官方QQ群获取现有的部分后台管理系统截图。</p><p style="line-height: 24px;color: rgb(101, 100, 100);font-family: Arial, Helvetica, sans-serif;font-size: 12px;white-space: normal;text-indent: 28px;background-color: rgb(255, 255, 255)">③需要增加的新功能：可通过点击各位优秀人才、教授、副教授、讲师的姓名，进入各位老师的个人网站，让各位老师可以自主修改个人网站后缀名（如sklse.whu.edu.cn/~Lee）、文字和图片内容，且新增论文文档或其他资料的一键下载功能。</p><p style="line-height: 24px;color: rgb(101, 100, 100);font-family: Arial, Helvetica, sans-serif;font-size: 12px;white-space: normal;text-indent: 28px;background-color: rgb(255, 255, 255)">④建议支持移动设备友好访问，补充移动社交功能。</p><p style="line-height: 24px;color: rgb(101, 100, 100);font-family: Arial, Helvetica, sans-serif;font-size: 12px;white-space: normal;text-indent: 28px;background-color: rgb(255, 255, 255)">⑤语言不限，数据库不限，可以使用cms模版。</p><p style="line-height: 24px;color: rgb(101, 100, 100);font-family: Arial, Helvetica, sans-serif;font-size: 12px;white-space: normal;background-color: rgb(255, 255, 255)">&nbsp;</p><p style="line-height: 24px;color: rgb(101, 100, 100);font-family: Arial, Helvetica, sans-serif;font-size: 12px;white-space: normal;background-color: rgb(255, 255, 255)"><strong>参赛对象</strong></p><p style="line-height: 24px;color: rgb(101, 100, 100);font-family: Arial, Helvetica, sans-serif;font-size: 12px;white-space: normal;text-indent: 28px;background-color: rgb(255, 255, 255)">武汉大学所有本科生、研究生。</p><p style="line-height: 24px;color: rgb(101, 100, 100);font-family: Arial, Helvetica, sans-serif;font-size: 12px;white-space: normal;text-indent: 28px;background-color: rgb(255, 255, 255)">&nbsp;</p><p style="line-height: 24px;color: rgb(101, 100, 100);font-family: Arial, Helvetica, sans-serif;font-size: 12px;white-space: normal;background-color: rgb(255, 255, 255)"><strong>参赛形式</strong></p><p style="line-height: 24px;color: rgb(101, 100, 100);font-family: Arial, Helvetica, sans-serif;font-size: 12px;white-space: normal;text-indent: 28px;background-color: rgb(255, 255, 255)">以团队形式参赛，每支队伍人数1-4人，其中一人为队长。</p><p style="line-height: 24px;color: rgb(101, 100, 100);font-family: Arial, Helvetica, sans-serif;font-size: 12px;white-space: normal;text-indent: 39px;background-color: rgb(255, 255, 255)">&nbsp;</p><p style="line-height: 24px;color: rgb(101, 100, 100);font-family: Arial, Helvetica, sans-serif;font-size: 12px;white-space: normal;background-color: rgb(255, 255, 255)"><strong>赛事流程</strong></p><p style="line-height: 24px;color: rgb(101, 100, 100);font-family: Arial, Helvetica, sans-serif;font-size: 12px;white-space: normal;text-indent: 28px;background-color: rgb(255, 255, 255)">开始接受报名：2015年12月1日00:00</p><p style="line-height: 24px;color: rgb(101, 100, 100);font-family: Arial, Helvetica, sans-serif;font-size: 12px;white-space: normal;text-indent: 28px;background-color: rgb(255, 255, 255)">报名截止：2015年12月14日23:59（暂定）</p><p style="line-height: 24px;color: rgb(101, 100, 100);font-family: Arial, Helvetica, sans-serif;font-size: 12px;white-space: normal;text-indent: 28px;background-color: rgb(255, 255, 255)">作品提交截止：2016年2月29日23:59</p><p style="line-height: 24px;color: rgb(101, 100, 100);font-family: Arial, Helvetica, sans-serif;font-size: 12px;white-space: normal;text-indent: 28px;background-color: rgb(255, 255, 255)">学生评审小组筛选作品：2016年3月1日</p><p style="line-height: 24px;color: rgb(101, 100, 100);font-family: Arial, Helvetica, sans-serif;font-size: 12px;white-space: normal;text-indent: 28px;background-color: rgb(255, 255, 255)">实验室老师筛选作品：2016年3月4日</p><p style="line-height: 24px;color: rgb(101, 100, 100);font-family: Arial, Helvetica, sans-serif;font-size: 12px;white-space: normal;text-indent: 28px;background-color: rgb(255, 255, 255)">获奖名单公布：3月7日</p><p style="line-height: 24px;color: rgb(101, 100, 100);font-family: Arial, Helvetica, sans-serif;font-size: 12px;white-space: normal;background-color: rgb(255, 255, 255)">&nbsp;</p><p style="line-height: 24px;color: rgb(101, 100, 100);font-family: Arial, Helvetica, sans-serif;font-size: 12px;white-space: normal;background-color: rgb(255, 255, 255)"><strong>奖项设置</strong></p><p style="line-height: 24px;color: rgb(101, 100, 100);font-family: Arial, Helvetica, sans-serif;font-size: 12px;white-space: normal;background-color: rgb(255, 255, 255)">第一名（2组）：每支队伍5000&nbsp;元</p><p style="line-height: 24px;color: rgb(101, 100, 100);font-family: Arial, Helvetica, sans-serif;font-size: 12px;white-space: normal;background-color: rgb(255, 255, 255)">第二名（5组）：每支队伍1000元</p><p style="line-height: 24px;color: rgb(101, 100, 100);font-family: Arial, Helvetica, sans-serif;font-size: 12px;white-space: normal;background-color: rgb(255, 255, 255)">第三名（10组）：每支队伍500元</p><p style="line-height: 24px;color: rgb(101, 100, 100);font-family: Arial, Helvetica, sans-serif;font-size: 12px;white-space: normal;background-color: rgb(255, 255, 255)">&nbsp;</p><p style="line-height: 24px;color: rgb(101, 100, 100);font-family: Arial, Helvetica, sans-serif;font-size: 12px;white-space: normal;background-color: rgb(255, 255, 255)"><strong>报名方式</strong></p><p><span style="color: rgb(101, 100, 100);font-family: Arial, Helvetica, sans-serif;font-size: 12px;line-height: 25px;background-color: rgb(255, 255, 255)">加入大赛官方</span><span style="color: rgb(101, 100, 100);font-family: Arial, Helvetica, sans-serif;font-size: 12px;line-height: 25px;background-color: rgb(255, 255, 255)">QQ</span><span style="color: rgb(101, 100, 100);font-family: Arial, Helvetica, sans-serif;font-size: 12px;line-height: 25px;background-color: rgb(255, 255, 255)">群</span><span style="color: rgb(101, 100, 100);font-family: Arial, Helvetica, sans-serif;font-size: 12px;line-height: 25px;background-color: rgb(255, 255, 255)">370930899</span><span style="color: rgb(101, 100, 100);font-family: Arial, Helvetica, sans-serif;font-size: 12px;line-height: 25px;background-color: rgb(255, 255, 255)">，在群文件中下载报名表，填写后发送至官方邮箱</span><span style="color: rgb(101, 100, 100);font-family: Arial, Helvetica, sans-serif;font-size: 12px;line-height: 25px;background-color: rgb(255, 255, 255)">sklseweb@163.com</span><span style="color: rgb(101, 100, 100);font-family: Arial, Helvetica, sans-serif;font-size: 12px;line-height: 25px;background-color: rgb(255, 255, 255)">，填写要求详见报名表。&nbsp;</span></p><p><br/></p>', '', 32, NULL, 1, 10, '2016-07-20 05:44:00', '', NULL),
(52, 'ISO颁布何克清教授团队的“互操作”软件技术国际标准系列', '', '<p><span style="color: rgb(101, 100, 100); font-family: Arial, Helvetica, sans-serif; font-size: 12px; line-height: 25px; background-color: rgb(255, 255, 255);">&nbsp; &nbsp; &nbsp; &nbsp; 2015年10月，ISO国际标准化组织官方网站*正式颁布了由我校软件工程国家重点实验室何克清教授团队主持研制的4项国际标准，即ISO/IEC 19763-5: 2015（过程模型注册元模型）、ISO/IEC 19763-7: 2015（服务模型注册元模型）、ISO/IEC 19763-8: 2015（角色和目标模型注册元模型）和ISO/IEC 19763-9: 2015（按需模型选择方法论）。该团队此前主持研制的国际标准ISO/IEC 19763-3: 2010（本体注册元模型）已于2010年8月被ISO正式颁布。</span><br style="color: rgb(101, 100, 100); font-family: Arial, Helvetica, sans-serif; font-size: 12px; line-height: 25px; white-space: normal; background-color: rgb(255, 255, 255);"/><span style="color: rgb(101, 100, 100); font-family: Arial, Helvetica, sans-serif; font-size: 12px; line-height: 25px; background-color: rgb(255, 255, 255);">&nbsp; &nbsp; &nbsp; &nbsp; 在21世纪初，何克清教授就开始钻研复杂业务模型间的语义互操作问题，提出了自主创新的本体元建模理论与方法，并成功推向了国际。2002年受ISO委托研制ISO/IEC 19763-3国际标准。该标准已于2007年2月和2010年8月被ISO正式颁布为ISO/IEC 19763-3: 2007和ISO/IEC 19763-3: 2010，从而赢得了ISO标准研制的国际话语权。</span><br style="color: rgb(101, 100, 100); font-family: Arial, Helvetica, sans-serif; font-size: 12px; line-height: 25px; white-space: normal; background-color: rgb(255, 255, 255);"/><span style="color: rgb(101, 100, 100); font-family: Arial, Helvetica, sans-serif; font-size: 12px; line-height: 25px; background-color: rgb(255, 255, 255);">&nbsp; &nbsp; &nbsp; &nbsp; 受国家973计划项目资助研究，何克清教授团队发现了互联网上涉众需求元描述的四大基本要素——角色（Role）、目标（Goal）、流程（Process）和服务（Service），发明了RGPS 四个元模型及其之间语义关联的9类规则，自主创新了RGPS元模型框架技术。再次成功推向了国际，受ISO委托主持研制RGPS的ISO/IEC 19763标准系列和8项国家标准。从而，建立了具有自主知识产权的“国际标准-国际行业标准-国家标准”体系。与金蝶软件（中国）有限公司合作，面向企业云计算解决方案设计和实施的实际需求，拓展应用ISO/IEC 19763-3, 5, 7, 8, 9标准技术，创新了弹性可伸缩架构及其驱动的按需服务聚合与规模化定制技术，相关成果被国际IT业界开放群组TOG（其主要成员包括IBM、HP、Oracle、SAP等国际知名企业）采纳。</span><br style="color: rgb(101, 100, 100); font-family: Arial, Helvetica, sans-serif; font-size: 12px; line-height: 25px; white-space: normal; background-color: rgb(255, 255, 255);"/><span style="color: rgb(101, 100, 100); font-family: Arial, Helvetica, sans-serif; font-size: 12px; line-height: 25px; background-color: rgb(255, 255, 255);">&nbsp; &nbsp; &nbsp; &nbsp; 13年来，何克清教授带领团队勤奋工作，开拓创新。团队的青年教师何扬帆、王翀、王健、何非和冯在文分别承担了这5项国际标准的研制工作。团队中的青年教师刘婧、马于涛和王健还负责研制的云计算架构CCRA标准。他们甘心坐冷板凳、扎扎实实、坚持不懈、任劳任怨地工作。每个ISO标准从提案到正式颁布，必须经过5个规定的阶段，每个阶段会产生平均4个修改版本，获得半数以上的ISO成员国家的赞成票方可进入到下一阶段。近百个版本修改的繁重工作量、近百次ISO严格的国际评审，也培养和造就了一支敢于参与国际竞争、善于进行国际合作的青年科研工作者队伍。</span><br style="color: rgb(101, 100, 100); font-family: Arial, Helvetica, sans-serif; font-size: 12px; line-height: 25px; white-space: normal; background-color: rgb(255, 255, 255);"/><span style="color: rgb(101, 100, 100); font-family: Arial, Helvetica, sans-serif; font-size: 12px; line-height: 25px; background-color: rgb(255, 255, 255);">&nbsp; &nbsp; &nbsp; &nbsp;&nbsp;上述成果近年来获得了一系列的科技奖励。何克清教授于2011年与2015年两次获得ISO与国际电工委员会IEC授予的ISO/IEC 19763标准系列“特别贡献”国际奖。上述成果2009年获得国家科技进步二等奖，2014年获得了中国计算机学会科技进步奖一等奖，2008年、2011年、2015年获得了湖北省科技进步一等奖，以及中国标准化（杰出）创新人物奖等。</span><br style="color: rgb(101, 100, 100); font-family: Arial, Helvetica, sans-serif; font-size: 12px; line-height: 25px; white-space: normal; background-color: rgb(255, 255, 255);"/><span style="color: rgb(101, 100, 100); font-family: Arial, Helvetica, sans-serif; font-size: 12px; line-height: 25px; background-color: rgb(255, 255, 255);">&nbsp; &nbsp; &nbsp; &nbsp; 这些成果的取得是何克清教授团队13年来敢为人先、开拓奋进、自主创新、追求卓越而获得的国际化研究成果，也是献给武大软件工程国家重点实验室创建30周年的最好礼物。</span><br style="color: rgb(101, 100, 100); font-family: Arial, Helvetica, sans-serif; font-size: 12px; line-height: 25px; white-space: normal; background-color: rgb(255, 255, 255);"/><br style="color: rgb(101, 100, 100); font-family: Arial, Helvetica, sans-serif; font-size: 12px; line-height: 25px; white-space: normal; background-color: rgb(255, 255, 255);"/><span style="color: rgb(101, 100, 100); font-family: Arial, Helvetica, sans-serif; font-size: 12px; line-height: 25px; background-color: rgb(255, 255, 255);">&nbsp; &nbsp; &nbsp; &nbsp; *ISO国际标准化组织官方网站10月15日正式颁布执行ISO/IEC19763-5,7,8,9国际标准系列</span><br style="color: rgb(101, 100, 100); font-family: Arial, Helvetica, sans-serif; font-size: 12px; line-height: 25px; white-space: normal; background-color: rgb(255, 255, 255);"/><span style="color: rgb(101, 100, 100); font-family: Arial, Helvetica, sans-serif; font-size: 12px; line-height: 25px; background-color: rgb(255, 255, 255);">&nbsp; &nbsp; &nbsp; &nbsp;&nbsp;</span><span style="color: rgb(101, 100, 100); font-family: Arial, Helvetica, sans-serif; font-size: 12px; line-height: 25px; background-color: rgb(255, 255, 255);">http://www.iso.org/iso/home/store/catalogue_tc/catalogue_detail.htm?csnumber=53761</span><br style="color: rgb(101, 100, 100); font-family: Arial, Helvetica, sans-serif; font-size: 12px; line-height: 25px; white-space: normal; background-color: rgb(255, 255, 255);"/><span style="color: rgb(101, 100, 100); font-family: Arial, Helvetica, sans-serif; font-size: 12px; line-height: 25px; background-color: rgb(255, 255, 255);">&nbsp; &nbsp; &nbsp; &nbsp;&nbsp;</span><span style="color: rgb(101, 100, 100); font-family: Arial, Helvetica, sans-serif; font-size: 12px; line-height: 25px; background-color: rgb(255, 255, 255);">http://www.iso.org/iso/home/store/catalogue_tc/catalogue_detail.htm?csnumber=55025</span><br style="color: rgb(101, 100, 100); font-family: Arial, Helvetica, sans-serif; font-size: 12px; line-height: 25px; white-space: normal; background-color: rgb(255, 255, 255);"/><span style="color: rgb(101, 100, 100); font-family: Arial, Helvetica, sans-serif; font-size: 12px; line-height: 25px; background-color: rgb(255, 255, 255);">&nbsp; &nbsp; &nbsp; &nbsp;&nbsp;</span><span style="color: rgb(101, 100, 100); font-family: Arial, Helvetica, sans-serif; font-size: 12px; line-height: 25px; background-color: rgb(255, 255, 255);">http://www.iso.org/iso/home/store/catalogue_tc/catalogue_detail.htm?csnumber=56079</span><br style="color: rgb(101, 100, 100); font-family: Arial, Helvetica, sans-serif; font-size: 12px; line-height: 25px; white-space: normal; background-color: rgb(255, 255, 255);"/><span style="color: rgb(101, 100, 100); font-family: Arial, Helvetica, sans-serif; font-size: 12px; line-height: 25px; background-color: rgb(255, 255, 255);">&nbsp; &nbsp; &nbsp; &nbsp;&nbsp;</span><span style="color: rgb(101, 100, 100); font-family: Arial, Helvetica, sans-serif; font-size: 12px; line-height: 25px; background-color: rgb(255, 255, 255);">http://www.iso.org/iso/home/store/catalogue_tc/catalogue_detail.htm?csnumber=56080</span><br style="color: rgb(101, 100, 100); font-family: Arial, Helvetica, sans-serif; font-size: 12px; line-height: 25px; white-space: normal; background-color: rgb(255, 255, 255);"/></p><p style="line-height: 24px; color: rgb(101, 100, 100); font-family: Arial, Helvetica, sans-serif; font-size: 12px; white-space: normal; background-color: rgb(255, 255, 255);"><br/></p><p style="line-height: 24px; color: rgb(101, 100, 100); font-family: Arial, Helvetica, sans-serif; font-size: 12px; white-space: normal; background-color: rgb(255, 255, 255);">&nbsp; &nbsp; &nbsp; &nbsp;&nbsp;何克清教授科研团队合影</p><p style="text-align: center;"><img src="http://sklse.whu.edu.cn/data/attachment/image/20151103/f311d424ed151e2282b4e658684c471c.jpg" alt="" style="border: 0px; width: 465px; height: 311px;" width="465" height="311"/></p>', '', 32, NULL, 1, 10, '2016-07-20 05:49:48', '/images/upload/20160720/1468993787295065.png', NULL),
(53, '《中国科学--信息科学》编委会十届三次会议在我校召开', '为加强学术交流，提高武汉大学计算机学科的知名度，2015年3月24日～26日，由计算机学院/软件工程国家重点实验室、空天信息安全与可信计算教育部重点实验室承办的 “《中国科学-信息科学》', '<p><span style="color: rgb(101, 100, 100); font-family: Arial, Helvetica, sans-serif; font-size: 12px; line-height: 25px; background-color: rgb(255, 255, 255);">&nbsp; &nbsp; &nbsp; &nbsp; 为加强学术交流，提高武汉大学计算机学科的知名度，2015年3月24日～26日，由计算机学院/软件工程国家重点实验室、空天信息安全与可信计算教育部重点实验室承办的 “《中国科学-信息科学》第十届编委会第三次全体会议”在武汉大学珞珈山庄成功召开。</span><br style="color: rgb(101, 100, 100); font-family: Arial, Helvetica, sans-serif; font-size: 12px; line-height: 25px; white-space: normal; background-color: rgb(255, 255, 255);"/></p><p style="line-height: 24px; color: rgb(101, 100, 100); font-family: Arial, Helvetica, sans-serif; font-size: 12px; white-space: normal; background-color: rgb(255, 255, 255);">&nbsp; &nbsp; &nbsp; &nbsp; 参加会议的有来自信息领域的高层次专家50多名，其中院士5名，“千人计划”专家、“长江学者”、“国家杰出青年基金获得者”等23名。校长李晓红院士致欢迎辞，并预祝会议取得圆满成功。会上编委们就如何提高刊物内容质量、如何提升刊物的国际影响力以及优化办刊模式、创办新兴栏目等了热烈讨论。其中上海交通大学副校长、北京大学梅宏院士做了“《中国科学:信息科学》英文版发展思路”的主题报告，原教育部副部长、虚拟现实技术与系统国家重点实验室（北京航空航天大学）主任赵沁平院士作了“进一步提升中文刊影响力的思考”的发言。主编原北京航空航天大学校长、软件开发环境国家重点实验室主任李未院士为获奖编委颁发突出贡献奖证书。</p><p style="line-height: 24px; color: rgb(101, 100, 100); font-family: Arial, Helvetica, sans-serif; font-size: 12px; white-space: normal; background-color: rgb(255, 255, 255);"><span style="line-height: 1.5;">&nbsp; &nbsp; &nbsp; &nbsp; 参加会议的还有中国科学院学部学术与出版工作委员会代表、《中国科学-信息科学》编辑部成员、学校科学技术发展研究院有关负责人。（计算机学院 吴闽泉）</span></p><p style="line-height: 24px; color: rgb(101, 100, 100); font-family: Arial, Helvetica, sans-serif; font-size: 12px; white-space: normal; background-color: rgb(255, 255, 255);"><br/></p><p style="line-height: 24px; color: rgb(101, 100, 100); font-family: Arial, Helvetica, sans-serif; font-size: 12px; white-space: normal; background-color: rgb(255, 255, 255);"><img src="http://sklse.whu.edu.cn/data/attachment/image/20150331/d28434bedffc67c0bf789a5151889f7a.jpg" alt="" style="border: 0px;"/><img src="http://sklse.whu.edu.cn/data/attachment/image/20150331/0de2e6b35eb5f9f483bd08ea9c463a4a.jpg" alt="" style="border: 0px;"/><br/></p><p><br/></p>', '', 32, NULL, 1, 10, '2016-07-20 05:51:14', '/images/upload/20160720/1468993873689500.jpg', NULL);
INSERT INTO `document` (`id`, `title`, `breviary`, `content`, `author`, `cate`, `view`, `status`, `level`, `create_at`, `pic`, `create_by`) VALUES
(54, '武汉大学软件工程协同创新团队招聘启事', '武汉大学软件工程协同创新中心\r\n\r\n招聘启事', '<table width="100%" cellspacing="0" cellpadding="0"><tbody><tr class="firstRow"><td width="93%" valign="top" style="line-height: 25px"><p style="line-height: 24px;text-align: center">武汉大学软件工程协同创新中心</p><p style="line-height: 24px;text-align: center"><strong>招聘启事</strong></p><p style="line-height: 24px">&nbsp;</p><p style="line-height: 24px;text-indent: 32px">为了进一步提升武汉大学软件工程研究的整体水平，发挥我校在软件工程研究领域的优势，进一步巩固和加强我国在该领域的国际竞争力，依据“武汉大学协同创新平台与团队发展计划”的总体规划，按照“国家急需、世界一流”的要求和标准，聚集拔尖创新人才等创新要素和资源，打造国际一流的高水平人才队伍，武汉大学决定启动武汉大学软件工程协同创新中心2015年人才招聘工作。</p><p style="line-height: 24px;text-indent: 32px">武汉大学软件工程协同创新中心依托软件工程国家重点实验室与计算机学院，将按照以软件工程为主体、以数据管理与信息安全为两翼（即“一体两翼”）的发展思路，以软件工程及相关学科的应用基础研究为主、兼顾基本理论、方法、工具与环境的应用，拟在软件工程及相关领域组建若干创新团队。中心计划在未来四年内面向国内外招聘30多名研究人员，包括资深研究员、高级研究员和研究员。</p><p style="line-height: 24px">&nbsp;&nbsp;&nbsp;&nbsp; 武汉大学软件工程协同创新中心2015年的招聘计划如下：</p><p style="line-height: 24px">一、招聘岗位及人数</p><p style="line-height: 24px;text-indent: 32px">（1）主任研究员 &nbsp;5-10名</p><p style="line-height: 24px;text-indent: 32px">（2）研究员&nbsp;&nbsp;&nbsp;&nbsp; &nbsp;5-15名</p><p style="line-height: 24px;text-indent: 32px">（3）副研究员&nbsp;&nbsp;&nbsp; 5-10名</p><p style="line-height: 24px">二、应聘条件及职责</p><p style="line-height: 24px;text-indent: 32px">（1）具有博士学位或正高级专业技术职称，身体健康，年龄一般不超过55岁、特殊情况不得超过58岁(院士、校外兼职应聘者和国际知名学者年龄可适当放宽)。</p><p style="line-height: 24px;text-indent: 32px">（2）在软件工程或相关学科领域具有一定的学术造诣，在国际著名或知名杂志上发表过具有较高水平的学术论文。50岁以上的应聘者应在国内外同行中具有一定知名度，得到国内同行的认可。</p><p style="line-height: 24px;text-indent: 32px">（3）德才兼备，具有高度的敬业精神。</p><p style="line-height: 24px;text-indent: 32px">（4）欢迎应聘者全职应聘，特别优秀的应聘者也可以兼职应聘。</p><p style="line-height: 24px;text-indent: 32px">（5）全职应聘者享受武汉大学教师的所有待遇。中心将全力支持全职应聘者晋升或破格晋升各类职称，申请申报千人计划（包括青年千人计划）、国家杰出青年科学基金、长江学者等各类人才计划。</p><p style="line-height: 24px;text-indent: 32px">（6）兼职应聘者可以根据其在原单位工作情况在中心弹性工作，与中心签订在中心的具体工作月数，明确工作目标和考核指标，确定薪水与生活待遇，按照实际工作月数领取薪水。超额完成任务的根据具体超额情况给予奖励。</p><p style="line-height: 24px">二、工作条件及待遇</p><p style="line-height: 24px;text-indent: 32px">（1）中心和学校根据应聘者的资历、学术成绩、国内外影响、未来工作需求与目标等与应聘者商定工作条件（包括科研启动费、科研用房等）、年薪与住房等其它生活待遇。</p><p style="line-height: 24px;text-indent: 32px">（2）各类岗位的年薪参照标准（院士以及特别杰出的优秀人才可以有所突破，兼职人员按实际兼职月数发放）：</p><p style="line-height: 24px;text-indent: 82px">岗位类别&nbsp;&nbsp; &nbsp;&nbsp;&nbsp;年薪（万元）</p><p style="line-height: 24px;text-indent: 82px">主任研究员&nbsp; &nbsp;&nbsp;30-60万/人</p><p style="line-height: 24px;text-indent: 82px">研究员 &nbsp;&nbsp;&nbsp;&nbsp;&nbsp;&nbsp;&nbsp;20-45万/人</p><p style="line-height: 24px;text-indent: 82px">副研究员&nbsp;&nbsp;&nbsp; &nbsp;&nbsp;10-35万/人</p><p style="line-height: 24px">三、联系方式及聘期</p><p style="line-height: 24px;text-indent: 32px">（1）本招聘启事常年有效，有意应聘者可以随时应聘。</p><p style="line-height: 24px;text-indent: 32px">（2）聘期可以根据各个应聘者的实际情况具体商定。</p><p style="line-height: 24px;text-indent: 32px">（3）有意者请提交个人简历、学术成就（包括论文列表等）给指定联系人。在应聘成功前本中心负责对应聘情况保密。应聘联系方式：</p><p style="line-height: 24px;text-indent: 82px">联系人：吴闽泉</p><p style="line-height: 24px;text-indent: 82px">地址：武汉大学软件工程国家重点实验室</p><p style="line-height: 24px;text-indent: 82px">电话：&nbsp;68775519，139-9567-6013&nbsp;&nbsp;&nbsp;&nbsp;&nbsp;&nbsp;&nbsp; 传真：&nbsp;68776837</p><p style="line-height: 24px;text-indent: 82px">Email：&nbsp;rjgc@whu.edu.cn</p><p style="line-height: 24px">&nbsp;</p><p style="line-height: 24px">&nbsp;</p><p style="line-height: 24px;text-align: right">&nbsp;&nbsp;&nbsp;&nbsp;&nbsp;&nbsp;&nbsp;&nbsp;&nbsp;&nbsp;&nbsp;&nbsp;&nbsp;&nbsp;&nbsp;&nbsp;&nbsp;&nbsp;&nbsp;&nbsp;&nbsp;&nbsp;&nbsp;&nbsp;&nbsp;&nbsp;&nbsp;&nbsp;&nbsp;&nbsp;&nbsp;&nbsp;&nbsp;&nbsp;&nbsp;&nbsp;&nbsp;&nbsp;&nbsp;&nbsp;&nbsp;&nbsp;&nbsp;&nbsp;&nbsp;&nbsp;&nbsp;&nbsp;&nbsp;&nbsp;&nbsp;&nbsp;&nbsp;&nbsp;&nbsp;&nbsp;&nbsp;&nbsp;&nbsp;&nbsp;&nbsp;&nbsp;&nbsp;&nbsp;&nbsp;&nbsp;&nbsp;&nbsp;&nbsp;&nbsp;&nbsp;&nbsp;&nbsp;&nbsp;&nbsp;&nbsp;&nbsp;&nbsp;&nbsp;&nbsp;&nbsp;&nbsp;&nbsp;武汉大学</p><p style="line-height: 24px;text-align: right">2015年4月28日</p><p style="line-height: 24px"><span style="font-size: 14px"><br/><br/></span></p><br/><p style="line-height: 24px"><br/></p></td><td width="5%"><br/></td></tr></tbody></table><p><br/></p>', '', 32, NULL, 1, 10, '2016-07-20 05:52:26', '', NULL),
(55, '博士生', '', '<table style="width: 656px;" width="100%" cellpadding="0" cellspacing="0"><tbody><tr class="firstRow"><td height="469" width="2%"><br/></td><td style="line-height: 25px" valign="top" width="93%"><h1 style="width: 688.75px;text-align: center;line-height: 50px;font-size: 16px">武汉大学软件工程协同创新团队招聘启事</h1>来源：&nbsp;&nbsp;&nbsp;&nbsp;浏览量：1525&nbsp;&nbsp;&nbsp;&nbsp;发布时间：2015-04-28 10:04:59<p style="line-height: 24px;text-align: center">武汉大学软件工程协同创新中心</p><p style="line-height: 24px;text-align: center"><strong>招聘启事</strong></p><p style="line-height: 24px">&nbsp;</p><p style="line-height: 24px;text-indent: 32px">为了进一步提升武汉大学软件工程研究的整体水平，发挥我校在软件工程研究领域的优势，进一步巩固和加强我国在该领域的国际竞争力，依据“武汉大学协同创新平台与团队发展计划”的总体规划，按照“国家急需、世界一流”的要求和标准，聚集拔尖创新人才等创新要素和资源，打造国际一流的高水平人才队伍，武汉大学决定启动武汉大学软件工程协同创新中心2015年人才招聘工作。</p><p style="line-height: 24px;text-indent: 32px">武汉大学软件工程协同创新中心依托软件工程国家重点实验室与计算机学院，将按照以软件工程为主体、以数据管理与信息安全为两翼（即“一体两翼”）的发展思路，以软件工程及相关学科的应用基础研究为主、兼顾基本理论、方法、工具与环境的应用，拟在软件工程及相关领域组建若干创新团队。中心计划在未来四年内面向国内外招聘30多名研究人员，包括资深研究员、高级研究员和研究员。</p><p style="line-height: 24px">&nbsp;&nbsp;&nbsp;&nbsp; 武汉大学软件工程协同创新中心2015年的招聘计划如下：</p><p style="line-height: 24px">一、招聘岗位及人数</p><p style="line-height: 24px;text-indent: 32px">（1）主任研究员 &nbsp;5-10名</p><p style="line-height: 24px;text-indent: 32px">（2）研究员&nbsp;&nbsp;&nbsp;&nbsp; &nbsp;5-15名</p><p style="line-height: 24px;text-indent: 32px">（3）副研究员&nbsp;&nbsp;&nbsp; 5-10名</p><p style="line-height: 24px">二、应聘条件及职责</p><p style="line-height: 24px;text-indent: 32px">（1）具有博士学位或正高级专业技术职称，身体健康，年龄一般不超过55岁、特殊情况不得超过58岁(院士、校外兼职应聘者和国际知名学者年龄可适当放宽)。</p><p style="line-height: 24px;text-indent: 32px">（2）在软件工程或相关学科领域具有一定的学术造诣，在国际著名或知名杂志上发表过具有较高水平的学术论文。50岁以上的应聘者应在国内外同行中具有一定知名度，得到国内同行的认可。</p><p style="line-height: 24px;text-indent: 32px">（3）德才兼备，具有高度的敬业精神。</p><p style="line-height: 24px;text-indent: 32px">（4）欢迎应聘者全职应聘，特别优秀的应聘者也可以兼职应聘。</p><p style="line-height: 24px;text-indent: 32px">（5）全职应聘者享受武汉大学教师的所有待遇。中心将全力支持全职应聘者晋升或破格晋升各类职称，申请申报千人计划（包括青年千人计划）、国家杰出青年科学基金、长江学者等各类人才计划。</p><p style="line-height: 24px;text-indent: 32px">（6）兼职应聘者可以根据其在原单位工作情况在中心弹性工作，与中心签订在中心的具体工作月数，明确工作目标和考核指标，确定薪水与生活待遇，按照实际工作月数领取薪水。超额完成任务的根据具体超额情况给予奖励。</p><p style="line-height: 24px">二、工作条件及待遇</p><p style="line-height: 24px;text-indent: 32px">（1）中心和学校根据应聘者的资历、学术成绩、国内外影响、未来工作需求与目标等与应聘者商定工作条件（包括科研启动费、科研用房等）、年薪与住房等其它生活待遇。</p><p style="line-height: 24px;text-indent: 32px">（2）各类岗位的年薪参照标准（院士以及特别杰出的优秀人才可以有所突破，兼职人员按实际兼职月数发放）：</p><p style="line-height: 24px;text-indent: 82px">岗位类别&nbsp;&nbsp; &nbsp;&nbsp;&nbsp;年薪（万元）</p><p style="line-height: 24px;text-indent: 82px">主任研究员&nbsp; &nbsp;&nbsp;30-60万/人</p><p style="line-height: 24px;text-indent: 82px">研究员 &nbsp;&nbsp;&nbsp;&nbsp;&nbsp;&nbsp;&nbsp;20-45万/人</p><p style="line-height: 24px;text-indent: 82px">副研究员&nbsp;&nbsp;&nbsp; &nbsp;&nbsp;10-35万/人</p><p style="line-height: 24px">三、联系方式及聘期</p><p style="line-height: 24px;text-indent: 32px">（1）本招聘启事常年有效，有意应聘者可以随时应聘。</p><p style="line-height: 24px;text-indent: 32px">（2）聘期可以根据各个应聘者的实际情况具体商定。</p><p style="line-height: 24px;text-indent: 32px">（3）有意者请提交个人简历、学术成就（包括论文列表等）给指定联系人。在应聘成功前本中心负责对应聘情况保密。应聘联系方式：</p><p style="line-height: 24px;text-indent: 82px">联系人：吴闽泉</p><p style="line-height: 24px;text-indent: 82px">地址：武汉大学软件工程国家重点实验室</p><p style="line-height: 24px;text-indent: 82px">电话：&nbsp;68775519，139-9567-6013&nbsp;&nbsp;&nbsp;&nbsp;&nbsp;&nbsp;&nbsp; 传真：&nbsp;68776837</p><p style="line-height: 24px;text-indent: 82px">Email：&nbsp;rjgc@whu.edu.cn</p><p style="line-height: 24px">&nbsp;</p><p style="line-height: 24px">&nbsp;</p><p style="line-height: 24px;text-align: right">&nbsp;&nbsp;&nbsp;&nbsp;&nbsp;&nbsp;&nbsp;&nbsp;&nbsp;&nbsp;&nbsp;&nbsp;&nbsp;&nbsp;&nbsp;&nbsp;&nbsp;&nbsp;&nbsp;&nbsp;&nbsp;&nbsp;&nbsp;&nbsp;&nbsp;&nbsp;&nbsp;&nbsp;&nbsp;&nbsp;&nbsp;&nbsp;&nbsp;&nbsp;&nbsp;&nbsp;&nbsp;&nbsp;&nbsp;&nbsp;&nbsp;&nbsp;&nbsp;&nbsp;&nbsp;&nbsp;&nbsp;&nbsp;&nbsp;&nbsp;&nbsp;&nbsp;&nbsp;&nbsp;&nbsp;&nbsp;&nbsp;&nbsp;&nbsp;&nbsp;&nbsp;&nbsp;&nbsp;&nbsp;&nbsp;&nbsp;&nbsp;&nbsp;&nbsp;&nbsp;&nbsp;&nbsp;&nbsp;&nbsp;&nbsp;&nbsp;&nbsp;&nbsp;&nbsp;&nbsp;&nbsp;&nbsp;&nbsp;武汉大学</p><p style="line-height: 24px;text-align: right">2015年4月28日</p><p style="line-height: 24px"><span style="font-size: 14px"><br/><br/></span></p><br/><p style="line-height: 24px"><br/></p></td><td width="5%"><br/></td></tr></tbody></table><p><br/></p>', '', 18, NULL, 1, 10, '2016-07-21 08:16:49', '/images/upload/20160724/1469347712278006.jpg', NULL),
(56, '研究生招生', '', '<table cellspacing="0" cellpadding="0" width="946" style="width: 610px;"><tbody><tr class="firstRow"><td width="36" style="border-width: 1px;border-color: windowtext"><br/></td><td width="263" style="border-width: 1px;border-color: windowtext"><p style="line-height: 24px;text-align: center"><strong>论文题目</strong></p></td><td width="239" style="border-width: 1px;border-color: windowtext"><p style="line-height: 24px;text-align: center"><strong>作者</strong></p></td><td width="216" style="border-width: 1px;border-color: windowtext"><p style="line-height: 24px;text-align: center"><strong>期刊/会议名称</strong></p></td><td width="113" style="border-width: 1px;border-color: windowtext"><p style="line-height: 24px;text-align: center"><strong>卷期页码</strong></p></td><td width="79" style="border-width: 1px;border-color: windowtext"><p style="line-height: 24px;text-align: center"><strong>备注</strong></p></td></tr><tr><td width="36" style="border-width: 1px;border-color: windowtext"><p style="line-height: 24px;text-align: center">1</p></td><td width="263" style="border-width: 1px;border-color: windowtext"><p style="line-height: 24px">Cooperative Secret Key Generation from Phase Estimation in Narrowband Fading Channels</p></td><td width="239" style="border-width: 1px;border-color: windowtext"><p style="line-height: 24px"><strong>Wang, Q（王骞）</strong>, Xu, KH, Ren, K</p></td><td width="216" style="border-width: 1px;border-color: windowtext"><p style="line-height: 24px">IEEE JOURNAL ON SELECTED AREAS IN COMMUNICATIONS</p></td><td width="113" style="border-width: 1px;border-color: windowtext"><p style="line-height: 24px">2012, 30(9):1666-1674</p></td><td width="79" style="border-width: 1px;border-color: windowtext"><p style="line-height: 24px;text-align: center">CCF A类</p><p style="line-height: 24px;text-align: center">网络</p></td></tr><tr><td width="36" style="border-width: 1px;border-color: windowtext"><p style="line-height: 24px;text-align: center">2</p></td><td width="263" style="border-width: 1px;border-color: windowtext"><p style="line-height: 24px">Processing and Evaluating Partial Tree Queries on XML data</p></td><td width="239" style="border-width: 1px;border-color: windowtext"><p style="line-height: 24px"><strong>Xiaoying Wu(吴小莹)</strong>, Stefanos Souldatos, Dimitri Theodoratos, Theodore Dalamagas, Yannis Vassiliou, Timos Sellis</p></td><td width="216" style="border-width: 1px;border-color: windowtext"><p style="line-height: 24px">IEEE Transactions on Knowledge and Data Engineering (TKDE)</p></td><td width="113" style="border-width: 1px;border-color: windowtext"><p style="line-height: 24px">2012, 24(12): 2244-2259,</p></td><td width="79" style="border-width: 1px;border-color: windowtext"><p style="line-height: 24px;text-align: center">CCF A类</p><p style="line-height: 24px;text-align: center">数据库</p></td></tr><tr><td width="36" style="border-width: 1px;border-color: windowtext"><p style="line-height: 24px;text-align: center">3</p></td><td width="263" style="border-width: 1px;border-color: windowtext"><p style="line-height: 24px">Supervised and Unsupervised Parallel Subspace Learning for Large-Scale Image Recognition</p></td><td width="239" style="border-width: 1px;border-color: windowtext"><p style="line-height: 24px"><strong>Jing, XY（荆晓远）</strong>; Li, S; Zhang, D; Yang, J; Yang, JY</p></td><td width="216" style="border-width: 1px;border-color: windowtext"><p style="line-height: 24px">IEEE Transactions on Circuits and Systems for Video Technology</p></td><td width="113" style="border-width: 1px;border-color: windowtext"><p style="line-height: 24px">2012, 22(5):1497-1511</p></td><td width="79" style="border-width: 1px;border-color: windowtext"><p style="line-height: 24px;text-align: center">CCF B类</p><p style="line-height: 24px;text-align: center">图像</p></td></tr><tr><td width="36" style="border-width: 1px;border-color: windowtext"><p style="line-height: 24px;text-align: center">4</p></td><td width="263" style="border-width: 1px;border-color: windowtext"><p style="line-height: 24px"><a style="color: rgb(78, 91, 102)" name="OLE_LINK1"></a>The Shortest Path Problem on a Fuzzy Time-Dependent Network</p></td><td width="239" style="border-width: 1px;border-color: windowtext"><p style="line-height: 24px">Huang Wei,&nbsp;<strong>Ding Lixin（丁立新）</strong></p></td><td width="216" style="border-width: 1px;border-color: windowtext"><p style="line-height: 24px">IEEE Transactions on Communications</p></td><td width="113" style="border-width: 1px;border-color: windowtext"><p style="line-height: 24px">2012, 60 (11): 3376-3385</p></td><td width="79" style="border-width: 1px;border-color: windowtext"><p style="line-height: 24px;text-align: center">CCF B类</p><p style="line-height: 24px;text-align: center">网络</p></td></tr><tr><td width="36" style="border-width: 1px;border-color: windowtext"><p style="line-height: 24px;text-align: center">5</p></td><td width="263" style="border-width: 1px;border-color: windowtext"><p style="line-height: 24px">Evolvable hardware design based on a novel simulated annealing in an embedded system</p></td><td width="239" style="border-width: 1px;border-color: windowtext"><p style="line-height: 24px"><strong>Guoliang He（何国良）</strong>, Naixue Xiong, Laurence T Yang, Tai-hoon Kim, Ching Hsien Hsu, Yuanxiang Li and Ting Hu</p></td><td width="216" style="border-width: 1px;border-color: windowtext"><p style="line-height: 24px">Concurrency and Computation: Practice and Experience</p></td><td width="113" style="border-width: 1px;border-color: windowtext"><p style="line-height: 24px">2012, 24:352-368</p></td><td width="79" style="border-width: 1px;border-color: windowtext"><p style="line-height: 24px;text-align: center">CCF B类</p><p style="line-height: 24px;text-align: center">体系结构</p></td></tr><tr><td width="36" style="border-width: 1px;border-color: windowtext"><p style="line-height: 24px;text-align: center">6</p></td><td width="263" style="border-width: 1px;border-color: windowtext"><p style="line-height: 24px">Supervised and Unsupervised Parallel Subspace Learning for Large-scale Image Recognition</p></td><td width="239" style="border-width: 1px;border-color: windowtext"><p style="line-height: 24px"><strong>Xiao-Yuan Jing（荆晓远）</strong>, Sheng Li, David Zhang, Jian Yang, Jingyu Yang</p></td><td width="216" style="border-width: 1px;border-color: windowtext"><p style="line-height: 24px">IEEE Trans. Circuits and Systems for Video Technology</p></td><td width="113" style="border-width: 1px;border-color: windowtext"><p style="line-height: 24px">2012, 22(10), pp. 1497-1511</p></td><td width="79" style="border-width: 1px;border-color: windowtext"><p style="line-height: 24px;text-align: center">CCF B类</p><p style="line-height: 24px;text-align: center">图像</p></td></tr><tr><td width="36" style="border-width: 1px;border-color: windowtext"><p style="line-height: 24px;text-align: center">7</p></td><td width="263" style="border-width: 1px;border-color: windowtext"><p style="line-height: 24px">Optimal subset-division based discrimination and its kernelization for face and palmprint recognition</p></td><td width="239" style="border-width: 1px;border-color: windowtext"><p style="line-height: 24px"><strong>Xiao-Yuan Jing（荆晓远）</strong>, Sheng Li, David Zhang, Chao Lan, Jingyu Yang</p></td><td width="216" style="border-width: 1px;border-color: windowtext"><p style="line-height: 24px">Pattern&nbsp;Recognition</p></td><td width="113" style="border-width: 1px;border-color: windowtext"><p style="line-height: 24px">2012, 45(10), pp. 3590-3602</p></td><td width="79" style="border-width: 1px;border-color: windowtext"><p style="line-height: 24px;text-align: center">CCF B类</p><p style="line-height: 24px;text-align: center">人工智能</p></td></tr><tr><td width="36" style="border-width: 1px;border-color: windowtext"><p style="line-height: 24px;text-align: center">8</p></td><td width="263" style="border-width: 1px;border-color: windowtext"><p style="line-height: 24px">Mining&nbsp;high&nbsp;utility&nbsp;itemsets&nbsp;without&nbsp;candidate&nbsp;generation</p></td><td width="239" style="border-width: 1px;border-color: windowtext"><p style="line-height: 24px"><strong>Mengchi&nbsp;Liu（刘梦赤）</strong>, Jun-Feng&nbsp;Qu</p></td><td width="216" style="border-width: 1px;border-color: windowtext"><p style="line-height: 24px">CIKM&nbsp;2012</p></td><td width="113" style="border-width: 1px;border-color: windowtext"><p style="line-height: 24px">2012:&nbsp;55-64</p></td><td width="79" style="border-width: 1px;border-color: windowtext"><p style="line-height: 24px;text-align: center">CCF B类</p><p style="line-height: 24px;text-align: center">数据库</p></td></tr><tr><td width="36" style="border-width: 1px;border-color: windowtext"><p style="line-height: 24px;text-align: center">9</p></td><td width="263" style="border-width: 1px;border-color: windowtext"><p style="line-height: 24px">A family of dynamic description logics for representing and reasoning about actions</p></td><td width="239" style="border-width: 1px;border-color: windowtext"><p style="line-height: 24px"><strong>Liang Chang（常亮）</strong>, Zhongzhi Shi, Tianlong Gu, Lingzhong Zhao</p></td><td width="216" style="border-width: 1px;border-color: windowtext"><p style="line-height: 24px">Journal of Automated Reasoning</p></td><td width="113" style="border-width: 1px;border-color: windowtext"><p style="line-height: 24px">2012, 49(1): 1-52</p></td><td width="79" style="border-width: 1px;border-color: windowtext"><p style="line-height: 24px;text-align: center">CCF B类</p><p style="line-height: 24px;text-align: center">人工智能</p><p style="line-height: 24px;text-align: center"><span style="color: rgb(255, 0, 0)">开放课题</span></p></td></tr><tr><td width="36" style="border-width: 1px;border-color: windowtext"><p style="line-height: 24px;text-align: center">10</p></td><td width="263" style="border-width: 1px;border-color: windowtext"><p style="line-height: 24px">MULTI-GRANULARITY KNOWLEDGE MINING ON THE WEB</p></td><td width="239" style="border-width: 1px;border-color: windowtext"><p style="line-height: 24px"><strong>Xie, M（谢铭）</strong></p></td><td width="216" style="border-width: 1px;border-color: windowtext"><p style="line-height: 24px">INTERNATIONAL JOURNAL OF SOFTWARE ENGINEERING AND KNOWLEDGE ENGINEERING</p></td><td width="113" style="border-width: 1px;border-color: windowtext"><p style="line-height: 24px">2012, 22(1):1-16</p></td><td width="79" style="border-width: 1px;border-color: windowtext"><p style="line-height: 24px;text-align: center">CCF C类</p><p style="line-height: 24px;text-align: center">软件工程</p></td></tr><tr><td width="36" style="border-width: 1px;border-color: windowtext"><p style="line-height: 24px;text-align: center">11</p></td><td width="263" style="border-width: 1px;border-color: windowtext"><p style="line-height: 24px">Reputation rating modeling for open environment lack of communication by using online social cognition</p></td><td width="239" style="border-width: 1px;border-color: windowtext"><p style="line-height: 24px">Jiang Lei,<strong>&nbsp;Ding Lixin（丁立新）</strong>, Liu Jianxun, Chen Jinjun</p></td><td width="216" style="border-width: 1px;border-color: windowtext"><p style="line-height: 24px">Journal of Network and Computer Applications</p></td><td width="113" style="border-width: 1px;border-color: windowtext"><p style="line-height: 24px">2012, 35 (3): 881-891</p></td><td width="79" style="border-width: 1px;border-color: windowtext"><p style="line-height: 24px;text-align: center">CCF C类</p><p style="line-height: 24px;text-align: center">网络</p></td></tr><tr><td width="36" style="border-width: 1px;border-color: windowtext"><p style="line-height: 24px;text-align: center">12</p></td><td width="263" style="border-width: 1px;border-color: windowtext"><p style="line-height: 24px">Feature extraction using maximum variance sparse mapping</p></td><td width="239" style="border-width: 1px;border-color: windowtext"><p style="line-height: 24px"><strong>Jin Liu（刘进）</strong>, Bo Li, Wensheng Zhang</p></td><td width="216" style="border-width: 1px;border-color: windowtext"><p style="line-height: 24px">Neural Computing and Applications</p></td><td width="113" style="border-width: 1px;border-color: windowtext"><p style="line-height: 24px">2012, 21(8): 1827-1833</p></td><td width="79" style="border-width: 1px;border-color: windowtext"><p style="line-height: 24px;text-align: center">CCF C类</p><p style="line-height: 24px;text-align: center">人工智能</p></td></tr><tr><td width="36" style="border-width: 1px;border-color: windowtext"><p style="line-height: 24px;text-align: center">13</p></td><td width="263" style="border-width: 1px;border-color: windowtext"><p style="line-height: 24px">Data field-based mechanism for three-dimensional thresholding</p></td><td width="239" style="border-width: 1px;border-color: windowtext"><p style="line-height: 24px"><strong>Wu, T（吴涛）</strong>, Qin, K</p></td><td width="216" style="border-width: 1px;border-color: windowtext"><p style="line-height: 24px">NEUROCOMPUTING</p></td><td width="113" style="border-width: 1px;border-color: windowtext"><p style="line-height: 24px">2012, 97：278-296</p></td><td width="79" style="border-width: 1px;border-color: windowtext"><p style="line-height: 24px;text-align: center">CCF C类</p><p style="line-height: 24px;text-align: center">人工智能</p><p style="line-height: 24px;text-align: center"><span style="color: rgb(255, 0, 0)">开放课题</span></p></td></tr><tr><td width="36" style="border-width: 1px;border-color: windowtext"><p style="line-height: 24px;text-align: center">14</p></td><td width="263" style="border-width: 1px;border-color: windowtext"><p style="line-height: 24px">Irregular community discovery for cloud service improvement</p></td><td width="239" style="border-width: 1px;border-color: windowtext"><p style="line-height: 24px"><strong>Jin Liu（刘进）</strong>, Jing Zhou, Junfeng Wang, Feng Zhang, Fei Liu</p></td><td width="216" style="border-width: 1px;border-color: windowtext"><p style="line-height: 24px">Journal of Supercomputing</p></td><td width="113" style="border-width: 1px;border-color: windowtext"><p style="line-height: 24px">2012, 61(2): 317-336</p></td><td width="79" style="border-width: 1px;border-color: windowtext"><p style="line-height: 24px;text-align: center">CCF C类</p><p style="line-height: 24px;text-align: center">高性能计算</p></td></tr><tr><td width="36" style="border-width: 1px;border-color: windowtext"><p style="line-height: 24px;text-align: center">15</p></td><td width="263" style="border-width: 1px;border-color: windowtext"><p style="line-height: 24px">Face Feature Extraction and Recognition based on Discriminant Subclass-center Manifold Preserving Projection</p></td><td width="239" style="border-width: 1px;border-color: windowtext"><p style="line-height: 24px"><strong>Xiao-Yuan Jing（荆晓远）</strong>, Chao Lan, David Zhang, Jingyu Yang, Min Li, Sheng Li</p></td><td width="216" style="border-width: 1px;border-color: windowtext"><p style="line-height: 24px">Pattern Recognition Letters</p></td><td width="113" style="border-width: 1px;border-color: windowtext"><p style="line-height: 24px">2012，33(6), pp. 709-717</p></td><td width="79" style="border-width: 1px;border-color: windowtext"><p style="line-height: 24px;text-align: center">CCF-C类</p><p style="line-height: 24px;text-align: center">人工智能</p></td></tr><tr><td width="36" style="border-width: 1px;border-color: windowtext"><p style="line-height: 24px;text-align: center">16</p></td><td width="263" style="border-width: 1px;border-color: windowtext"><p style="line-height: 24px">DRE-Specific Wikis for Distributed Requirements Engineering: A Review</p></td><td width="239" style="border-width: 1px;border-color: windowtext"><p style="line-height: 24px"><strong>Rong Peng（彭蓉）</strong>, Han Lai</p></td><td width="216" style="border-width: 1px;border-color: windowtext"><p style="line-height: 24px">APSEC2012</p></td><td width="113" style="border-width: 1px;border-color: windowtext"><p style="line-height: 24px">2012: 47-54</p></td><td width="79" style="border-width: 1px;border-color: windowtext"><p style="line-height: 24px;text-align: center">CCF C类</p><p style="line-height: 24px;text-align: center">软件工程</p></td></tr><tr><td width="36" style="border-width: 1px;border-color: windowtext"><p style="line-height: 24px;text-align: center">17</p></td><td width="263" style="border-width: 1px;border-color: windowtext"><p style="line-height: 24px">Stock Market Volatility Prediction: A Service-Oriented Multi-kernel Learning Approach</p></td><td width="239" style="border-width: 1px;border-color: windowtext"><p style="line-height: 24px"><strong>Feng Wang（王峰）</strong>, Ling Liu, Chenxiao Dou. Stock Market Volatility Prediction</p></td><td width="216" style="border-width: 1px;border-color: windowtext"><p style="line-height: 24px">SCC2012</p></td><td width="113" style="border-width: 1px;border-color: windowtext"><p style="line-height: 24px">2012: 49-56</p></td><td width="79" style="border-width: 1px;border-color: windowtext"><p style="line-height: 24px;text-align: center">CCF C类</p><p style="line-height: 24px;text-align: center">软件工程</p></td></tr><tr><td width="36" style="border-width: 1px;border-color: windowtext"><p style="line-height: 24px;text-align: center">18</p></td><td width="263" style="border-width: 1px;border-color: windowtext"><p style="line-height: 24px">CCRA: Cloud Computing Reference Architecture</p></td><td width="239" style="border-width: 1px;border-color: windowtext"><p style="line-height: 24px"><strong>Jing Liu</strong><strong>（刘婧）</strong>, Liangjie Zhang, Keqing He</p></td><td width="216" style="border-width: 1px;border-color: windowtext"><p style="line-height: 24px">SCC 2012</p></td><td width="113" style="border-width: 1px;border-color: windowtext"><p style="line-height: 24px">2012:</p></td><td width="79" style="border-width: 1px;border-color: windowtext"><p style="line-height: 24px;text-align: center">CCF C类</p><p style="line-height: 24px;text-align: center">软件工程</p></td></tr><tr><td width="36" style="border-width: 1px;border-color: windowtext"><p style="line-height: 24px;text-align: center">19</p></td><td width="263" style="border-width: 1px;border-color: windowtext"><p style="line-height: 24px">A New Approach for Date Sharing and Recommendation in Social Web</p></td><td width="239" style="border-width: 1px;border-color: windowtext"><p style="line-height: 24px">Dawen Jia,&nbsp;<strong>Cheng Zeng(</strong><strong>曾承</strong><strong>)</strong>，Wenhui Nie, Zhihao Li, Zhiyong Peng</p></td><td width="216" style="border-width: 1px;border-color: windowtext"><p style="line-height: 24px">DEXA 2012</p></td><td width="113" style="border-width: 1px;border-color: windowtext"><p style="line-height: 24px">2012</p></td><td width="79" style="border-width: 1px;border-color: windowtext"><p style="line-height: 24px;text-align: center">CCF C类</p><p style="line-height: 24px;text-align: center">数据库</p></td></tr><tr><td width="36" style="border-width: 1px;border-color: windowtext"><p style="line-height: 24px;text-align: center">20</p></td><td width="263" style="border-width: 1px;border-color: windowtext"><p style="line-height: 24px">A&nbsp;Fast&nbsp;Algorithm&nbsp;for&nbsp;Frequent&nbsp;Itemset&nbsp;Mining&nbsp;Using&nbsp;Patricia*&nbsp;Structures</p></td><td width="239" style="border-width: 1px;border-color: windowtext"><p style="line-height: 24px">Jun-Feng&nbsp;Qu,&nbsp;<strong>Mengchi&nbsp;Liu</strong><strong>（刘梦赤）</strong></p></td><td width="216" style="border-width: 1px;border-color: windowtext"><p style="line-height: 24px">DEXA 2012</p></td><td width="113" style="border-width: 1px;border-color: windowtext"><p style="line-height: 24px">2012:&nbsp;453-467</p></td><td width="79" style="border-width: 1px;border-color: windowtext"><p style="line-height: 24px;text-align: center">CCF C类</p><p style="line-height: 24px;text-align: center">数据库</p></td></tr><tr><td width="36" style="border-width: 1px;border-color: windowtext"><p style="line-height: 24px;text-align: center">21</p></td><td width="263" style="border-width: 1px;border-color: windowtext"><p style="line-height: 24px">A&nbsp;High-Performance&nbsp;Algorithm&nbsp;for&nbsp;Frequent&nbsp;Itemset&nbsp;Mining</p></td><td width="239" style="border-width: 1px;border-color: windowtext"><p style="line-height: 24px">Jun-Feng&nbsp;Qu,&nbsp;<strong>Mengchi&nbsp;Liu</strong><strong>（刘梦赤）</strong></p></td><td width="216" style="border-width: 1px;border-color: windowtext"><p style="line-height: 24px">WAIM&nbsp;2012</p></td><td width="113" style="border-width: 1px;border-color: windowtext"><p style="line-height: 24px">2012:&nbsp;71-82&nbsp;</p></td><td width="79" style="border-width: 1px;border-color: windowtext"><p style="line-height: 24px;text-align: center">CCF C类</p><p style="line-height: 24px;text-align: center">数据库</p></td></tr><tr><td width="36" style="border-width: 1px;border-color: windowtext"><p style="line-height: 24px;text-align: center">22</p></td><td width="263" style="border-width: 1px;border-color: windowtext"><p style="line-height: 24px">Leveraging Network Structure for Incremental Document Clustering</p></td><td width="239" style="border-width: 1px;border-color: windowtext"><p style="line-height: 24px"><strong>Tieyun Qian</strong><strong>（钱铁云）</strong>, Jianfeng Si, Qing Li, Qian Yu</p></td><td width="216" style="border-width: 1px;border-color: windowtext"><p style="line-height: 24px">APWeb 2012</p></td><td width="113" style="border-width: 1px;border-color: windowtext"><p style="line-height: 24px">2012: 342-353</p></td><td width="79" style="border-width: 1px;border-color: windowtext"><p style="line-height: 24px;text-align: center">CCF C类</p><p style="line-height: 24px;text-align: center">数据库</p></td></tr><tr><td width="36" style="border-width: 1px;border-color: windowtext"><p style="line-height: 24px;text-align: center">23</p></td><td width="263" style="border-width: 1px;border-color: windowtext"><p style="line-height: 24px">Context-Aware Role Mining for Mobile Service Recommendation</p></td><td width="239" style="border-width: 1px;border-color: windowtext"><p style="line-height: 24px"><strong>Jian Wang</strong><strong>（王健）</strong>, Cheng Zeng, Chuan He, Liang Hong, Liang Zhou,Raymond K. Wong, Jilei Tian</p></td><td width="216" style="border-width: 1px;border-color: windowtext"><p style="line-height: 24px">SAC 2012</p></td><td width="113" style="border-width: 1px;border-color: windowtext"><p style="line-height: 24px">2012:173-178</p></td><td width="79" style="border-width: 1px;border-color: windowtext"><p style="line-height: 24px;text-align: center">CCF C类</p><p style="line-height: 24px;text-align: center">信息安全</p></td></tr><tr><td width="36" style="border-width: 1px;border-color: windowtext"><p style="line-height: 24px;text-align: center">24</p></td><td width="263" valign="top" style="border-width: 1px;border-color: windowtext"><p style="line-height: 24px;text-align: center"><span style="font-size: 9px"></span></p><p style="line-height: 24px">Palmprint and Face Multi-Modal Biometric Recognition Based on SDA-GSVD and Its Kemelization</p></td><td width="239" valign="top" style="border-width: 1px;border-color: windowtext"><p style="line-height: 24px"><strong>Xiao-Yuan Jing</strong><strong>（荆晓远）</strong>, Sheng Li, Wenqian Li, Yongfang Yao, Chao Lan, Jiasen Lu and Jingyu Yang</p></td><td width="216" valign="top" style="border-width: 1px;border-color: windowtext"><p style="line-height: 24px">Sensors</p></td><td width="113" valign="top" style="border-width: 1px;border-color: windowtext"><p style="line-height: 24px">2012, 12(5), pp. 5551-5571</p></td><td width="79" valign="top" style="border-width: 1px;border-color: windowtext"><p style="line-height: 24px;text-align: center">SCI&nbsp;二区</p></td></tr></tbody></table><p style="line-height: 24px;color: rgb(101, 100, 100);font-family: Arial, Helvetica, sans-serif;font-size: 12px;white-space: normal;background-color: rgb(255, 255, 255)">&nbsp;</p><p><br/></p>', '', 18, NULL, 1, 10, '2016-07-21 08:50:43', '', NULL),
(57, '研究生招生', '', '<h2 id="nav-justified" style="box-sizing: border-box; font-family: &quot;Helvetica Neue&quot;, Helvetica, &quot;Microsoft Yahei&quot;, &quot;Hiragino Sans GB&quot;, &quot;WenQuanYi Micro Hei&quot;, sans-serif; font-weight: 500; line-height: 1.1; color: rgb(51, 51, 51); margin-top: 20px; margin-bottom: 10px; font-size: 30px; white-space: normal; background-color: rgb(255, 255, 255);">两端对齐的标签页</h2><p style="box-sizing: border-box; margin-top: 0px; margin-bottom: 1em; line-height: 1.75; color: rgb(51, 51, 51); font-family: &quot;Helvetica Neue&quot;, Helvetica, &quot;Microsoft Yahei&quot;, &quot;Hiragino Sans GB&quot;, &quot;WenQuanYi Micro Hei&quot;, sans-serif; white-space: normal; background-color: rgb(255, 255, 255);">在大于 768px 的屏幕上，通过&nbsp;<code style="box-sizing: border-box; font-family: Menlo, Monaco, Consolas, &quot;Courier New&quot;, monospace; font-size: 14.4px; padding: 2px 4px; color: rgb(199, 37, 78); border-radius: 4px; background-color: rgb(249, 242, 244);">.nav-justified</code>&nbsp;类可以很容易的让标签页或胶囊式标签呈现出同等宽度。在小屏幕上，导航链接呈现堆叠样式。</p><p style="box-sizing: border-box; margin-top: 0px; margin-bottom: 1em; line-height: 1.75; color: rgb(51, 51, 51); font-family: &quot;Helvetica Neue&quot;, Helvetica, &quot;Microsoft Yahei&quot;, &quot;Hiragino Sans GB&quot;, &quot;WenQuanYi Micro Hei&quot;, sans-serif; white-space: normal; background-color: rgb(255, 255, 255);"><span class="text-danger" style="box-sizing: border-box; font-weight: 700; color: rgb(169, 68, 66);">两端对齐的导航条导航链接已经被弃用了。</span></p><h4 style="box-sizing: border-box; font-family: inherit; font-weight: 500; line-height: 1.1; color: rgb(170, 103, 8); margin-top: 0px; margin-bottom: 5px; font-size: 18px;">Safari 和响应式两端对齐导航</h4><p style="box-sizing: border-box; margin-top: 0px; margin-bottom: 0px; font-size: 16px; line-height: 1.75;">从 v8.0 版本开始，Safari 有一个bug：对于两端对齐的导航，水平改变浏览器大小将引起绘制错误。此bug可以在<a href="http://v3.bootcss.com/examples/justified-nav/" style="box-sizing: border-box; color: rgb(51, 122, 183); text-decoration: none; margin-bottom: 0px; background-color: transparent;">两端对齐的导航实例</a>中得到重现。</p><p><br/></p>', '', 18, NULL, 1, 10, '2016-07-21 08:51:11', '', NULL),
(58, '研究队伍', '', '<p style="color: rgb(102, 102, 102); font-family: Arial, Helvetica, sans-serif; font-size: 12px; line-height: 25px; white-space: normal; background-color: rgb(255, 255, 255);"><span style="font-family: &quot;Microsoft YaHei&quot;; color: rgb(0, 51, 153); font-size: 18px;">中国工程院院士：刘经南</span></p><p style="color: rgb(102, 102, 102); font-family: Arial, Helvetica, sans-serif; font-size: 12px; line-height: 25px; white-space: normal; background-color: rgb(255, 255, 255);"><span style="font-family: &quot;Microsoft YaHei&quot;; color: rgb(0, 51, 153); font-size: 18px;">千人计划专家：周怀北</span></p><p style="color: rgb(102, 102, 102); font-family: Arial, Helvetica, sans-serif; font-size: 12px; line-height: 25px; white-space: normal; background-color: rgb(255, 255, 255);"><span style="font-family: &quot;Microsoft YaHei&quot;; color: rgb(0, 51, 153); font-size: 18px;">国家杰出青年科学基金获得者：徐宝文、刘梦赤</span></p><p style="color: rgb(102, 102, 102); font-family: Arial, Helvetica, sans-serif; font-size: 12px; line-height: 25px; white-space: normal; background-color: rgb(255, 255, 255);"><span style="font-family: &quot;Microsoft YaHei&quot;; color: rgb(0, 51, 153); font-size: 18px;">青年千人专家：王骞、陈震中、李宗鹏</span></p><p style="color: rgb(102, 102, 102); font-family: Arial, Helvetica, sans-serif; font-size: 12px; line-height: 25px; white-space: normal; background-color: rgb(255, 255, 255);"><span style="font-family: &quot;Microsoft YaHei&quot;; color: rgb(0, 51, 153); font-size: 18px;">教育部跨世纪人才：徐宝文、李元香</span></p><p style="color: rgb(102, 102, 102); font-family: Arial, Helvetica, sans-serif; font-size: 12px; line-height: 25px; white-space: normal; background-color: rgb(255, 255, 255);"><span style="font-family: &quot;Microsoft YaHei&quot;; color: rgb(0, 51, 153); font-size: 18px;">教育部</span><span style="font-family: &quot;Microsoft YaHei&quot;; color: rgb(0, 51, 153); font-size: 18px;">新世纪人才：彭智勇、刘娟、荆晓远、肖春霞</span></p><p style="color: rgb(102, 102, 102); font-family: Arial, Helvetica, sans-serif; font-size: 12px; line-height: 25px; white-space: normal; background-color: rgb(255, 255, 255);"><span style="font-family: &quot;Microsoft YaHei&quot;; color: rgb(0, 51, 153); font-size: 18px;">湖北省百人计划专家：彭智勇、颜松远、刘梦赤、李宗鹏</span></p><p style="color: rgb(102, 102, 102); font-family: Arial, Helvetica, sans-serif; font-size: 12px; line-height: 25px; white-space: normal; background-color: rgb(255, 255, 255);"><span style="font-family: &quot;Microsoft YaHei&quot;; color: rgb(0, 51, 153); font-size: 18px;">湖北省楚天学者：荆晓远、吴小莹、王志波</span></p><p><br/></p>', '', 28, NULL, 1, 10, '2016-07-21 15:39:35', '', NULL);
INSERT INTO `document` (`id`, `title`, `breviary`, `content`, `author`, `cate`, `view`, `status`, `level`, `create_at`, `pic`, `create_by`) VALUES
(59, '日志分析补充配置', '', '<p style="box-sizing: border-box; margin-top: 0px; margin-bottom: 10px; color: rgb(51, 51, 51); font-family: &quot;Helvetica Neue&quot;, Helvetica, Arial, sans-serif; font-size: 14px; line-height: 20px; white-space: normal; background-color: rgb(255, 255, 255);">日志和分析是简单但强大的工具，可以帮助你理解框架和应用两者的执行流程。这些工具对开发和生产环境都很有用。</p><p style="box-sizing: border-box; margin-top: 0px; margin-bottom: 10px; color: rgb(51, 51, 51); font-family: &quot;Helvetica Neue&quot;, Helvetica, Arial, sans-serif; font-size: 14px; line-height: 20px; white-space: normal; background-color: rgb(255, 255, 255);">在生产环境，应该只记录特别重要的信息，如<a href="http://www.yiifans.com/yii2/guide/runtime-logging.html" style="box-sizing: border-box; color: rgb(66, 139, 202); text-decoration: none; background: transparent;">日志</a>所描述的。生产环境持续记录所有信息对性能损耗严重。</p><p style="box-sizing: border-box; margin-top: 0px; margin-bottom: 10px; color: rgb(51, 51, 51); font-family: &quot;Helvetica Neue&quot;, Helvetica, Arial, sans-serif; font-size: 14px; line-height: 20px; white-space: normal; background-color: rgb(255, 255, 255);">在开发环境中，越多日志越好，记录执行跟踪尤其有用。</p><p style="box-sizing: border-box; margin-top: 0px; margin-bottom: 10px; color: rgb(51, 51, 51); font-family: &quot;Helvetica Neue&quot;, Helvetica, Arial, sans-serif; font-size: 14px; line-height: 20px; white-space: normal; background-color: rgb(255, 255, 255);">为了看到追溯信息，这些信息能帮助你理解框架内部发生什么，需要在配置文件设置追溯级别：</p><table cellpadding="0" cellspacing="0" width="748" height="NaN" style="width: 616px;"><tbody style="box-sizing: content-box !important; border-radius: 0px !important; border: 0px !important; bottom: auto !important; float: none !important; height: auto !important; left: auto !important; line-height: 1.5em !important; margin: 0px !important; outline: 0px !important; overflow: visible !important; padding: 0px !important; position: static !important; right: auto !important; top: auto !important; width: auto !important; font-size: 1em !important; min-height: auto !important; background: none !important;"><tr style="box-sizing: content-box !important; border-radius: 0px !important; border: 0px !important; bottom: auto !important; float: none !important; height: auto !important; left: auto !important; line-height: 1.5em !important; margin: 0px !important; outline: 0px !important; overflow: visible !important; padding: 0px !important; position: static !important; right: auto !important; top: auto !important; width: auto !important; font-size: 1em !important; min-height: auto !important; background: none !important;" class="firstRow"><td class="gutter" style="box-sizing: content-box !important; padding: 0px !important; border-radius: 0px !important; border: 0px !important; bottom: auto !important; float: none !important; left: auto !important; line-height: 1.5em !important; margin: 0px !important; outline: 0px !important; overflow: visible !important; position: static !important; right: auto !important; top: auto !important; font-size: 1em !important; min-height: auto !important; color: rgb(175, 175, 175) !important; background: none !important;" width="NaN" height="NaN"><div class="line number1 index0 alt2" style="box-sizing: content-box !important; border-radius: 0px !important; border-width: 0px 3px 0px 0px !important; border-right-style: solid !important; border-right-color: rgb(108, 226, 108) !important; bottom: auto !important; float: none !important; height: auto !important; left: auto !important; line-height: 1.5em !important; margin: 0px !important; outline: 0px !important; overflow: visible !important; padding: 0px 0.5em 0px 1em !important; position: static !important; right: auto !important; text-align: right !important; top: auto !important; width: auto !important; font-size: 1em !important; min-height: auto !important; white-space: pre !important; background-image: none !important; background-attachment: initial !important; background-size: initial !important; background-origin: initial !important; background-clip: initial !important; background-position: initial !important; background-repeat: initial !important;">1</div><div class="line number2 index1 alt1" style="box-sizing: content-box !important; border-radius: 0px !important; border-width: 0px 3px 0px 0px !important; border-right-style: solid !important; border-right-color: rgb(108, 226, 108) !important; bottom: auto !important; float: none !important; height: auto !important; left: auto !important; line-height: 1.5em !important; margin: 0px !important; outline: 0px !important; overflow: visible !important; padding: 0px 0.5em 0px 1em !important; position: static !important; right: auto !important; text-align: right !important; top: auto !important; width: auto !important; font-size: 1em !important; min-height: auto !important; white-space: pre !important; background-image: none !important; background-attachment: initial !important; background-size: initial !important; background-origin: initial !important; background-clip: initial !important; background-position: initial !important; background-repeat: initial !important;">2</div><div class="line number3 index2 alt2" style="box-sizing: content-box !important; border-radius: 0px !important; border-width: 0px 3px 0px 0px !important; border-right-style: solid !important; border-right-color: rgb(108, 226, 108) !important; bottom: auto !important; float: none !important; height: auto !important; left: auto !important; line-height: 1.5em !important; margin: 0px !important; outline: 0px !important; overflow: visible !important; padding: 0px 0.5em 0px 1em !important; position: static !important; right: auto !important; text-align: right !important; top: auto !important; width: auto !important; font-size: 1em !important; min-height: auto !important; white-space: pre !important; background-image: none !important; background-attachment: initial !important; background-size: initial !important; background-origin: initial !important; background-clip: initial !important; background-position: initial !important; background-repeat: initial !important;">3</div><div class="line number4 index3 alt1" style="box-sizing: content-box !important; border-radius: 0px !important; border-width: 0px 3px 0px 0px !important; border-right-style: solid !important; border-right-color: rgb(108, 226, 108) !important; bottom: auto !important; float: none !important; height: auto !important; left: auto !important; line-height: 1.5em !important; margin: 0px !important; outline: 0px !important; overflow: visible !important; padding: 0px 0.5em 0px 1em !important; position: static !important; right: auto !important; text-align: right !important; top: auto !important; width: auto !important; font-size: 1em !important; min-height: auto !important; white-space: pre !important; background-image: none !important; background-attachment: initial !important; background-size: initial !important; background-origin: initial !important; background-clip: initial !important; background-position: initial !important; background-repeat: initial !important;">4</div><div class="line number5 index4 alt2" style="box-sizing: content-box !important; border-radius: 0px !important; border-width: 0px 3px 0px 0px !important; border-right-style: solid !important; border-right-color: rgb(108, 226, 108) !important; bottom: auto !important; float: none !important; height: auto !important; left: auto !important; line-height: 1.5em !important; margin: 0px !important; outline: 0px !important; overflow: visible !important; padding: 0px 0.5em 0px 1em !important; position: static !important; right: auto !important; text-align: right !important; top: auto !important; width: auto !important; font-size: 1em !important; min-height: auto !important; white-space: pre !important; background-image: none !important; background-attachment: initial !important; background-size: initial !important; background-origin: initial !important; background-clip: initial !important; background-position: initial !important; background-repeat: initial !important;">5</div></td><td class="code" style="box-sizing: content-box !important; padding: 0px !important; border-radius: 0px !important; border: 0px !important; bottom: auto !important; float: none !important; left: auto !important; line-height: 1.5em !important; margin: 0px !important; outline: 0px !important; overflow: visible !important; position: static !important; right: auto !important; top: auto !important; font-size: 1em !important; min-height: auto !important; background: none !important;" width="715" height="NaN"><div class="line number1 index0 alt2" style="box-sizing: content-box !important; border-radius: 0px !important; border: 0px !important; bottom: auto !important; float: none !important; height: auto !important; left: auto !important; line-height: 1.5em !important; margin: 0px !important; outline: 0px !important; overflow: visible !important; padding: 0px 1em !important; position: static !important; right: auto !important; top: auto !important; width: auto !important; font-size: 1em !important; min-height: auto !important; white-space: pre !important; background-image: none !important; background-attachment: initial !important; background-size: initial !important; background-origin: initial !important; background-clip: initial !important; background-position: initial !important; background-repeat: initial !important;"><code class="php keyword" style="box-sizing: content-box !important; font-family: monaco, Consolas, &quot;Bitstream Vera Sans Mono&quot;, &quot;Courier New&quot;, Courier, monospace !important; font-size: 1em !important; padding: 0px !important; color: rgb(0, 102, 153) !important; border-radius: 0px !important; border: 0px !important; bottom: auto !important; float: none !important; height: auto !important; left: auto !important; line-height: 1.5em !important; margin: 0px !important; outline: 0px !important; overflow: visible !important; position: static !important; right: auto !important; top: auto !important; width: auto !important; font-weight: bold !important; min-height: auto !important; background: none !important;">return</code> <code class="php plain" style="box-sizing: content-box !important; font-family: monaco, Consolas, &quot;Bitstream Vera Sans Mono&quot;, &quot;Courier New&quot;, Courier, monospace !important; font-size: 1em !important; padding: 0px !important; color: black !important; border-radius: 0px !important; border: 0px !important; bottom: auto !important; float: none !important; height: auto !important; left: auto !important; line-height: 1.5em !important; margin: 0px !important; outline: 0px !important; overflow: visible !important; position: static !important; right: auto !important; top: auto !important; width: auto !important; min-height: auto !important; background: none !important;">[</code></div><div class="line number2 index1 alt1" style="box-sizing: content-box !important; border-radius: 0px !important; border: 0px !important; bottom: auto !important; float: none !important; height: auto !important; left: auto !important; line-height: 1.5em !important; margin: 0px !important; outline: 0px !important; overflow: visible !important; padding: 0px 1em !important; position: static !important; right: auto !important; top: auto !important; width: auto !important; font-size: 1em !important; min-height: auto !important; white-space: pre !important; background-image: none !important; background-attachment: initial !important; background-size: initial !important; background-origin: initial !important; background-clip: initial !important; background-position: initial !important; background-repeat: initial !important;"><code class="php spaces" style="color: rgb(199, 37, 78); box-sizing: content-box !important; font-family: monaco, Consolas, &quot;Bitstream Vera Sans Mono&quot;, &quot;Courier New&quot;, Courier, monospace !important; font-size: 1em !important; padding: 0px !important; border-radius: 0px !important; border: 0px !important; bottom: auto !important; float: none !important; height: auto !important; left: auto !important; line-height: 1.5em !important; margin: 0px !important; outline: 0px !important; overflow: visible !important; position: static !important; right: auto !important; top: auto !important; width: auto !important; min-height: auto !important; background: none !important;">&nbsp;&nbsp;&nbsp;&nbsp;</code><code class="php comments" style="box-sizing: content-box !important; font-family: monaco, Consolas, &quot;Bitstream Vera Sans Mono&quot;, &quot;Courier New&quot;, Courier, monospace !important; font-size: 1em !important; padding: 0px !important; color: rgb(0, 130, 0) !important; border-radius: 0px !important; border: 0px !important; bottom: auto !important; float: none !important; height: auto !important; left: auto !important; line-height: 1.5em !important; margin: 0px !important; outline: 0px !important; overflow: visible !important; position: static !important; right: auto !important; top: auto !important; width: auto !important; min-height: auto !important; background: none !important;">// ...</code></div><div class="line number3 index2 alt2" style="box-sizing: content-box !important; border-radius: 0px !important; border: 0px !important; bottom: auto !important; float: none !important; height: auto !important; left: auto !important; line-height: 1.5em !important; margin: 0px !important; outline: 0px !important; overflow: visible !important; padding: 0px 1em !important; position: static !important; right: auto !important; top: auto !important; width: auto !important; font-size: 1em !important; min-height: auto !important; white-space: pre !important; background-image: none !important; background-attachment: initial !important; background-size: initial !important; background-origin: initial !important; background-clip: initial !important; background-position: initial !important; background-repeat: initial !important;"><code class="php spaces" style="color: rgb(199, 37, 78); box-sizing: content-box !important; font-family: monaco, Consolas, &quot;Bitstream Vera Sans Mono&quot;, &quot;Courier New&quot;, Courier, monospace !important; font-size: 1em !important; padding: 0px !important; border-radius: 0px !important; border: 0px !important; bottom: auto !important; float: none !important; height: auto !important; left: auto !important; line-height: 1.5em !important; margin: 0px !important; outline: 0px !important; overflow: visible !important; position: static !important; right: auto !important; top: auto !important; width: auto !important; min-height: auto !important; background: none !important;">&nbsp;&nbsp;&nbsp;&nbsp;</code><code class="php string" style="box-sizing: content-box !important; font-family: monaco, Consolas, &quot;Bitstream Vera Sans Mono&quot;, &quot;Courier New&quot;, Courier, monospace !important; font-size: 1em !important; padding: 0px !important; color: blue !important; border-radius: 0px !important; border: 0px !important; bottom: auto !important; float: none !important; height: auto !important; left: auto !important; line-height: 1.5em !important; margin: 0px !important; outline: 0px !important; overflow: visible !important; position: static !important; right: auto !important; top: auto !important; width: auto !important; min-height: auto !important; background: none !important;">&#39;components&#39;</code> <code class="php plain" style="box-sizing: content-box !important; font-family: monaco, Consolas, &quot;Bitstream Vera Sans Mono&quot;, &quot;Courier New&quot;, Courier, monospace !important; font-size: 1em !important; padding: 0px !important; color: black !important; border-radius: 0px !important; border: 0px !important; bottom: auto !important; float: none !important; height: auto !important; left: auto !important; line-height: 1.5em !important; margin: 0px !important; outline: 0px !important; overflow: visible !important; position: static !important; right: auto !important; top: auto !important; width: auto !important; min-height: auto !important; background: none !important;">=&gt; [</code></div><div class="line number4 index3 alt1" style="box-sizing: content-box !important; border-radius: 0px !important; border: 0px !important; bottom: auto !important; float: none !important; height: auto !important; left: auto !important; line-height: 1.5em !important; margin: 0px !important; outline: 0px !important; overflow: visible !important; padding: 0px 1em !important; position: static !important; right: auto !important; top: auto !important; width: auto !important; font-size: 1em !important; min-height: auto !important; white-space: pre !important; background-image: none !important; background-attachment: initial !important; background-size: initial !important; background-origin: initial !important; background-clip: initial !important; background-position: initial !important; background-repeat: initial !important;"><code class="php spaces" style="color: rgb(199, 37, 78); box-sizing: content-box !important; font-family: monaco, Consolas, &quot;Bitstream Vera Sans Mono&quot;, &quot;Courier New&quot;, Courier, monospace !important; font-size: 1em !important; padding: 0px !important; border-radius: 0px !important; border: 0px !important; bottom: auto !important; float: none !important; height: auto !important; left: auto !important; line-height: 1.5em !important; margin: 0px !important; outline: 0px !important; overflow: visible !important; position: static !important; right: auto !important; top: auto !important; width: auto !important; min-height: auto !important; background: none !important;">&nbsp;&nbsp;&nbsp;&nbsp;&nbsp;&nbsp;&nbsp;&nbsp;</code><code class="php string" style="box-sizing: content-box !important; font-family: monaco, Consolas, &quot;Bitstream Vera Sans Mono&quot;, &quot;Courier New&quot;, Courier, monospace !important; font-size: 1em !important; padding: 0px !important; color: blue !important; border-radius: 0px !important; border: 0px !important; bottom: auto !important; float: none !important; height: auto !important; left: auto !important; line-height: 1.5em !important; margin: 0px !important; outline: 0px !important; overflow: visible !important; position: static !important; right: auto !important; top: auto !important; width: auto !important; min-height: auto !important; background: none !important;">&#39;log&#39;</code> <code class="php plain" style="box-sizing: content-box !important; font-family: monaco, Consolas, &quot;Bitstream Vera Sans Mono&quot;, &quot;Courier New&quot;, Courier, monospace !important; font-size: 1em !important; padding: 0px !important; color: black !important; border-radius: 0px !important; border: 0px !important; bottom: auto !important; float: none !important; height: auto !important; left: auto !important; line-height: 1.5em !important; margin: 0px !important; outline: 0px !important; overflow: visible !important; position: static !important; right: auto !important; top: auto !important; width: auto !important; min-height: auto !important; background: none !important;">=&gt; [</code></div><div class="line number5 index4 alt2" style="box-sizing: content-box !important; border-radius: 0px !important; border: 0px !important; bottom: auto !important; float: none !important; height: auto !important; left: auto !important; line-height: 1.5em !important; margin: 0px !important; outline: 0px !important; overflow: visible !important; padding: 0px 1em !important; position: static !important; right: auto !important; top: auto !important; width: auto !important; font-size: 1em !important; min-height: auto !important; white-space: pre !important; background-image: none !important; background-attachment: initial !important; background-size: initial !important; background-origin: initial !important; background-clip: initial !important; background-position: initial !important; background-repeat: initial !important;"><code class="php spaces" style="color: rgb(199, 37, 78); box-sizing: content-box !important; font-family: monaco, Consolas, &quot;Bitstream Vera Sans Mono&quot;, &quot;Courier New&quot;, Courier, monospace !important; font-size: 1em !important; padding: 0px !important; border-radius: 0px !important; border: 0px !important; bottom: auto !important; float: none !important; height: auto !important; left: auto !important; line-height: 1.5em !important; margin: 0px !important; outline: 0px !important; overflow: visible !important; position: static !important; right: auto !important; top: auto !important; width: auto !important; min-height: auto !important; background: none !important;">&nbsp;&nbsp;&nbsp;&nbsp;&nbsp;&nbsp;&nbsp;&nbsp;&nbsp;&nbsp;&nbsp;&nbsp;</code><code class="php string" style="box-sizing: content-box !important; font-family: monaco, Consolas, &quot;Bitstream Vera Sans Mono&quot;, &quot;Courier New&quot;, Courier, monospace !important; font-size: 1em !important; padding: 0px !important; color: blue !important; border-radius: 0px !important; border: 0px !important; bottom: auto !important; float: none !important; height: auto !important; left: auto !important; line-height: 1.5em !important; margin: 0px !important; outline: 0px !important; overflow: visible !important; position: static !important; right: auto !important; top: auto !important; width: auto !important; min-height: auto !important; background: none !important;">&#39;traceLevel&#39;</code> <code class="php plain" style="box-sizing: content-box !important; font-family: monaco, Consolas, &quot;Bitstream Vera Sans Mono&quot;, &quot;Courier New&quot;, Courier, monospace !important; font-size: 1em !important; padding: 0px !important; color: black !important; border-radius: 0px !important; border: 0px !important; bottom: auto !important; float: none !important; height: auto !important; left: auto !important; line-height: 1.5em !important; margin: 0px !important; outline: 0px !important; overflow: visible !important; position: static !important; right: auto !important; top: auto !important; width: auto !important; min-height: auto !important; background: none !important;">=&gt; YII_DEBUG ? 3 : 0, </code><code class="php comments" style="box-sizing: content-box !important; font-family: monaco, Consolas, &quot;Bitstream Vera Sans Mono&quot;, &quot;Courier New&quot;, Courier, monospace !important; font-size: 1em !important; padding: 0px !important; color: rgb(0, 130, 0) !important; border-radius: 0px !important; border: 0px !important; bottom: auto !important; float: none !important; height: auto !important; left: auto !important; line-height: 1.5em !important; margin: 0px !important; outline: 0px !important; overflow: visible !important; position: static !important; right: auto !important; top: auto !important; width: auto !important; min-height: auto !important; background: none !important;">// &lt;-- 这里</code></div></td></tr></tbody></table><p style="box-sizing: border-box; margin-top: 0px; margin-bottom: 10px; color: rgb(51, 51, 51); font-family: &quot;Helvetica Neue&quot;, Helvetica, Arial, sans-serif; font-size: 14px; line-height: 20px; white-space: normal; background-color: rgb(255, 255, 255);">Yii 运行在调试模式的缺省追溯级别自动设置为 3 ，由你的<code style="box-sizing: border-box; font-family: Menlo, Monaco, Consolas, &quot;Courier New&quot;, monospace; font-size: 12.6px; padding: 2px 4px; color: rgb(199, 37, 78); border-radius: 4px; background-color: rgb(249, 242, 244);">&nbsp;index.php&nbsp;</code>文件的以下部分决定：</p><table cellpadding="0" cellspacing="0" width="748" height="NaN" style="width: 616px;"><tbody style="box-sizing: content-box !important; border-radius: 0px !important; border: 0px !important; bottom: auto !important; float: none !important; height: auto !important; left: auto !important; line-height: 1.5em !important; margin: 0px !important; outline: 0px !important; overflow: visible !important; padding: 0px !important; position: static !important; right: auto !important; top: auto !important; width: auto !important; font-size: 1em !important; min-height: auto !important; background: none !important;"><tr style="box-sizing: content-box !important; border-radius: 0px !important; border: 0px !important; bottom: auto !important; float: none !important; height: auto !important; left: auto !important; line-height: 1.5em !important; margin: 0px !important; outline: 0px !important; overflow: visible !important; padding: 0px !important; position: static !important; right: auto !important; top: auto !important; width: auto !important; font-size: 1em !important; min-height: auto !important; background: none !important;" class="firstRow"><td class="gutter" style="box-sizing: content-box !important; padding: 0px !important; border-radius: 0px !important; border: 0px !important; bottom: auto !important; float: none !important; left: auto !important; line-height: 1.5em !important; margin: 0px !important; outline: 0px !important; overflow: visible !important; position: static !important; right: auto !important; top: auto !important; font-size: 1em !important; min-height: auto !important; color: rgb(175, 175, 175) !important; background: none !important;" width="NaN" height="NaN"><div class="line number1 index0 alt2" style="box-sizing: content-box !important; border-radius: 0px !important; border-width: 0px 3px 0px 0px !important; border-right-style: solid !important; border-right-color: rgb(108, 226, 108) !important; bottom: auto !important; float: none !important; height: auto !important; left: auto !important; line-height: 1.5em !important; margin: 0px !important; outline: 0px !important; overflow: visible !important; padding: 0px 0.5em 0px 1em !important; position: static !important; right: auto !important; text-align: right !important; top: auto !important; width: auto !important; font-size: 1em !important; min-height: auto !important; white-space: pre !important; background-image: none !important; background-attachment: initial !important; background-size: initial !important; background-origin: initial !important; background-clip: initial !important; background-position: initial !important; background-repeat: initial !important;">1</div></td><td class="code" style="box-sizing: content-box !important; padding: 0px !important; border-radius: 0px !important; border: 0px !important; bottom: auto !important; float: none !important; left: auto !important; line-height: 1.5em !important; margin: 0px !important; outline: 0px !important; overflow: visible !important; position: static !important; right: auto !important; top: auto !important; font-size: 1em !important; min-height: auto !important; background: none !important;" width="715" height="NaN"><div class="line number1 index0 alt2" style="box-sizing: content-box !important; border-radius: 0px !important; border: 0px !important; bottom: auto !important; float: none !important; height: auto !important; left: auto !important; line-height: 1.5em !important; margin: 0px !important; outline: 0px !important; overflow: visible !important; padding: 0px 1em !important; position: static !important; right: auto !important; top: auto !important; width: auto !important; font-size: 1em !important; min-height: auto !important; white-space: pre !important; background-image: none !important; background-attachment: initial !important; background-size: initial !important; background-origin: initial !important; background-clip: initial !important; background-position: initial !important; background-repeat: initial !important;"><code class="php plain" style="box-sizing: content-box !important; font-family: monaco, Consolas, &quot;Bitstream Vera Sans Mono&quot;, &quot;Courier New&quot;, Courier, monospace !important; font-size: 1em !important; padding: 0px !important; color: black !important; border-radius: 0px !important; border: 0px !important; bottom: auto !important; float: none !important; height: auto !important; left: auto !important; line-height: 1.5em !important; margin: 0px !important; outline: 0px !important; overflow: visible !important; position: static !important; right: auto !important; top: auto !important; width: auto !important; min-height: auto !important; background: none !important;">defined(</code><code class="php string" style="box-sizing: content-box !important; font-family: monaco, Consolas, &quot;Bitstream Vera Sans Mono&quot;, &quot;Courier New&quot;, Courier, monospace !important; font-size: 1em !important; padding: 0px !important; color: blue !important; border-radius: 0px !important; border: 0px !important; bottom: auto !important; float: none !important; height: auto !important; left: auto !important; line-height: 1.5em !important; margin: 0px !important; outline: 0px !important; overflow: visible !important; position: static !important; right: auto !important; top: auto !important; width: auto !important; min-height: auto !important; background: none !important;">&#39;YII_DEBUG&#39;</code><code class="php plain" style="box-sizing: content-box !important; font-family: monaco, Consolas, &quot;Bitstream Vera Sans Mono&quot;, &quot;Courier New&quot;, Courier, monospace !important; font-size: 1em !important; padding: 0px !important; color: black !important; border-radius: 0px !important; border: 0px !important; bottom: auto !important; float: none !important; height: auto !important; left: auto !important; line-height: 1.5em !important; margin: 0px !important; outline: 0px !important; overflow: visible !important; position: static !important; right: auto !important; top: auto !important; width: auto !important; min-height: auto !important; background: none !important;">) </code><code class="php keyword" style="box-sizing: content-box !important; font-family: monaco, Consolas, &quot;Bitstream Vera Sans Mono&quot;, &quot;Courier New&quot;, Courier, monospace !important; font-size: 1em !important; padding: 0px !important; color: rgb(0, 102, 153) !important; border-radius: 0px !important; border: 0px !important; bottom: auto !important; float: none !important; height: auto !important; left: auto !important; line-height: 1.5em !important; margin: 0px !important; outline: 0px !important; overflow: visible !important; position: static !important; right: auto !important; top: auto !important; width: auto !important; font-weight: bold !important; min-height: auto !important; background: none !important;">or</code> <code class="php plain" style="box-sizing: content-box !important; font-family: monaco, Consolas, &quot;Bitstream Vera Sans Mono&quot;, &quot;Courier New&quot;, Courier, monospace !important; font-size: 1em !important; padding: 0px !important; color: black !important; border-radius: 0px !important; border: 0px !important; bottom: auto !important; float: none !important; height: auto !important; left: auto !important; line-height: 1.5em !important; margin: 0px !important; outline: 0px !important; overflow: visible !important; position: static !important; right: auto !important; top: auto !important; width: auto !important; min-height: auto !important; background: none !important;">define(</code><code class="php string" style="box-sizing: content-box !important; font-family: monaco, Consolas, &quot;Bitstream Vera Sans Mono&quot;, &quot;Courier New&quot;, Courier, monospace !important; font-size: 1em !important; padding: 0px !important; color: blue !important; border-radius: 0px !important; border: 0px !important; bottom: auto !important; float: none !important; height: auto !important; left: auto !important; line-height: 1.5em !important; margin: 0px !important; outline: 0px !important; overflow: visible !important; position: static !important; right: auto !important; top: auto !important; width: auto !important; min-height: auto !important; background: none !important;">&#39;YII_DEBUG&#39;</code><code class="php plain" style="box-sizing: content-box !important; font-family: monaco, Consolas, &quot;Bitstream Vera Sans Mono&quot;, &quot;Courier New&quot;, Courier, monospace !important; font-size: 1em !important; padding: 0px !important; color: black !important; border-radius: 0px !important; border: 0px !important; bottom: auto !important; float: none !important; height: auto !important; left: auto !important; line-height: 1.5em !important; margin: 0px !important; outline: 0px !important; overflow: visible !important; position: static !important; right: auto !important; top: auto !important; width: auto !important; min-height: auto !important; background: none !important;">, true);</code></div></td></tr></tbody></table><blockquote style="box-sizing: border-box; padding: 10px 20px; margin: 0px 0px 20px; font-size: 17.5px; border-left-width: 5px; border-left-style: solid; border-left-color: rgb(238, 238, 238); color: rgb(51, 51, 51); font-family: &quot;Helvetica Neue&quot;, Helvetica, Arial, sans-serif; white-space: normal; background-color: rgb(255, 255, 255);"><p style="box-sizing: border-box; margin-top: 0px; margin-bottom: 0px;">注意：请一定要在<code style="box-sizing: border-box; font-family: Menlo, Monaco, Consolas, &quot;Courier New&quot;, monospace; font-size: 15.75px; padding: 2px 4px; color: rgb(199, 37, 78); border-radius: 4px; background-color: rgb(249, 242, 244);">生产环境</code>中禁用调试模式，因为它可能有不好的影响。此外，调试模式可能把敏感信息暴露给最终用户。</p></blockquote><p><br/></p>', '', 32, NULL, 1, 10, '2016-07-24 17:16:50', '', NULL),
(60, '事件可以将自定义代码“注入”到现有代码中的特定执行点', '', '<h1 style="box-sizing: border-box; margin: 0px 0px 10px; font-size: 18px; font-family: &quot;Helvetica Neue&quot;, Helvetica, Arial, &quot;Hiragino Sans GB&quot;, &quot;Hiragino Sans GB W3&quot;, &quot;WenQuanYi Micro Hei&quot;, &quot;Microsoft YaHei UI&quot;, &quot;Microsoft YaHei&quot;, sans-serif; font-weight: 500; line-height: 1.1; color: rgb(51, 51, 51); white-space: normal; background-color: rgb(255, 255, 255);">事件</h1><p style="box-sizing: border-box; margin-top: 0px; margin-bottom: 10px; color: rgb(51, 51, 51); font-family: &quot;Helvetica Neue&quot;, Helvetica, Arial, &quot;Hiragino Sans GB&quot;, &quot;Hiragino Sans GB W3&quot;, &quot;WenQuanYi Micro Hei&quot;, &quot;Microsoft YaHei UI&quot;, &quot;Microsoft YaHei&quot;, sans-serif; font-size: 14px; line-height: 20px; white-space: normal; background-color: rgb(255, 255, 255);">事件可以将自定义代码“注入”到现有代码中的特定执行点。附加自定义代码到某个事件，当这个事件被触发时，这些代码就会自动执行。例如，邮件程序对象成功发出消息时可触发&nbsp;<code style="box-sizing: border-box; font-family: Menlo, Monaco, Consolas, &quot;Courier New&quot;, monospace; font-size: 12.6px; padding: 2px 4px; color: rgb(199, 37, 78); border-radius: 4px; background-color: rgb(249, 242, 244);">messageSent</code>&nbsp;事件。如想追踪成功发送的消息，可以附加相应追踪代码到&nbsp;<code style="box-sizing: border-box; font-family: Menlo, Monaco, Consolas, &quot;Courier New&quot;, monospace; font-size: 12.6px; padding: 2px 4px; color: rgb(199, 37, 78); border-radius: 4px; background-color: rgb(249, 242, 244);">messageSent</code>&nbsp;事件。</p><p style="box-sizing: border-box; margin-top: 0px; margin-bottom: 10px; color: rgb(51, 51, 51); font-family: &quot;Helvetica Neue&quot;, Helvetica, Arial, &quot;Hiragino Sans GB&quot;, &quot;Hiragino Sans GB W3&quot;, &quot;WenQuanYi Micro Hei&quot;, &quot;Microsoft YaHei UI&quot;, &quot;Microsoft YaHei&quot;, sans-serif; font-size: 14px; line-height: 20px; white-space: normal; background-color: rgb(255, 255, 255);">Yii 引入了名为 yii\\base\\Component 的基类以支持事件。如果一个类需要触发事件就应该继承 yii\\base\\Component 或其子类。</p><h2 style="box-sizing: border-box; font-family: &quot;Helvetica Neue&quot;, Helvetica, Arial, &quot;Hiragino Sans GB&quot;, &quot;Hiragino Sans GB W3&quot;, &quot;WenQuanYi Micro Hei&quot;, &quot;Microsoft YaHei UI&quot;, &quot;Microsoft YaHei&quot;, sans-serif; font-weight: 500; line-height: 1.1; color: rgb(51, 51, 51); margin-top: 20px; margin-bottom: 10px; font-size: 16px; white-space: normal; background-color: rgb(255, 255, 255);">事件处理器（Event Handlers）</h2><p style="box-sizing: border-box; margin-top: 0px; margin-bottom: 10px; color: rgb(51, 51, 51); font-family: &quot;Helvetica Neue&quot;, Helvetica, Arial, &quot;Hiragino Sans GB&quot;, &quot;Hiragino Sans GB W3&quot;, &quot;WenQuanYi Micro Hei&quot;, &quot;Microsoft YaHei UI&quot;, &quot;Microsoft YaHei&quot;, sans-serif; font-size: 14px; line-height: 20px; white-space: normal; background-color: rgb(255, 255, 255);">事件处理器是一个<a href="http://www.php.net/manual/en/language.types.callable.php" target="_blank" style="box-sizing: border-box; color: rgb(51, 122, 183); text-decoration: none; background-color: transparent;">PHP 回调函数</a>，当它所附加到的事件被触发时它就会执行。可以使用以下回调函数之一：</p><ul style="box-sizing: border-box; margin-bottom: 10px; padding-left: 20px; color: rgb(51, 51, 51); font-family: &quot;Helvetica Neue&quot;, Helvetica, Arial, &quot;Hiragino Sans GB&quot;, &quot;Hiragino Sans GB W3&quot;, &quot;WenQuanYi Micro Hei&quot;, &quot;Microsoft YaHei UI&quot;, &quot;Microsoft YaHei&quot;, sans-serif; font-size: 14px; line-height: 20px; white-space: normal; background-color: rgb(255, 255, 255);" class=" list-paddingleft-2"><li><p>字符串形式指定的 PHP 全局函数，如&nbsp;<code style="box-sizing: border-box; font-family: Menlo, Monaco, Consolas, &quot;Courier New&quot;, monospace; font-size: 12.6px; padding: 2px 4px; color: rgb(199, 37, 78); border-radius: 4px; background-color: rgb(249, 242, 244);">&#39;trim&#39;</code>&nbsp;；</p></li><li><p>对象名和方法名数组形式指定的对象方法，如&nbsp;<code style="box-sizing: border-box; font-family: Menlo, Monaco, Consolas, &quot;Courier New&quot;, monospace; font-size: 12.6px; padding: 2px 4px; color: rgb(199, 37, 78); border-radius: 4px; background-color: rgb(249, 242, 244);">[$object, $method]</code>&nbsp;；</p></li><li><p>类名和方法名数组形式指定的静态类方法，如&nbsp;<code style="box-sizing: border-box; font-family: Menlo, Monaco, Consolas, &quot;Courier New&quot;, monospace; font-size: 12.6px; padding: 2px 4px; color: rgb(199, 37, 78); border-radius: 4px; background-color: rgb(249, 242, 244);">[$class, $method]</code>&nbsp;；</p></li><li><p>匿名函数，如&nbsp;<code style="box-sizing: border-box; font-family: Menlo, Monaco, Consolas, &quot;Courier New&quot;, monospace; font-size: 12.6px; padding: 2px 4px; color: rgb(199, 37, 78); border-radius: 4px; background-color: rgb(249, 242, 244);">function ($event) { ... }</code>&nbsp;。</p></li></ul><p style="box-sizing: border-box; margin-top: 0px; margin-bottom: 10px; color: rgb(51, 51, 51); font-family: &quot;Helvetica Neue&quot;, Helvetica, Arial, &quot;Hiragino Sans GB&quot;, &quot;Hiragino Sans GB W3&quot;, &quot;WenQuanYi Micro Hei&quot;, &quot;Microsoft YaHei UI&quot;, &quot;Microsoft YaHei&quot;, sans-serif; font-size: 14px; line-height: 20px; white-space: normal; background-color: rgb(255, 255, 255);">事件处理器的格式是：</p><pre style="box-sizing: border-box; overflow: auto; font-family: Menlo, Monaco, Consolas, &quot;Courier New&quot;, monospace; font-size: 13px; padding: 9.5px; margin-top: 0px; margin-bottom: 10px; line-height: 1.42857; color: rgb(51, 51, 51); word-break: break-all; word-wrap: break-word; border: 1px solid rgb(204, 204, 204); border-radius: 4px; background-color: rgb(240, 240, 240);">function&nbsp;($event)&nbsp;{&nbsp;&nbsp;&nbsp;&nbsp;//&nbsp;$event&nbsp;是&nbsp;yii\\base\\Event&nbsp;或其子类的对象}</pre><p style="box-sizing: border-box; margin-top: 0px; margin-bottom: 10px; color: rgb(51, 51, 51); font-family: &quot;Helvetica Neue&quot;, Helvetica, Arial, &quot;Hiragino Sans GB&quot;, &quot;Hiragino Sans GB W3&quot;, &quot;WenQuanYi Micro Hei&quot;, &quot;Microsoft YaHei UI&quot;, &quot;Microsoft YaHei&quot;, sans-serif; font-size: 14px; line-height: 20px; white-space: normal; background-color: rgb(255, 255, 255);">通过&nbsp;<code style="box-sizing: border-box; font-family: Menlo, Monaco, Consolas, &quot;Courier New&quot;, monospace; font-size: 12.6px; padding: 2px 4px; color: rgb(199, 37, 78); border-radius: 4px; background-color: rgb(249, 242, 244);">$event</code>&nbsp;参数，事件处理器就获得了以下有关事件的信息：</p><ul style="box-sizing: border-box; margin-bottom: 10px; padding-left: 20px; color: rgb(51, 51, 51); font-family: &quot;Helvetica Neue&quot;, Helvetica, Arial, &quot;Hiragino Sans GB&quot;, &quot;Hiragino Sans GB W3&quot;, &quot;WenQuanYi Micro Hei&quot;, &quot;Microsoft YaHei UI&quot;, &quot;Microsoft YaHei&quot;, sans-serif; font-size: 14px; line-height: 20px; white-space: normal; background-color: rgb(255, 255, 255);" class=" list-paddingleft-2"><li><p>yii\\base\\Event::name：事件名</p></li><li><p>yii\\base\\Event::sender：调用&nbsp;<code style="box-sizing: border-box; font-family: Menlo, Monaco, Consolas, &quot;Courier New&quot;, monospace; font-size: 12.6px; padding: 2px 4px; color: rgb(199, 37, 78); border-radius: 4px; background-color: rgb(249, 242, 244);">trigger()</code>&nbsp;方法的对象</p></li><li><p>yii\\base\\Event::data：附加事件处理器时传入的数据，默认为空，后文详述</p></li></ul><h2 style="box-sizing: border-box; font-family: &quot;Helvetica Neue&quot;, Helvetica, Arial, &quot;Hiragino Sans GB&quot;, &quot;Hiragino Sans GB W3&quot;, &quot;WenQuanYi Micro Hei&quot;, &quot;Microsoft YaHei UI&quot;, &quot;Microsoft YaHei&quot;, sans-serif; font-weight: 500; line-height: 1.1; color: rgb(51, 51, 51); margin-top: 20px; margin-bottom: 10px; font-size: 16px; white-space: normal; background-color: rgb(255, 255, 255);">附加事件处理器</h2><p style="box-sizing: border-box; margin-top: 0px; margin-bottom: 10px; color: rgb(51, 51, 51); font-family: &quot;Helvetica Neue&quot;, Helvetica, Arial, &quot;Hiragino Sans GB&quot;, &quot;Hiragino Sans GB W3&quot;, &quot;WenQuanYi Micro Hei&quot;, &quot;Microsoft YaHei UI&quot;, &quot;Microsoft YaHei&quot;, sans-serif; font-size: 14px; line-height: 20px; white-space: normal; background-color: rgb(255, 255, 255);">调用 yii\\base\\Component::on() 方法来附加处理器到事件上。如：</p><pre style="box-sizing: border-box; overflow: auto; font-family: Menlo, Monaco, Consolas, &quot;Courier New&quot;, monospace; font-size: 13px; padding: 9.5px; margin-top: 0px; margin-bottom: 10px; line-height: 1.42857; color: rgb(51, 51, 51); word-break: break-all; word-wrap: break-word; border: 1px solid rgb(204, 204, 204); border-radius: 4px; background-color: rgb(240, 240, 240);">$foo&nbsp;=&nbsp;new&nbsp;Foo;//&nbsp;处理器是全局函数$foo-&gt;on(Foo::EVENT_HELLO,&nbsp;&#39;function_name&#39;);//&nbsp;处理器是对象方法$foo-&gt;on(Foo::EVENT_HELLO,&nbsp;[$object,&nbsp;&#39;methodName&#39;]);//&nbsp;处理器是静态类方法$foo-&gt;on(Foo::EVENT_HELLO,&nbsp;[&#39;app\\components\\Bar&#39;,&nbsp;&#39;methodName&#39;]);//&nbsp;处理器是匿名函数$foo-&gt;on(Foo::EVENT_HELLO,&nbsp;function&nbsp;($event)&nbsp;{&nbsp;&nbsp;&nbsp;&nbsp;//事件处理逻辑});</pre><p style="box-sizing: border-box; margin-top: 0px; margin-bottom: 10px; color: rgb(51, 51, 51); font-family: &quot;Helvetica Neue&quot;, Helvetica, Arial, &quot;Hiragino Sans GB&quot;, &quot;Hiragino Sans GB W3&quot;, &quot;WenQuanYi Micro Hei&quot;, &quot;Microsoft YaHei UI&quot;, &quot;Microsoft YaHei&quot;, sans-serif; font-size: 14px; line-height: 20px; white-space: normal; background-color: rgb(255, 255, 255);">附加事件处理器时可以提供额外数据作为 yii\\base\\Component::on() 方法的第三个参数。数据在事件被触发和处理器被调用时能被处理器使用。如：</p><pre style="box-sizing: border-box; overflow: auto; font-family: Menlo, Monaco, Consolas, &quot;Courier New&quot;, monospace; font-size: 13px; padding: 9.5px; margin-top: 0px; margin-bottom: 10px; line-height: 1.42857; color: rgb(51, 51, 51); word-break: break-all; word-wrap: break-word; border: 1px solid rgb(204, 204, 204); border-radius: 4px; background-color: rgb(240, 240, 240);">//&nbsp;当事件被触发时以下代码显示&nbsp;&quot;abc&quot;//&nbsp;因为&nbsp;$event-&gt;data&nbsp;包括被传递到&nbsp;&quot;on&quot;&nbsp;方法的数据$foo-&gt;on(Foo::EVENT_HELLO,&nbsp;function&nbsp;($event)&nbsp;{&nbsp;&nbsp;&nbsp;&nbsp;echo&nbsp;$event-&gt;data;\r\n},&nbsp;&#39;abc&#39;);</pre><h2 style="box-sizing: border-box; font-family: &quot;Helvetica Neue&quot;, Helvetica, Arial, &quot;Hiragino Sans GB&quot;, &quot;Hiragino Sans GB W3&quot;, &quot;WenQuanYi Micro Hei&quot;, &quot;Microsoft YaHei UI&quot;, &quot;Microsoft YaHei&quot;, sans-serif; font-weight: 500; line-height: 1.1; color: rgb(51, 51, 51); margin-top: 20px; margin-bottom: 10px; font-size: 16px; white-space: normal; background-color: rgb(255, 255, 255);">事件处理器顺序</h2><p style="box-sizing: border-box; margin-top: 0px; margin-bottom: 10px; color: rgb(51, 51, 51); font-family: &quot;Helvetica Neue&quot;, Helvetica, Arial, &quot;Hiragino Sans GB&quot;, &quot;Hiragino Sans GB W3&quot;, &quot;WenQuanYi Micro Hei&quot;, &quot;Microsoft YaHei UI&quot;, &quot;Microsoft YaHei&quot;, sans-serif; font-size: 14px; line-height: 20px; white-space: normal; background-color: rgb(255, 255, 255);">可以附加一个或多个处理器到一个事件。当事件被触发，已附加的处理器将按附加次序依次调用。如果某个处理器需要停止其后的处理器调用，可以设置&nbsp;<code style="box-sizing: border-box; font-family: Menlo, Monaco, Consolas, &quot;Courier New&quot;, monospace; font-size: 12.6px; padding: 2px 4px; color: rgb(199, 37, 78); border-radius: 4px; background-color: rgb(249, 242, 244);">$event</code>&nbsp;参数的 yii\\base\\Event::handled 属性为真，如下：</p><p><br/></p>', '', 32, NULL, 1, 10, '2016-07-24 17:17:42', '', NULL);
INSERT INTO `document` (`id`, `title`, `breviary`, `content`, `author`, `cate`, `view`, `status`, `level`, `create_at`, `pic`, `create_by`) VALUES
(62, '关于第一届全国大学生起重机创意大赛西南交通大学校内选拔赛的通知', '', '<p style="text-align:left;text-indent: 24pt;"><span style="font-size:12pt;font-family:宋体;">根据《全国大学生起重机创意大赛章程》的通知，为增强大学生的科技创新意识，提高大学生针对实际需求进行起重机设计和工艺制作的动手能力，扩展大学生的科学视野，我校将举办第一届全国大学生起重机创意大赛西南交通大学校内选拔赛，现将相关事项通知如下： </span></p><p><span style="font-size:12pt;font-family:黑体;">一、大赛简介</span> </p><p style="text-align:left;text-indent: 24pt;"><span style="font-size:12pt;font-family:宋体;">全国大学生起重机创意大赛是由中国机械工程学会物流工程\r\n分会主办，由武汉理工大学，太原科技大学、西南交通大学、大连理工大学，同济大学五所高校作为主要发起单位，面向全国在校研究生、本科生、专科生开展的科\r\n技创新活动。武汉理工大学负责本届全国大学生起重机创意大赛承办工作。</span><span style="font-size:12pt;font-family:宋体;"></span> </p><p><span style="font-size:12pt;font-family:黑体;">二、参赛对象</span> </p><p style="text-align:left;text-indent: 24pt;"><span style="font-size:12pt;font-family:宋体;line-height:115%;">在校研究生、本科生、专科生均可参加。</span> </p><p><span style="font-size:12pt;font-family:黑体;">三、校内选拔赛组织单位</span> </p><p style="text-align:left;text-indent: 24pt;"><span style="font-size:12pt;font-family:宋体;line-height:115%;">第一届全国大学生起重机创意大赛西南交通大学校内选拔赛由西南交通大学教务处主办，机械工程学院承办。</span> </p><p><span style="font-size:12pt;font-family:黑体;">四、大赛的主题与内容</span> </p><p><span style="font-size:12pt;font-family:黑体;">1</span><span style="font-size:12pt;font-family:黑体;">、大赛的主题</span> </p><p style="text-align:left;text-indent: 24pt;"><span style="font-size:12pt;font-family:宋体;">第一届（2016年）全国大学生起重机创意大赛的主题为“最快最轻起重机”。</span><span style="font-size:12pt;font-family:宋体;"></span> </p><p><span style="font-size:12pt;font-family:黑体;">2</span><span style="font-size:12pt;font-family:黑体;">、大赛的内容</span> </p><p style="text-indent:24pt;"><span style="font-size:12pt;font-family:宋体;">设计、制作一台起重机，将图示所示放置在400mm×300mm×200mm箱体中心部位的1瓶1.5L容量矿泉水（农夫山泉），搬运至箱体右侧直径为160mm的圆形区域地面上。</span><span style="font-size:12pt;font-family:宋体;"></span> </p><p><img alt="" src="http://202.115.67.4/download/news/image/20160922151140_957.jpg" width="747" height="597" style="width: 747px; height: 597px;"/> </p><p style="text-indent:24pt;">\r\n	&nbsp;</p><p style="text-align:center;text-indent:0cm;"><br/></p><p style="text-align:left;text-indent: 0cm;"><strong>3</strong><strong><span style="font-size:12pt;font-family:宋体;">、评判规则</span></strong><strong><span style="font-family:宋体;">：</span></strong> </p><p style="text-indent:24pt;"><span style="font-size:12pt;font-family:宋体;">优胜奖以以下三种因素加权计算：</span><span style="font-size:12pt;font-family:宋体;"></span> </p><p style="text-indent:24pt;"><span style="font-size:12pt;font-family:宋体;">整个搬离过程耗时长（40%）；搬离过程计时（单位：秒）</span><span style="font-size:12pt;font-family:宋体;"></span> </p><p style="text-indent:24pt;"><span style="font-size:12pt;font-family:宋体;">重量（30%）；称重（单位：公斤）</span><span style="font-size:12pt;font-family:宋体;"></span> </p><p style="text-indent:24pt;"><span style="font-size:12pt;font-family:宋体;">构造新颖奖（30%）；评委评分，评分越低越新颖</span><span style="font-size:12pt;font-family:宋体;"></span> </p><p style="text-indent:24pt;"><span style="font-size:12pt;font-family:宋体;"></span></p><p style="text-indent:24pt;"><span style="font-size:12pt;font-family:宋体;"></span></p><p style="text-indent:24pt;"><span style="font-size:12pt;font-family:宋体;">优胜奖分数计算：</span><span style="font-size:12pt;font-family:宋体;"></span> </p><p style="text-indent:24pt;"><span style="font-size:12pt;font-family:宋体;">综合得分=搬离耗时*40% + 总重*30% + 构造新颖*30%</span> </p><p style="text-indent:24pt;"><span style="font-size:12pt;font-family:宋体;"></span></p><p style="text-indent:24pt;"><span style="font-size:12pt;font-family:宋体;"></span></p><p style="text-indent:24pt;"><span style="font-size:12pt;font-family:宋体;">作品按照综合得分从低到高排序，综合分越低，优胜名次越好</span><span style="font-size:12pt;font-family:宋体;"></span> </p><p style="text-indent:24pt;"><span style="font-size:12pt;font-family:宋体;">（注：（1）、只有矿泉水挂钩时，可以手工辅助，其它过程不得手工操作；</span><span style="font-size:12pt;font-family:宋体;"></span> </p><p style="text-indent:24pt;"><span style="font-size:12pt;font-family:宋体;">（2）、从矿泉水挂好钩时开始计时，直立落入指定的区域时结束计时；）</span><span style="font-size:12pt;font-family:宋体;"></span> </p><p><span style="font-size:12pt;font-family:黑体;">五、参赛条件</span> </p><p style="text-align:left;text-indent: 24pt;"><span style="font-size:12pt;font-family:宋体;line-height:115%;">1</span><span style="font-size:12pt;font-family:宋体;line-height:115%;">、参赛条件：在校研究生、本科生、专科生均可以个人或小组的方式，通过学校推荐报名参加，每个参赛队学生人数不得多于5人，指导教师不多于2人。参赛队由所在学校统一向执委会报名。限制每位教师指导的作品进入全国决赛的数量不超过2项。</span><span style="font-size:12pt;font-family:宋体;line-height:115%;"></span> </p><p style="text-align:left;text-indent: 24pt;"><span style="font-size:12pt;font-family:宋体;line-height:115%;">2</span><span style="font-size:12pt;font-family:宋体;line-height:115%;">、各高校参加赛区预赛作品数量的上限：各高校应组织校内选拔赛，使全国大学生起重机创意大赛活动在学校层面上大面积地开展与普及，并最终推荐5项参赛作品参加决赛。</span><span style="font-size:12pt;font-family:宋体;line-height:115%;"></span> </p><p><span style="font-size:12pt;font-family:黑体;">五、参赛方式</span> </p><p style="text-align:left;text-indent: 24pt;"><span style="font-size:12pt;font-family:宋体;line-height:115%;">1</span><span style="font-size:12pt;font-family:宋体;line-height:115%;">、每个参赛小组确定一名组长，组长负责本小组参赛过程中的组织、联络及答辩等工作；</span><span style="font-size:12pt;font-family:宋体;line-height:115%;"></span> </p><p style="text-align:left;text-indent: 24pt;"><span style="font-size:12pt;font-family:宋体;line-height:115%;">2</span><span style="font-size:12pt;font-family:宋体;line-height:115%;">、参赛方式：参赛队学生接到大赛通知后，即可按大赛主题和内容要求进行准备，最终完成作品的设计与制作。</span> </p><p style="text-align:left;text-indent: 24pt;"><span style="font-size:12pt;font-family:宋体;line-height:115%;">3</span><span style="font-size:12pt;font-family:宋体;line-height:115%;">、时间安排：</span> </p><p style="text-align:left;text-indent: 24pt;"><span style="font-size:12pt;font-family:宋体;line-height:115%;">报名时间：即日起知2016年10月10日；</span> </p><p style="text-align:left;text-indent: 24pt;"><span style="font-size:12pt;font-family:宋体;line-height:115%;">报名方式：各参赛队伍填写报名表（附件一），将报名表交至X2203A郭老师办公室；</span> </p><p style="text-align:left;text-indent: 24pt;"><span style="font-size:12pt;font-family:宋体;line-height:115%;">4</span><span style="font-size:12pt;font-family:宋体;line-height:115%;">、校内评审阶段：</span> </p><p style="text-align:left;text-indent: 24pt;"><span style="font-size:12pt;font-family:宋体;line-height:115%;">评审委员会于2016年10月30日前完成对各院申报作品的初评和答辩，评选出一、二、三等奖，并推荐第一届全国大学生起重机创意大赛全国决赛参赛队伍。</span> </p><p style="text-align:left;text-indent: 24pt;"><span style="font-size:12pt;font-family:宋体;line-height:115%;">5</span><span style="font-size:12pt;font-family:宋体;line-height:115%;">、全国比赛准备阶段</span> </p><p style="text-align:left;text-indent: 24pt;"><span style="font-size:12pt;font-family:宋体;line-height:115%;">获得第一届全国大学生起重机创意大赛全国决赛参赛资格的队伍将于2016年12月前往武汉理工大学，具体时间将在中国机械工程学会物流工程专业分会官方网站上进行公布。</span><span style="font-size:12pt;font-family:宋体;line-height:115%;"></span> </p><p style="text-align:left;text-indent: 24pt;"><span style="font-size:12pt;font-family:宋体;line-height:115%;"></span></p><p style="text-align:left;text-indent: 24pt;"><span style="font-size:12pt;font-family:宋体;line-height:115%;">其中需要报送的材料包括：</span><span style="font-size:12pt;font-family:宋体;line-height:115%;"></span> </p><p style="text-align:left;text-indent: 24pt;"><span style="font-size:12pt;font-family:宋体;line-height:115%;">1</span><span style="font-size:12pt;font-family:宋体;line-height:115%;">）第一届全国大学生起重机创意大赛作品报名表（见附件一）；</span><span style="font-size:12pt;font-family:宋体;line-height:115%;"></span> </p><p style="text-align:left;text-indent: 24pt;"><span style="font-size:12pt;font-family:宋体;line-height:115%;">2</span><span style="font-size:12pt;font-family:宋体;line-height:115%;">）完整的设计说明书和主要设计图纸（见附件二说明书模板）；</span><span style="font-size:12pt;font-family:宋体;line-height:115%;"></span> </p><p style="text-align:left;text-indent: 24pt;"><span style="font-size:12pt;font-family:宋体;line-height:115%;">3</span><span style="font-size:12pt;font-family:宋体;line-height:115%;">）作品的实物样机或放缩的实物样机；</span><span style="font-size:12pt;font-family:宋体;line-height:115%;"></span> </p><p style="text-align:left;text-indent: 24pt;"><span style="font-size:12pt;font-family:宋体;line-height:115%;">4</span><span style="font-size:12pt;font-family:宋体;line-height:115%;">）介绍作品功能的视频录像（3分钟之内）。</span><span style="font-size:12pt;font-family:宋体;line-height:115%;"></span> </p><p style="text-align:left;text-indent: 24pt;"><span style="font-size:12pt;font-family:宋体;line-height:115%;">3</span><span style="font-size:12pt;font-family:宋体;line-height:115%;">、报名表与设计说明书统一按照以下格式——“学校</span><span style="font-size:12pt;font-family:宋体;line-height:115%;">-</span><span style="font-size:12pt;font-family:宋体;line-height:115%;">学院</span><span style="font-size:12pt;font-family:宋体;line-height:115%;">-</span><span style="font-size:12pt;font-family:宋体;line-height:115%;">参赛队伍名称</span><span style="font-size:12pt;font-family:宋体;line-height:115%;">-</span><span style="font-size:12pt;font-family:宋体;line-height:115%;">作品名称”进行命名（请严格按照报名时间提交，未按照相应文档命名格式提交相关表格的，一律不予认可报名资格），电子版格式参见附件1和附件2。</span><span style="font-size:12pt;font-family:宋体;line-height:115%;"></span> </p><p><span style="font-size:12pt;font-family:黑体;">六、大赛时间推进表</span> </p><table cellpadding="0" cellspacing="0"><tbody><tr class="firstRow"><td width="300"><p style="text-align:center;"><span style="font-size:12pt;font-family:黑体;">项目</span> \r\n				</p></td><td width="170"><p style="text-align:center;"><span style="font-size:12pt;font-family:黑体;">时间</span> \r\n				</p></td><td width="147"><p style="text-align:center;"><span style="font-size:12pt;font-family:黑体;">负责单位</span> \r\n				</p></td></tr><tr><td width="300"><p style="text-align:left;"><span style="font-size:12pt;font-family:宋体;line-height:115%;">1</span><span style="font-size:12pt;font-family:宋体;line-height:115%;">，各高校组织报名、宣传以及校内选拔工作</span><span style="font-size:12pt;font-family:宋体;line-height:115%;"></span> \r\n				</p></td><td width="170"><p style="text-align:left;"><span style="font-size:12pt;font-family:宋体;line-height:115%;">2016</span><span style="font-size:12pt;font-family:宋体;line-height:115%;">年5月-10月</span><span style="font-size:12pt;font-family:宋体;line-height:115%;"></span> \r\n				</p></td><td width="147"><p style="text-align:left;"><span style="font-size:12pt;font-family:宋体;line-height:115%;">各参赛高校</span><span style="font-size:12pt;font-family:宋体;line-height:115%;"></span> \r\n				</p></td></tr><tr><td width="300"><p style="text-align:left;"><span style="font-size:12pt;font-family:宋体;line-height:115%;">2</span><span style="font-size:12pt;font-family:宋体;line-height:115%;">，各高校报送预赛选拔作品至大赛组委会</span><span style="font-size:12pt;font-family:宋体;line-height:115%;"></span> \r\n				</p></td><td width="170"><p style="text-align:left;"><span style="font-size:12pt;font-family:宋体;line-height:115%;">2016</span><span style="font-size:12pt;font-family:宋体;line-height:115%;">年10月30日前</span><span style="font-size:12pt;font-family:宋体;line-height:115%;"></span> \r\n				</p></td><td width="147"><p style="text-align:left;"><span style="font-size:12pt;font-family:宋体;line-height:115%;">各参赛高校</span><span style="font-size:12pt;font-family:宋体;line-height:115%;"></span> \r\n				</p></td></tr><tr><td width="300"><p style="text-align:left;"><span style="font-size:12pt;font-family:宋体;line-height:115%;">3</span><span style="font-size:12pt;font-family:宋体;line-height:115%;">，大赛组委会根据各高校作品报送情况，确定参加全国决赛的作品名单</span><span style="font-size:12pt;font-family:宋体;line-height:115%;"></span> \r\n				</p></td><td width="170"><p style="text-align:left;"><span style="font-size:12pt;font-family:宋体;line-height:115%;">2016</span><span style="font-size:12pt;font-family:宋体;line-height:115%;">年11月</span><span style="font-size:12pt;font-family:宋体;line-height:115%;"></span> \r\n				</p></td><td width="147"><p style="text-align:left;"><span style="font-size:12pt;font-family:宋体;line-height:115%;">大赛组委会</span><span style="font-size:12pt;font-family:宋体;line-height:115%;"></span> \r\n				</p></td></tr><tr><td width="300"><p style="text-align:left;"><span style="font-size:12pt;font-family:宋体;line-height:115%;">4</span><span style="font-size:12pt;font-family:宋体;line-height:115%;">，举办第一届全国大学生起重机创意大赛全国决赛</span><span style="font-size:12pt;font-family:宋体;line-height:115%;"></span> \r\n				</p></td><td width="170"><p style="text-align:left;"><span style="font-size:12pt;font-family:宋体;line-height:115%;">2016</span><span style="font-size:12pt;font-family:宋体;line-height:115%;">年12月</span><span style="font-size:12pt;font-family:宋体;line-height:115%;"></span> \r\n				</p></td><td width="147"><p style="text-align:left;"><span style="font-size:12pt;font-family:宋体;line-height:115%;">大赛组委会</span><span style="font-size:12pt;font-family:宋体;line-height:115%;"></span> \r\n				</p><p style="text-align:left;"><span style="font-size:12pt;font-family:宋体;line-height:115%;">武汉理工大学</span><span style="font-size:12pt;font-family:宋体;line-height:115%;"></span> \r\n				</p></td></tr></tbody></table><p><span style="font-family:&#39;Times New Roman&#39;,&#39;serif&#39;;"></span></p><p><span style="font-size:12pt;font-family:黑体;">七、联系方式</span> </p><p style="text-align:left;text-indent: 24pt;"><span style="font-size:12pt;font-family:宋体;line-height:115%;">联系人：郭老师，66365573，邮箱：</span><a href="mailto:glc0206@163.com"><span style="font-size:12pt;text-decoration:none;font-family:宋体;color:windowtext;line-height:115%;">glc0206@163.com</span></a><span style="font-size:12pt;font-family:宋体;line-height:115%;">，办公室：机械工程学院办公室X2203A</span> </p><p style="text-align:left;text-indent: 24pt;">\r\n	&nbsp;</p><p style="text-align:left;text-indent: 24pt;">\r\n	附件：<a href="http://202.115.67.4/download/news/file/20160923161843_538.docx" target="_blank">第一届全国大学生起重机创意大赛作品报名表</a></p><p><br/></p>', '', 10, NULL, 1, 10, '2016-09-25 19:42:07', '', NULL),
(63, '关于报名参加第六届四川省孙训方大学生力学竞赛的通知', '', '<table id="table1" height="281" width="650" cellpadding="0" cellspacing="0"><tbody><tr class="firstRow"><td style="line-height: 150%" height="209" valign="top"><p style="text-indent: 21pt;">\r\n	<span style="font-size:10.5pt;font-family:宋体;">为了培养学生的创新能力，激发学生学习力学的兴趣，同时为做好2017年第十一届全国周培源大学生力学竞赛的选拔工作，四川省力学学会将于2016年11月26日举行第六届四川省孙训方大学生力学竞赛。现将有关竞赛事项通知如下：</span><span style="font-size:10.5pt;font-family:宋体;"></span> </p><p style="text-indent: 21pt;">\r\n	<span style="font-size:10.5pt;font-family:宋体;">一、参加竞赛的对象</span><span style="font-size:10.5pt;font-family:宋体;"></span> </p><p style="text-indent: 21pt;">\r\n	<span style="font-size:10.5pt;font-family:宋体;">&nbsp;&nbsp;&nbsp;&nbsp;在校工科专科生、本科生、研究生。</span><span style="font-size:10.5pt;font-family:宋体;"></span> </p><p style="text-indent: 21pt;">\r\n	<span style="font-size:10.5pt;font-family:宋体;">二、竞赛科目</span><span style="font-size:10.5pt;font-family:宋体;"></span> </p><p style="text-indent: 21pt;">\r\n	<span style="font-size:10.5pt;font-family:宋体;">基础力学综合（含理论力学、材料力学内容，一套竞赛题）。</span><span style="font-size:10.5pt;font-family:宋体;"></span> </p><p style="text-indent: 21pt;">\r\n	<span style="font-size:10.5pt;font-family:宋体;">三、费用</span><span style="font-size:10.5pt;font-family:宋体;"></span> </p><p style="text-indent: 21pt;">\r\n	<span style="font-size:10.5pt;font-family:宋体;">&nbsp;&nbsp;&nbsp;&nbsp;不向报名学生收取任何费用。由各参赛学校按每人20元缴纳参赛费。参赛费可以通过银行转账到学会的账户。</span><span style="font-size:10.5pt;font-family:宋体;"></span> </p><p style="text-indent: 21pt;">\r\n	<span style="font-size:10.5pt;font-family:宋体;">四、竞赛的奖项设置</span><span style="font-size:10.5pt;font-family:宋体;"></span> </p><p style="text-indent: 21pt;">\r\n	<span style="font-size:10.5pt;font-family:宋体;">一等奖：参赛人数的1－2％</span><span style="font-size:10.5pt;font-family:宋体;"></span> </p><p style="text-indent: 21pt;">\r\n	<span style="font-size:10.5pt;font-family:宋体;">二等奖：参赛人数的3－4％</span><span style="font-size:10.5pt;font-family:宋体;"></span> </p><p style="text-indent: 21pt;">\r\n	<span style="font-size:10.5pt;font-family:宋体;">三等奖：参赛人数的5－6％</span><span style="font-size:10.5pt;font-family:宋体;"></span> </p><p style="text-indent: 21pt;">\r\n	<span style="font-size:10.5pt;font-family:宋体;">鼓励奖：参赛人数的8％</span><span style="font-size:10.5pt;font-family:宋体;"></span> </p><p style="text-indent: 21pt;">\r\n	<span style="font-size:10.5pt;font-family:宋体;">每名获奖者将获得由四川省力学学会和孙训方基金会联合颁发的证书。对组织优秀的学校将授予优秀组织奖。</span><span style="font-size:10.5pt;font-family:宋体;"></span> </p><p style="text-indent: 21pt;">\r\n	<span style="font-size:10.5pt;font-family:宋体;">五、报名时间</span><span style="font-size:10.5pt;font-family:宋体;"></span> </p><p style="text-indent: 21pt;">\r\n	<span style="font-size:10.5pt;font-family:宋体;">（1）参赛的本科学生在10月15日前登录教务网学生模块--学生竞赛（科研）--竞赛报名2）。参赛的研究生请在九里行政楼214室报名。</span><span style="font-size:10.5pt;font-family:宋体;"></span> </p><p style="text-indent: 21pt;">\r\n	<span style="font-size:10.5pt;font-family:宋体;">六、竞赛时间、地点</span><span style="font-size:10.5pt;font-family:宋体;"></span> </p><p style="text-indent: 21pt;">\r\n	<span style="font-size:10.5pt;font-family:宋体;">竞赛时间：2016年11月26日上午9：00-12</span><span style="font-size:10.5pt;font-family:宋体;"></span> ：00</p><p style="text-indent: 21pt;">\r\n	<span style="font-size:10.5pt;font-family:宋体;">竞赛地点：西南交通大学犀浦校区。</span><span style="font-size:10.5pt;font-family:宋体;"></span> </p><p style="text-indent: 21pt;">\r\n	<span style="font-size:10.5pt;font-family:宋体;">&nbsp;&nbsp;</span><span style="font-size:10.5pt;font-family:宋体;"></span> </p><p style="text-indent: 241.5pt;">\r\n	<span style="font-size:10.5pt;font-family:宋体;">力学与工程学院 &nbsp;教务处</span><span style="font-size:10.5pt;font-family:宋体;"></span> </p><p style="text-indent: 246.75pt;">\r\n	<span style="font-size:10.5pt;font-family:宋体;">二〇一六年九月十四日</span><span style="font-size:10.5pt;font-family:宋体;"></span> </p></td></tr><tr><td height="27"><p style="text-align:right;">发布单位:教务处 &nbsp; &nbsp;</p></td></tr></tbody></table><p><br/></p>', '教务处', 10, NULL, 1, 10, '2016-09-25 19:50:29', '', NULL),
(64, '西南交通大学2016年秋季大学生电子设计竞赛通知', '', '<table id="table1" height="281" width="650" cellpadding="0" cellspacing="0"><tbody><tr class="firstRow"><td style="line-height: 150%" height="209" valign="top"><p style="margin-left: 0pt; text-indent: 21.75pt;">\r\n	<span style="font-size: 10.5pt; font-family: 宋体; line-height: 150%;">为加强我校大学生科技实践能力，进一步提高大学生的综合素质，更好地为大学生提供创新实践的舞台和展示自己的机会，为明年“全国大学生电子设计竞赛”选拔优秀学生，教务处决定组织我校秋季大学生电子设计竞赛，现将有关事项通知如下，望各学院和全体学生予以重视，并能够积极组织、支持和参与。</span><span style="font-size:10.5pt;font-family:宋体;line-height:150%;"></span> </p><p style="margin-left: 0pt;">\r\n	<strong><span style="font-size: 10.5pt; font-family: 宋体; line-height: 150%;">竞赛组织：</span></strong><span style="font-size:10.5pt;font-family:宋体;line-height:150%;"></span> </p><p style="margin-left: 0pt; text-indent: 23.5pt;">\r\n	<span style="font-size: 10.5pt; font-family: 宋体; line-height: 150%;">本次竞赛由西南交大教务处主办，信息科学与技术学院、电气工程学院联合承办，由信息科学与技术学院3S科技创新基地负责报名组织工作。由教务处电子创新基地及相关教师组成竞赛组委会，并由组委会负责组织、评测、竞赛等工作。望各学院积极配合（提供实验室、机房等资源），为学生参加竞赛提供方便，提高资源使用效率。</span><span style="font-size:10.5pt;font-family:宋体;line-height:150%;"></span> </p><p style="margin-left: 0pt;">\r\n	<strong><span style="font-size: 10.5pt; font-family: 宋体; line-height: 150%;">报名事宜：</span></strong><span style="font-size:10.5pt;font-family:宋体;line-height:150%;"></span> </p><p style="margin-left: 0pt; text-indent: 18pt;">\r\n	<span style="font-size: 10.5pt; font-family: 宋体; line-height: 150%;">1、报名的对象：我校在籍统招本科生，以2014、2015级为主，欢迎对电子电路有兴趣的2016级新生参加。参加过校级电子竞赛获得一等奖或参加过省级、国家级电子信息类竞赛（如电子设计、智能车等）并获奖的同学不能参加此次竞赛。</span><span style="font-size:10.5pt;font-family:宋体;line-height:150%;"></span> </p><p style="margin-left: 0pt; text-indent: 18pt;">\r\n	<span style="font-size: 10.5pt; font-family: 宋体; line-height: 150%;">2、报名时间：2016年9月23日-9月</span><span style="font-size: 10.5pt; font-family: 宋体; line-height: 150%;">29</span><span style="font-size: 10.5pt; font-family: 宋体; line-height: 150%;">日；</span><span style="font-size:10.5pt;font-family:宋体;line-height:150%;"></span> </p><p style="margin-left: 0pt; text-indent: 18pt;">\r\n	<span style="font-size: 10.5pt; font-family: 宋体; line-height: 150%;">3、报名联系人：陈延云</span><span style="font-size:10.5pt;font-family:宋体;line-height:150%;"></span> </p><p style="margin-left: 0pt; text-indent: 18pt;">\r\n	<span style="font-size: 10.5pt; font-family: 宋体; line-height: 150%;">4、报名方式：028-66364015</span><span style="font-size:10.5pt;font-family:宋体;line-height:150%;"></span> </p><p style="margin-left: 0pt;">\r\n	<span style="font-size: 10.5pt; font-family: 宋体; line-height: 150%;">&nbsp;（1）、网上报名以组为单位</span><strong><span style="font-size: 10.5pt; font-family: 宋体; color: rgb(255, 0, 0); line-height: 150%;">（1人一组）</span></strong><span style="font-size: 10.5pt; font-family: 宋体; line-height: 150%;">，独立完成作品。登录网站</span><a href="http://202.115.71.131/iv/index.do"><span style="text-decoration:underline;"><span style="font-size: 10.5pt; font-family: Arial; color: rgb(0, 0, 0); line-height: 150%;">http://202.115.71.135/iv/index.do</span></span></a><span style="font-size: 10.5pt; font-family: 宋体; line-height: 150%;">&nbsp;,输入教务网帐号及密码〉点击学科竞赛点击右侧正在进行申报中的“2016年秋季西南交通大学电子设计竞赛”，</span><strong><span style="font-size: 10.5pt; font-family: 宋体; line-height: 150%;">需网上登录填写详细报名信息并上传完整的报名表（见附件</span></strong><strong><span style="font-size: 10.5pt; font-family: 宋体; line-height: 150%;">一</span></strong><strong><span style="font-size: 10.5pt; font-family: 宋体; line-height: 150%;">）</span></strong><span style="font-size: 10.5pt; font-family: 宋体; line-height: 150%;">。</span><span style="font-size:10.5pt;font-family:宋体;line-height:150%;"></span> </p><p style="margin-left: 0pt;">\r\n	<span style="font-size: 10.5pt; font-family: 宋体; line-height: 150%;">&nbsp;（2）、提交纸质报名表（附件1）至</span><span style="font-size: 12pt; font-family: 宋体; line-height: 150%;">X</span><span style="font-size: 12pt; font-family: 宋体; line-height: 150%;">9126</span><span style="font-size: 10.5pt; font-family: 宋体; line-height: 150%;">，以便于核查。提交时间：2016年9月29</span><span style="font-size: 12pt; font-family: 宋体; line-height: 150%;">日</span><span style="font-size: 12pt; font-family: 宋体; line-height: 150%;">&nbsp;晚上17:00-21:30，本人自己提交。</span><span style="font-size: 10.5pt; font-family: 宋体; line-height: 150%;"></span> </p><p>\r\n	<span style="font-size: 10.5pt; font-family: 宋体; line-height: 150%;">&nbsp;&nbsp;&nbsp;&nbsp;5、</span><span style="font-size: 10.5pt; font-family: 宋体; line-height: 150%;">比赛材料领取</span><span style="font-size: 10.5pt; font-family: 宋体; line-height: 150%;"></span> </p><p style="text-indent:21pt;">\r\n	<span style="font-size: 10.5pt; font-family: 宋体; line-height: 150%;">本次竞赛统一使用MSP430 LauchPad单片机学习板，每组参赛同学可在规定时间内领取MSP430单片机学习板一块。</span><span style="font-size: 8pt; font-family: 宋体; line-height: 150%;"></span> </p><p style="margin-left: 0pt; text-indent: 21pt;">\r\n	<span style="font-size: 10.5pt; font-family: 宋体; line-height: 150%;">领取时间：</span><span style="font-size: 10.5pt; font-family: 宋体; line-height: 150%;">2016年9月29</span><span style="font-size: 12pt; font-family: 宋体; line-height: 150%;">日</span><span style="font-size: 12pt; font-family: 宋体; line-height: 150%;">&nbsp;晚上17:00-21:30</span><span style="font-size: 10.5pt; font-family: 宋体; line-height: 150%;"></span> </p><p style="text-indent:21pt;">\r\n	<span style="font-size: 10.5pt; font-family: 宋体; line-height: 150%;">领取地点：X9126</span><span style="font-size: 8pt; font-family: 宋体; line-height: 150%;"></span> </p><p style="text-indent:21pt;">\r\n	<span style="font-size: 10.5pt; font-family: 宋体; line-height: 150%;">领取说明：</span><span style="font-size: 10.5pt; font-family: 宋体; line-height: 150%;">每人</span><span style="font-size: 10.5pt; font-family: 宋体; line-height: 150%;">只能领取一块MSP430单片机学习板；</span><span style="font-size: 8pt; font-family: 宋体; line-height: 150%;"></span> </p><p style="text-indent:21pt;">\r\n	<span style="font-size: 10.5pt; font-family: 宋体; line-height: 150%;">注：特别提醒因板子数量有限，先到先领取，必须本人领取。</span><span style="font-size: 10.5pt; font-family: 宋体; line-height: 150%;"></span> </p><p style="text-indent:21pt;">\r\n	<span style="font-size: 10.5pt; font-family: 宋体; line-height: 150%;">领取学习板时需交付50元押金，组织方会提供押金单，便于赛后</span><span style="font-size: 10.5pt; font-family: 宋体; line-height: 150%;">材料</span><span style="font-size: 10.5pt; font-family: 宋体; line-height: 150%;">退还；</span><span style="font-size: 8pt; font-family: 宋体; line-height: 150%;"></span> </p><p style="text-indent:21pt;">\r\n	<span style="font-size: 10.5pt; font-family: 宋体; line-height: 150%;">对于领取学习板并顺利参加测评的同学，赛后可凭押金单直接领取押金，无需退还学习板。对于领取学习板后未能参加测评的同学，赛后需凭押金单和学习板领取押金，否则不退。</span><span style="font-size: 8pt; font-family: 宋体; line-height: 150%;"></span> </p><p style="margin-left: 0pt; text-indent: 21pt;">\r\n	<span style="font-size: 10.5pt; font-family: 宋体; line-height: 150%;"></span></p><p style="margin-left: 0pt;">\r\n	<span style="font-size: 10.5pt; font-family: 宋体; line-height: 150%;">&nbsp;&nbsp;&nbsp;</span><strong><span style="font-size: 10.5pt; font-family: 宋体; line-height: 150%;">竞赛事宜：</span></strong><span style="font-size:10.5pt;font-family:宋体;line-height:150%;"></span> </p><p style="margin-left: 0pt; text-indent: 18pt;">\r\n	<span style="font-size: 10.5pt; font-family: 宋体; line-height: 150%;">1、竞赛形式：由校电子设计竞赛委员会统一出题。参赛小组自行设计、制作安装。</span><span style="font-size:10.5pt;font-family:宋体;line-height:150%;"></span> </p><p style="margin-left: 0pt; text-indent: 18pt;">\r\n	<span style="font-size: 10.5pt; font-family: 宋体; line-height: 150%;">2、作品提交：最终提交的作品包括电路作品（能够通电运行）与设计报告（含功能指标、方案比较、理论设计、电路板设计、安装调试问题及解决、操作说明等）。</span><span style="font-size:10.5pt;font-family:宋体;line-height:150%;"></span> </p><p style="margin-left: 0pt; text-indent: 18pt;">\r\n	<span style="font-size: 10.5pt; font-family: 宋体; line-height: 150%;">3、作品制作时间：2016年9月23日-2016年10月22日。</span><span style="font-size:10.5pt;font-family:宋体;line-height:150%;"></span> </p><p style="margin-left: 0pt; text-indent: 18pt;">\r\n	<span style="font-size: 10.5pt; font-family: 宋体; line-height: 150%;">4、作品评审：竞赛组委会组织相关教师进行评审，参赛队参加答辩。时间2016年10月23日8:30～12:00，地点:X6403，各参赛队最迟9点必须签到（X6403）等候评审。每组答辩10分钟，不需要准备ppt。</span><span style="font-size:10.5pt;font-family:宋体;line-height:150%;"></span> </p><p style="margin-left: 0pt; text-indent: 18pt;">\r\n	<span style="font-size: 10.5pt; font-family: 宋体; line-height: 150%;">作品评审后，产生一、二、三等奖，并根据竞赛的获奖情况</span><span style="font-size:10.5pt;font-family:宋体;line-height:150%;">，确定参加全国大学生电子竞赛培训的名单，为参赛队配备指导老师。</span><span style="font-size:10.5pt;font-family:宋体;line-height:150%;"></span> </p><p style="margin-left: 0pt; text-indent: 18pt;">\r\n	<span style="font-size: 10.5pt; font-family: 宋体; line-height: 150%;">5、指导教师：校竞赛不指定指导老师，待培训名单确定后，再另行安排。</span><span style="font-size:10.5pt;font-family:宋体;line-height:150%;"></span> </p><p style="margin-left: 0pt; text-indent: 18pt;">\r\n	<span style="font-size: 10.5pt; font-family: 宋体; line-height: 150%;">6、奖励：学校将颁发证书并根据获奖等级给予鼓励。</span><span style="font-size:10.5pt;font-family:宋体;line-height:150%;"></span> </p><p style="margin-left: 0pt;">\r\n	<strong><span style="font-size: 10.5pt; font-family: 宋体; line-height: 150%;">竞赛题目：</span></strong><span style="font-size: 10.5pt; font-family: 宋体; line-height: 150%;">见附件</span><span style="font-size: 10.5pt; font-family: 宋体; line-height: 150%;">二</span><span style="font-size:10.5pt;font-family:宋体;line-height:150%;"></span> </p><p style="margin-left: 0pt;">\r\n	<strong><span style="font-size: 10.5pt; font-family: 宋体; line-height: 150%;">注意事项：</span></strong><span style="font-size:10.5pt;font-family:宋体;line-height:150%;"></span> </p><p style="margin-left: 0pt; text-indent: 6pt;">\r\n	<span style="font-size: 10.5pt; font-family: 宋体; line-height: 150%;">（1）参加最终测评的作品，要求完成硬件制作和通电运行；</span><span style="font-size:10.5pt;font-family:宋体;line-height:150%;"></span> </p><p style="margin-left: 0pt; text-indent: 6pt;">\r\n	<span style="font-size: 10.5pt; font-family: 宋体; line-height: 150%;">（2）具有同样的功能和指标，成本较低的作品可获得较高分；</span><span style="font-size:10.5pt;font-family:宋体;line-height:150%;"></span> </p><p style="margin-left: 0pt; text-indent: 6pt;">\r\n	<span style="font-size: 10.5pt; font-family: 宋体; line-height: 150%;">（3）作品不得购买现成的产品或请人代做及抄袭，一经发现，取消参赛资格；</span><span style="font-size:10.5pt;font-family:宋体;line-height:150%;"></span> </p><p style="margin-left: 0pt; text-indent: 6pt;">\r\n	<span style="font-size: 10.5pt; font-family: 宋体; line-height: 150%;">（4）作品费用不报销。</span> </p><p style="margin-left: 0pt; text-indent: 6pt;">\r\n	<span style="font-size: 10.5pt; font-family: 宋体; line-height: 150%;"></span>&nbsp;</p><p style="margin-left: 0pt; text-indent: 6pt;">\r\n	<span style="font-size: 10.5pt; font-family: 宋体; line-height: 150%;">附件一：<a href="http://202.115.67.4/download/news/file/20160923152559_447.doc" target="_blank">2016年秋季西南交通大学大学生电子设计竞赛报名表</a></span> </p><p style="margin-left: 0pt; text-indent: 6pt;">\r\n	<span style="font-size: 10.5pt; font-family: 宋体; line-height: 150%;">附件二：<a href="http://202.115.67.4/download/news/file/20160923152630_246.docx" target="_blank">2016年秋季期西南交通大学电子设计竞赛-V-I特性曲线测试仪</a></span><span style="font-size:10.5pt;font-family:宋体;line-height:150%;"></span> </p></td></tr><tr><td height="27"><p style="text-align:right;">发布单位:教务处 &nbsp; &nbsp; &nbsp; &nbsp; &nbsp; &nbsp; &nbsp; &nbsp; &nbsp; &nbsp;&nbsp;</p></td></tr></tbody></table><p><br/></p>', '教务处   ', 10, NULL, 1, 10, '2016-09-25 19:51:14', '', NULL),
(65, '2016年“外研社杯”全国英语写作阅读大赛校级决赛通知', '', '<p style="text-indent:28pt;">\r\n	<span style="font-size:14pt;">2016</span><span style="font-family:宋体;font-size:14pt;">年“外研社杯”全国英语写作、阅读大赛校级决赛定于</span><span style="font-size:14pt;">9</span><span style="font-family:宋体;font-size:14pt;">月</span><span style="font-size:14pt;">25</span><span style="font-family:宋体;font-size:14pt;">日（本周日）上午在犀浦校区举行。</span><span style="font-size: 14pt;"></span> </p><p style="text-indent:28pt;">\r\n	<span style="font-family: 宋体; font-size: 14pt;">写作大赛参赛时间：</span><span style="font-size: 14pt;">9:00</span><span style="font-family: 宋体; font-size: 14pt;">—</span><span style="font-size: 14pt;">10:00</span><span style="font-family: 宋体; font-size: 14pt;">阅读大赛参赛时间：</span><span style="font-size: 14pt;">10:30</span><span style="font-family: 宋体; font-size: 14pt;">—</span><span style="font-size: 14pt;">12:30</span><span style="font-family: 宋体; font-size: 14pt;">，请参赛同学准时到场参赛，具体考场安排见附件，届时会有相关老师指引，预祝大家赛出好成绩！</span> </p><p style="text-indent:28pt;">\r\n	咨询电话：66367839&nbsp; 龙老师</p><p style="text-indent:28pt;">\r\n	<span style="font-family: 宋体; font-size: 14pt;"></span><span style="font-family: 宋体; font-size: 14pt;"></span>&nbsp;</p><p style="text-indent:28pt;">\r\n	<span style="font-family: 宋体; font-size: 14pt;">附：<a href="http://202.115.67.4/download/news/file/20160921112838_614.xls" target="_blank">写作大赛、阅读大赛考场安排</a></span></p><p><br/></p>', '外国语学院     ', 10, NULL, 1, 10, '2016-09-25 19:52:46', '', NULL),
(66, 'tsl', '789', '<p>fsf封锁石凳</p>', '', 34, NULL, 1, 10, '2016-09-30 09:49:07', '', 1),
(67, '第十九届中法4+4项目选拔通知', '', '<p>&nbsp; &nbsp; 根据我校和法国五所大学（巴黎中央理工大学，里昂中央理工大学，南特中央理工大学，里尔中央理工大学，马赛中央理工大学）签署的“4+4”项目协议，将选\r\n拔一批我校优秀大学二年级学生于2017年7月至2019年6月赴法国五所中央理工大学之一留学。该项目采取2+2培养模式，即学生在西南交通大学完成第\r\n一、第二年学习，随后赴法国五所中央理工大学之一完成大三、大四学业要求。2019年6月，顺利完成中法双方高校学业与学位要求者，将获颁西南交通大学本\r\n科学历、学位证书，并经学校相关部门审核认定通过后免试保送本校研究生。学生在我校继续攻读并取得硕士学位后，法方学校将同时授予学生法国工程师学位。中\r\n法4+4项目录取学生将统一申请法国政府埃菲尔奖学金或中国留学基金委提供的全额奖学金。</p><p>&nbsp; &nbsp; 第十九届项目选拔工作即将启动，现将具体选拔要求及安排公布如下：</p><ul class=" list-paddingleft-2"><li><p></p></li><li><p><strong>选拔条件</strong></p></li></ul><ol class=" list-paddingleft-2"><li><p></p></li><li><p>具备扎实的专业基础、较强的学习、研究和交流能力，综合素质优秀，具有较强的发展潜力；</p></li><li><p></p></li><li><p>学习成绩优异，专业排名年级前10名，其中《高等数学》、《大学物理》成绩不低于80分；</p></li><li><p></p></li><li><p>外语（英语或法语）实际应用能力强，能适应外文授课要求；</p></li><li><p></p></li><li><p>身心健康，对新环境适应能力强，对留学国外有充足的心理准备。</p></li></ol><ul class=" list-paddingleft-2"><li><p></p></li><li><p><strong>选拔范围</strong></p></li></ul><ol class=" list-paddingleft-2"><li><p></p></li><li><p>全日制在读本科二年级学生</p></li><li><p></p></li><li><p>土木工程学院（共5名，其中茅班1名）、机械工程学院（共5名，其中茅班1名）、电气工程学院（共5名，其中茅班1名）、信息科学与技术学院\r\n（共5名，其中茅班1名）、交通运输与物流学院（共5名，其中茅班1名）、材料学院（共4名，其中茅班1名）、地学学院（共4名，其中茅班1名）、力学与\r\n工程学院（共4名，其中茅班1名）、物理学院（2名）、生命科学与工程学院（2名）、数学学院（2名）以及峨眉校区相关院系和专业（3名）。</p></li></ol><ul class=" list-paddingleft-2"><li><p></p></li><li><p><strong>学院初选</strong></p></li></ul><ol class=" list-paddingleft-2"><li><p></p></li><li><p>报名时间：2015 年10月1日至10月14日(截止时间17:30)</p></li><li><p></p></li><li><p>报名地点：所在学院</p></li><li><p></p></li><li><p>报名组织：请相关学院成立特别小组负责选拔工作，以确保入选学生质量。</p></li><li><p></p></li><li><p>推荐候选人：学院/峨眉校区经初步筛选后，将候选人名单（附件2）及学生提交的申请表格（附件1）和正式出国境成绩单于10月20日下午17:30前提交至国际处（犀浦校区综合楼423办公室）。</p></li></ol><ul class=" list-paddingleft-2"><li><p></p></li><li><p><strong>校内选拔</strong></p></li></ul><ol class=" list-paddingleft-2"><li><p></p></li><li><p>10月25日（周二）下午14：00：国际处组织校内专家对学生进行英语面试（地点另行通知）。</p></li><li><p></p></li><li><p>10月25日（周二）下午14：00：国际处组织校内相关部门对学生进行中文面谈（与英语面试同时进行）。</p></li><li><p></p></li><li><p>10月27日（周四），国际处会同教务处、研究生院、学生处、招就处等有关部门确定最终候选人名单，由学院通知学生面试结果。</p></li><li><p></p></li><li><p>10月28日-11月5日，最终候选人名单进行公示。</p></li><li><p></p></li><li><p>11月5日-11月7日，经公示后无异议的候选人准备法方面试材料</p></li><li><p></p></li><li><p>11月8日（周二）全天，法方代表团面试候选人（时间地点另行通知）。</p></li></ol><ul class=" list-paddingleft-2"><li><p></p></li><li><p><strong>其它要求</strong></p></li></ul><ol class=" list-paddingleft-2"><li><p></p></li><li><p>按要求认真填写有关表格，一律打印并手写签名。</p></li><li><p></p></li><li><p>《附件2》由学院项目负责人统一填写并加盖学院公章。</p></li><li><p></p></li><li><p>各学院请按规定人数等额排序填写推荐名单，超过规定名额的候选学生不具备参评资格。</p></li><li><p></p></li><li><p>咨询电话：66367892廖老师 &nbsp;66366349 池老师</p></li></ol><p>&nbsp;&nbsp;&nbsp;&nbsp;&nbsp;&nbsp;&nbsp;&nbsp;&nbsp;&nbsp;&nbsp;&nbsp;&nbsp;</p><p>国际处地址：犀浦校区综合楼426办公室&nbsp;</p><p>&nbsp;</p><p>国际合作与交流处</p><p>&nbsp;&nbsp;&nbsp;&nbsp;&nbsp;&nbsp; 2016年9月30日</p><p>&nbsp;</p><p>附件1：西南交通大学学生基本情况表（中法4+4）<a href="http://fad.swjtu.edu.cn/userfile/ckEditorUploadFile/1475220520702.doc">/userfile/ckEditorUploadFile/1475220520702.doc</a></p><p>附件2：<a href="http://fad.swjtu.edu.cn/cgsq/Upload/file/%E9%99%84%E4%BB%B63%E4%B8%AD%E6%B3%954%EF%BC%8B4%E9%A1%B9%E7%9B%AE%E6%8E%A8%E8%8D%90%E5%90%8D%E5%8D%95.doc">中法4＋4项目推荐名单</a>（校内）<a href="http://fad.swjtu.edu.cn/userfile/ckEditorUploadFile/1475220542324.docx">/userfile/ckEditorUploadFile/1475220542324.docx</a></p><p>附件3：<a href="http://fad.swjtu.edu.cn/cgsq/Upload/file/%E9%99%84%E4%BB%B64%E6%9C%80%E5%90%8E%E4%B8%80%E8%BD%AE%E9%9D%A2%E8%AF%95%E5%89%8D%E6%9D%90%E6%96%99%E5%87%86%E5%A4%87.doc">法方面试材料说明</a>&nbsp;<a href="http://fad.swjtu.edu.cn/userfile/ckEditorUploadFile/1475220550405.doc">/userfile/ckEditorUploadFile/1475220550405.doc</a></p><p>附件4：<a href="http://fad.swjtu.edu.cn/cgsq/Upload/file/%E9%99%84%E4%BB%B62%E8%A5%BF%E5%8D%97%E4%BA%A4%E9%80%9A%E5%A4%A7%E5%AD%A6%E5%AD%A6%E7%94%9F%E5%8E%86%E5%B9%B4%E6%88%90%E7%BB%A9%E8%A1%A8.doc">5所中央理工课程设置</a>&nbsp;<a href="http://fad.swjtu.edu.cn/userfile/ckEditorUploadFile/1475220558751.zip">/userfile/ckEditorUploadFile/1475220558751.zip</a></p><p>\r\n	</p><p><br/></p>', '', 10, NULL, 1, 10, '2016-09-30 09:53:13', '', 1),
(68, '223嘎嘎嘎', '', '<p>ppppp3333333333333</p>', '', 34, NULL, 1, 10, '2016-10-01 00:05:48', '', 1);

-- --------------------------------------------------------

--
-- 表的结构 `friend`
--

CREATE TABLE `friend` (
  `id` int(11) NOT NULL,
  `user_id` int(11) NOT NULL,
  `friend_id` int(11) NOT NULL,
  `created_at` timestamp NOT NULL DEFAULT CURRENT_TIMESTAMP
) ENGINE=InnoDB DEFAULT CHARSET=utf8 COLLATE=utf8_bin;

--
-- 转存表中的数据 `friend`
--

INSERT INTO `friend` (`id`, `user_id`, `friend_id`, `created_at`) VALUES
(7, 1, 2, '2016-08-06 19:23:07'),
(8, 1, 3, '2016-08-06 19:23:12'),
(11, 3, 1, '2016-08-22 21:54:32'),
(13, 1, 1, '2016-11-14 12:28:55');

-- --------------------------------------------------------

--
-- 表的结构 `indent`
--

CREATE TABLE `indent` (
  `id` int(11) NOT NULL,
  `book_id` int(11) NOT NULL,
  `user_id` int(11) NOT NULL,
  `costomer` varchar(100) NOT NULL,
  `address` text NOT NULL,
  `ext` varchar(250) DEFAULT NULL,
  `create_at` timestamp NOT NULL DEFAULT CURRENT_TIMESTAMP ON UPDATE CURRENT_TIMESTAMP,
  `status` int(11) NOT NULL DEFAULT '1',
  `school` varchar(250) NOT NULL,
  `house` varchar(250) DEFAULT NULL,
  `room` varchar(250) DEFAULT NULL,
  `tel` varchar(50) NOT NULL,
  `money` float DEFAULT NULL,
  `sender_id` int(11) DEFAULT NULL
) ENGINE=MyISAM DEFAULT CHARSET=utf8;

--
-- 转存表中的数据 `indent`
--

INSERT INTO `indent` (`id`, `book_id`, `user_id`, `costomer`, `address`, `ext`, `create_at`, `status`, `school`, `house`, `room`, `tel`, `money`, `sender_id`) VALUES
(17, 1, 1, '', '西南交大_犀浦校区_天佑斋14号_10号', '', '2016-09-04 04:15:41', 1, '西南交通大学', '天佑斋14号', '10', '15002929121', 0, NULL),
(8, 2, 1, '', '西南交大_犀浦校区_天佑斋14号_145216号', 'sss', '2016-09-02 08:58:11', 1, '西南交通大学', '天佑斋14号', '145216', '15002929121', 0, NULL),
(14, 1, 1, '', '西南交大_犀浦校区_天佑斋14号_1243号', '', '2016-09-03 14:12:29', 1, '西南交通大学', '天佑斋14号', '1243', '15002929121', 0, NULL),
(11, 2, 1, '', '西南交大_犀浦校区_天佑斋14号_145216号', '', '2016-09-02 13:26:54', 1, '西南交通大学', '天佑斋14号', '145216', '15002929121', 0, NULL),
(12, 2, 1, '', '西南交大_犀浦校区_天佑斋14号_1243号', '', '2016-09-03 05:59:22', 1, '西南交通大学', '天佑斋14号', '1243', '15002929121', 0, NULL),
(19, 3, 1, '', '西南交大_犀浦校区_天佑斋14号_124324号', '', '2016-09-04 05:16:44', 1, '西南交通大学', '天佑斋14号', '124324', '15002929121', 0, NULL),
(20, 1, 1, '哈秋', '西南交大_犀浦校区_天佑斋14号_124324号', '', '2016-09-04 07:52:46', 1, '西南交通大学', '天佑斋14号', '124324', '15002929121', 0, NULL),
(21, 2, 1, '哈秋', '西南交大_犀浦校区_天佑斋14号_124324号', '', '2016-09-04 12:04:17', 1, '西南交通大学', '天佑斋14号', '124324', '15002929121', 0, NULL),
(27, 4, 1, '哈秋', '西南交大_九里校区_天佑斋14号_14ssss号', '', '2016-09-06 13:07:38', 1, '西南交通大学', '天佑斋14号', '14ssss', '15002929121', 0, NULL),
(23, 2, 1, '哈秋', '西南交大_犀浦校区_天佑斋14号_124324号', '', '2016-09-05 07:06:07', 1, '西南交通大学', '天佑斋14号', '124324', '15002929121', 0, NULL),
(24, 19, 1, '哈秋', '西南交大_犀浦校区_天佑斋14号_124324号', '', '2016-09-05 07:17:46', 1, '西南交通大学', '天佑斋14号', '124324', '15002929121', 0, NULL),
(25, 1, 1, '哈秋', '西南交大_犀浦校区_天佑斋14号_14ssss号', '', '2016-09-06 02:03:57', 1, '西南交通大学', '天佑斋14号', '14ssss', '15002929121', 0, NULL),
(26, 1, 1, '哈秋', '西南交大_犀浦校区_天佑斋14号_14ssss号', '', '2016-09-06 09:02:54', 1, '西南交通大学', '天佑斋14号', '14ssss', '15002929121', 0, NULL);

-- --------------------------------------------------------

--
-- 表的结构 `manager`
--

CREATE TABLE `manager` (
  `id` int(11) NOT NULL,
  `name` varchar(250) NOT NULL,
  `icon` tinytext NOT NULL COMMENT 'icon_url',
  `IP` char(15) NOT NULL,
  `signature` varchar(60) NOT NULL COMMENT '签名档'
) ENGINE=InnoDB DEFAULT CHARSET=utf8mb4;

--
-- 转存表中的数据 `manager`
--

INSERT INTO `manager` (`id`, `name`, `icon`, `IP`, `signature`) VALUES
(1, '99', '', '', ''),
(2, '33', '', '', ''),
(3, '张三', '', '', '');

-- --------------------------------------------------------

--
-- 表的结构 `menu`
--

CREATE TABLE `menu` (
  `id` int(11) NOT NULL,
  `name` varchar(128) NOT NULL,
  `parent` int(11) DEFAULT NULL,
  `route` varchar(255) DEFAULT NULL,
  `order` int(11) DEFAULT NULL,
  `data` text
) ENGINE=InnoDB DEFAULT CHARSET=utf8;

--
-- 转存表中的数据 `menu`
--

INSERT INTO `menu` (`id`, `name`, `parent`, `route`, `order`, `data`) VALUES
(3, '添加用户', 7, '/user/admin/create', NULL, NULL),
(6, '信息发布', NULL, '/document/index', 20, '{"submenu":"CategoryWidget","icon": "fa fa-bullhorn"}'),
(7, '用户管理', NULL, '/user/admin/index', 21, '{"icon": "fa fa-users"}\r\n'),
(8, '列表', 7, '/user/admin/index', NULL, NULL),
(9, '管理员操作', NULL, '/admin/default/index', 30, '{"icon": "fa fa-television"}\r\n'),
(10, '路由', 9, '/admin/route/index', NULL, NULL),
(11, '权限', 9, '/admin/permission/index', NULL, NULL),
(12, '角色', 9, '/admin/role/index', NULL, NULL),
(13, '分配', 9, '/admin/assignment/index', NULL, NULL),
(15, '菜单', 9, '/admin/menu/index', NULL, NULL),
(16, '个人主页', NULL, '/user/profile/index', 4, '{"icon": "fa fa-user" }\r\n'),
(17, '信息设置', 18, '/user/settings/profile', NULL, NULL),
(18, '个人设置', NULL, '/user/settings/profile', 5, '{"icon": "fa  fa-gears "}\r\n'),
(19, '账户设置', 18, '/user/settings/account', NULL, NULL),
(20, '栏目', 9, '/cate/index', NULL, NULL),
(26, '标签', NULL, '/tag/index', 9, NULL),
(30, '比赛', NULL, '/useradmin/race/index', NULL, NULL),
(31, '活动', NULL, '/indent/index', NULL, NULL),
(32, '主页', NULL, '/dashboard/index', NULL, NULL),
(34, '帖子管理', NULL, '/mind/admin', 3, NULL);

-- --------------------------------------------------------

--
-- 表的结构 `migration`
--

CREATE TABLE `migration` (
  `version` varchar(180) COLLATE utf8_bin NOT NULL,
  `apply_time` int(11) DEFAULT NULL
) ENGINE=InnoDB DEFAULT CHARSET=utf8 COLLATE=utf8_bin;

--
-- 转存表中的数据 `migration`
--

INSERT INTO `migration` (`version`, `apply_time`) VALUES
('m000000_000000_base', 1465834144),
('m130524_201442_init', 1465847458),
('m140209_132017_init', 1465835021),
('m140403_174025_create_account_table', 1465835022),
('m140504_113157_update_tables', 1465835024),
('m140504_130429_create_token_table', 1465835024),
('m140602_111327_create_menu_table', 1467149872),
('m140830_171933_fix_ip_field', 1465835025),
('m140830_172703_change_account_table_name', 1465835025),
('m141222_110026_update_ip_field', 1465835025),
('m141222_135246_alter_username_length', 1465835025),
('m150614_103145_update_social_account_table', 1465835026),
('m150623_212711_fix_username_notnull', 1465835026),
('m160312_050000_create_user', 1467149872),
('m160613_194413_create_status_table', 1465847495);

-- --------------------------------------------------------

--
-- 表的结构 `mind`
--

CREATE TABLE `mind` (
  `id` int(11) NOT NULL,
  `title` varchar(200) COLLATE utf8_bin NOT NULL,
  `content` text COLLATE utf8_bin NOT NULL,
  `type` int(11) NOT NULL,
  `user_id` int(11) NOT NULL,
  `create_at` timestamp NOT NULL DEFAULT CURRENT_TIMESTAMP,
  `img` text COLLATE utf8_bin NOT NULL,
  `status` mediumint(9) NOT NULL DEFAULT '1',
  `likes` int(11) DEFAULT '0',
  `oppose` int(11) NOT NULL DEFAULT '0',
  `icon` text COLLATE utf8_bin,
  `cate` int(11) NOT NULL,
  `relevant_id` int(11) DEFAULT NULL
) ENGINE=InnoDB DEFAULT CHARSET=utf8 COLLATE=utf8_bin;

--
-- 转存表中的数据 `mind`
--

INSERT INTO `mind` (`id`, `title`, `content`, `type`, `user_id`, `create_at`, `img`, `status`, `likes`, `oppose`, `icon`, `cate`, `relevant_id`) VALUES
(3, 'GeForce Experience 3.0 为何大量采用 Material Design 组件？', '2016年9月7日 NVIDIA 更新了全新的 GeForce Experience 3.0 正式版，最突出的就是全新的界面设计。\r\n下载使用以后发现其大量使用了 Material Design 组件', 2, 1, '2016-09-12 07:39:38', '', 1, 0, 0, NULL, 0, NULL),
(4, '招募装ｂ读研', '水电费水电费', 0, 1, '2016-09-12 09:20:37', '', 1, 0, 0, NULL, 0, NULL),
(6, 'sdf', 'fsd', 0, 1, '2016-09-12 10:02:57', '', 1, 0, 0, NULL, 0, NULL),
(7, 'sss', 'sss', 0, 1, '2016-09-19 18:16:36', '', 1, 0, 0, NULL, 0, NULL),
(8, 'qqqqqq', 'qqqqq', 3, 1, '2016-09-19 18:49:05', '', 1, 0, 0, NULL, 0, NULL),
(9, 'qqqqqq', 'qqqqq', 3, 1, '2016-09-19 18:50:04', '', 1, 0, 0, NULL, 0, NULL),
(10, '招募队友', '后端：php（主要），Mysql 前端：希望js好点 运维：Linux，Apache（主），Nginx，python 项目框架已经搭好，LAMP架构，之前我们几个人已经写好了一套CMS系统，作为通用开发的基础。这边几个人的话，PHP（thinkphp，yii框架）Linux，mysql都还可以。但现在感觉越做工程量越大，感觉比较缺需要和较有水平的程序员合作。我们在学校里有做开发的办公室，有界面设计师，而且我们小团队还接一些外包项目，可以一起分成哦。', 3, 1, '2016-09-19 19:22:28', '', 1, 0, 0, NULL, 0, NULL),
(11, '互联网+大赛', '节能减排大赛 ，3个程序员，求答辩手', 3, 1, '2016-09-19 19:49:38', '', 1, 0, 0, NULL, 0, NULL),
(12, '面试时，HR问我五年计划，我应该如何回答？ ', '在一次某厂面试的时候，我已经进行到第三面，是HR，他问我工作以后的五年计划是什么？大概想做到什么程度？我回答说 五年做到这个行业的一线，也就是优秀水平。然后问我在行政和管理上呢？我说做到一个小的 team leader吧。然后 他特别嫌弃的说，不可能，在xx这种大公司，你不可能做到，在小公司还差不多。 我想问我的回答有问题吗？真实是这样吗？', 2, 1, '2016-09-20 02:58:44', '', 1, 0, 0, NULL, 0, NULL),
(13, '为什么有人说 Java 的跨平台很鸡肋？', '比如为什么不用 Java 开发 iOS 应用？', 2, 3, '2016-09-21 19:07:54', '', 1, 0, 0, NULL, 0, NULL),
(14, '简明 Vim 练级攻略', '<p>vim的学习曲线相当的大（参看<a title="主流文本编辑器学习曲线" href="http://coolshell.cn/articles/3125.html" target="_blank">各种文本编辑器的学习曲线</a>），所以，如果你一开始看到的是一大堆VIM的命令分类，你一定会对这个编辑器失去兴趣的。下面的文章翻译自《<a href="http://yannesposito.com/Scratch/en/blog/Learn-Vim-Progressively/" target="_blank">Learn Vim Progressively</a>》，我觉得这是给新手最好的VIM的升级教程了，没有列举所有的命令，只是列举了那些最有用的命令。非常不错。</p><p style="text-align: center;">——————————正文开始——————————</p><p>你想以最快的速度学习人类史上最好的文本编辑器VIM吗？你先得懂得如何在VIM幸存下来，然后一点一点地学习各种戏法。</p><p><a href="http://www.vim.org">Vim</a> the Six Billion Dollar editor</p><blockquote><p>Better, Stronger, Faster.</p></blockquote><p>学习&nbsp;<a href="http://www.vim.org">vim</a>&nbsp;并且其会成为你最后一个使用的文本编辑器。没有比这个更好的文本编辑器了，非常地难学，但是却不可思议地好用。</p><p>我建议下面这四个步骤：</p><ol class=" list-paddingleft-2"><li><p>存活</p></li><li><p>感觉良好</p></li><li><p>觉得更好，更强，更快</p></li><li><p>使用VIM的超能力</p></li></ol><p>当你走完这篇文章，你会成为一个vim的 superstar。</p><p>在开始学习以前，我需要给你一些警告：</p><ul class=" list-paddingleft-2"><li><p>学习vim在开始时是痛苦的。</p></li><li><p>需要时间</p></li><li><p>需要不断地练习，就像你学习一个乐器一样。</p></li><li><p>不要期望你能在3天内把vim练得比别的编辑器更有效率。</p></li><li><p>事实上，你需要2周时间的苦练，而不是3天。</p></li></ul><p><span id="more-5426"></span></p><h4>第一级 – 存活</h4><ol class=" list-paddingleft-2"><li><p>安装&nbsp;<a href="http://www.vim.org">vim</a></p></li><li><p>启动 vim</p></li><li><p><strong>什么也别干！</strong>请先阅读</p></li></ol><p>当你安装好一个编辑器后，你一定会想在其中输入点什么东西，然后看看这个编辑器是什么样子。但vim不是这样的，请按照下面的命令操作：</p><ul class=" list-paddingleft-2"><li><p>启 动Vim后，vim在&nbsp;<em>Normal</em>&nbsp;模式下。</p></li><li><p>让我们进入&nbsp;<em>Insert</em> 模式，请按下键 i 。(陈皓注：你会看到vim左下角有一个–insert–字样，表示，你可以以插入的方式输入了）</p></li><li><p>此时，你可以输入文本了，就像你用“记事本”一样。</p></li><li><p>如果你想返回&nbsp;<em>Normal</em>&nbsp;模式，请按&nbsp;<code>ESC</code> 键。</p></li></ul><p>现在，你知道如何在&nbsp;<em>Insert</em>&nbsp;和&nbsp;<em>Normal</em> 模式下切换了。下面是一些命令，可以让你在&nbsp;<em>Normal</em> 模式下幸存下来：</p><blockquote><ul class=" list-paddingleft-2"><li><p><code>i</code> → <em>Insert</em> 模式，按&nbsp;<code>ESC</code>&nbsp;回到 <em>Normal</em> 模式.</p></li><li><p><code>x</code> → 删当前光标所在的一个字符。</p></li><li><p><code>:wq</code> → 存盘 + 退出 (<code>:w</code> 存盘, <code>:q</code> 退出) &nbsp; （陈皓注：:w 后可以跟文件名）</p></li><li><p><code>dd</code> → 删除当前行，并把删除的行存到剪贴板里</p></li><li><p><code>p</code> → 粘贴剪贴板</p></li></ul><p><strong>推荐</strong>:</p><ul class=" list-paddingleft-2"><li><p><code>hjkl</code> (强例推荐使用其移动光标，但不必需) →你也可以使用光标键 (←↓↑→). 注: <code>j</code> 就像下箭头。</p></li><li><p><code>:help &lt;command&gt;</code> → 显示相关命令的帮助。你也可以就输入&nbsp;<code>:help</code>&nbsp;而不跟命令。（陈皓注：退出帮助需要输入:q）</p></li></ul></blockquote><p>你能在vim幸存下来只需要上述的那5个命令，你就可以编辑文本了，你一定要把这些命令练成一种下意识的状态。于是你就可以开始进阶到第二级了。</p><p>当是，在你进入第二级时，需要再说一下&nbsp;<em>Normal </em>模式。在一般的编辑器下，当你需要copy一段文字的时候，你需要使用&nbsp;<code>Ctrl</code> 键，比如：<code>Ctrl-C</code>。也就是说，Ctrl键就好像功能键一样，当你按下了功能键Ctrl后，C就不在是C了，而且就是一个命令或是一个快键键了，<strong>在VIM的Normal模式下，所有的键就是功能键了</strong>。这个你需要知道。</p><p>标记:</p><ul class=" list-paddingleft-2"><li><p>下面的文字中，如果是&nbsp;<code>Ctrl-λ</code>我会写成&nbsp;<code>&lt;C-λ&gt;</code>.</p></li><li><p>以&nbsp;<code>:</code>&nbsp;开始的命令你需要输入&nbsp;<code>&lt;enter&gt;</code>回车，例如 — 如果我写成&nbsp;<code>:q</code>&nbsp;也就是说你要输入&nbsp;<code>:q&lt;enter&gt;</code>.</p></li></ul><h4 id="nd-level----feel-comfortable">第二级 – 感觉良好</h4><p>上面的那些命令只能让你存活下来，现在是时候学习一些更多的命令了，下面是我的建议：（陈皓注：所有的命令都需要在Normal模式下使用，如果你不知道现在在什么样的模式，你就狂按几次ESC键）</p><ol class=" list-paddingleft-2"><li><p><strong>各种插入模式</strong><br/></p><blockquote></blockquote></li><ul class=" list-paddingleft-2"><li><p><code>a</code> → 在光标后插入</p></li><li><p><code>o</code> → 在当前行后插入一个新行</p></li><li><p><code>O</code> → 在当前行前插入一个新行</p></li><li><p><code>cw</code> → 替换从光标所在位置后到一个单词结尾的字符</p></li></ul><li><p><strong>简单的移动光标</strong><br/></p><blockquote></blockquote></li><ul class=" list-paddingleft-2"><li><p><code>0</code> → 数字零，到行头</p></li><li><p><code>^</code> → 到本行第一个不是blank字符的位置（所谓blank字符就是空格，tab，换行，回车等）</p></li><li><p><code>$</code> → 到本行行尾</p></li><li><p><code>g_</code> → 到本行最后一个不是blank字符的位置。</p></li><li><p><code>/pattern</code> → 搜索&nbsp;<code>pattern</code> 的字符串（陈皓注：如果搜索出多个匹配，可按n键到下一个）</p></li></ul><li><p><strong>拷贝/粘贴</strong> （陈皓注：p/P都可以，p是表示在当前位置之后，P表示在当前位置之前）<br/></p><blockquote></blockquote></li><ul class=" list-paddingleft-2"><li><p><code>P</code> → 粘贴</p></li><li><p><code>yy</code> → 拷贝当前行当行于&nbsp;<code>ddP</code></p></li></ul><li><p><strong>Undo/Redo</strong><br/></p><blockquote></blockquote></li><ul class=" list-paddingleft-2"><li><p><code>u</code> → undo</p></li><li><p><code>&lt;C-r&gt;</code> → redo</p></li></ul><li><p><strong>打开/保存/退出/改变文件</strong>(Buffer)<br/></p><blockquote></blockquote></li><ul class=" list-paddingleft-2"><li><p><code>:e &lt;path/to/file&gt;</code> → 打开一个文件</p></li><li><p><code>:w</code> → 存盘</p></li><li><p><code>:saveas &lt;path/to/file&gt;</code> → 另存为&nbsp;<code>&lt;path/to/file&gt;</code></p></li><li><p><code>:x</code>，&nbsp;<code>ZZ</code> 或&nbsp;<code>:wq</code> → 保存并退出 (<code>:x</code>&nbsp;表示仅在需要时保存，ZZ不需要输入冒号并回车)</p></li><li><p><code>:q!</code> → 退出不保存&nbsp;<code>:qa!</code>&nbsp;强行退出所有的正在编辑的文件，就算别的文件有更改。</p></li><li><p><code>:bn</code>&nbsp;和&nbsp;<code>:bp</code>&nbsp;→ 你可以同时打开很多文件，使用这两个命令来切换下一个或上一个文件。（陈皓注：我喜欢使用:n到下一个文件）</p></li></ul></ol><p>花点时间熟悉一下上面的命令，一旦你掌握他们了，你就几乎可以干其它编辑器都能干的事了。但是到现在为止，你还是觉得使用vim还是有点笨拙，不过没关系，你可以进阶到第三级了。</p><h4 id="rd-level----better-stronger-faster">第三级&nbsp;– 更好，更强，更快</h4><p>先恭喜你！你干的很不错。我们可以开始一些更为有趣的事了。在第三级，我们只谈那些和vi可以兼容的命令。</p><h5 id="better">更好</h5><p>下面，让我们看一下vim是怎么重复自己的：</p><ol class=" list-paddingleft-2"><li><p><code>.</code> → (小数点) 可以重复上一次的命令</p></li><li><p>N&lt;command&gt; → 重复某个命令N次</p></li></ol><p>下面是一个示例，找开一个文件你可以试试下面的命令：</p><blockquote><ul class=" list-paddingleft-2"><li><p><code>2dd</code> → 删除2行</p></li><li><p><code>3p</code> → 粘贴文本3次</p></li><li><p><code>100idesu [ESC]</code> → 会写下 “desu desu desu desu desu desu \r\ndesu desu desu desu desu desu desu desu desu desu desu desu desu desu \r\ndesu desu desu desu desu desu desu desu desu desu desu desu desu desu \r\ndesu desu desu desu desu desu desu desu desu desu desu desu desu desu \r\ndesu desu desu desu desu desu desu desu desu desu desu desu desu desu \r\ndesu desu desu desu desu desu desu desu desu desu desu desu desu desu \r\ndesu desu desu desu desu desu desu desu desu desu desu desu desu desu \r\ndesu desu desu desu desu desu desu desu desu desu “</p></li><li><p><code>.</code> → 重复上一个命令—— 100 “desu “.</p></li><li><p><code>3.</code> → 重复 3 次 “desu” (注意：不是 300，你看，VIM多聪明啊).</p></li></ul></blockquote><h5 id="stronger">更强</h5><p>你要让你的光标移动更有效率，你一定要了解下面的这些命令，<strong>千万别跳过</strong>。</p><ol class=" list-paddingleft-2"><li><p>N<code>G</code> → 到第 N 行 （陈皓注：注意命令中的G是大写的，另我一般使用 : N 到第N行，如 :137 到第137行）</p></li><li><p><code>gg</code> → 到第一行。（陈皓注：相当于1G，或 :1）</p></li><li><p><code>G</code> → 到最后一行。</p></li><li><p>按单词移动：<br/></p><blockquote><p>&gt; 如果你认为单词是由默认方式，那么就用小写的e和w。默认上来说，一个单词由字母，数字和下划线组成（陈皓注：程序变量）</p><p>&gt; 如果你认为单词是由blank字符分隔符，那么你需要使用大写的E和W。（陈皓注：程序语句）</p><p><img src="http://yannesposito.com/Scratch/img/blog/Learn-Vim-Progressively/word_moves.jpg" alt="Word moves example"/></p></blockquote></li><ol class=" list-paddingleft-2" style="list-style-type: lower-alpha;"><li><p><code>w</code> → 到下一个单词的开头。</p></li><li><p><code>e</code> → 到下一个单词的结尾。</p></li></ol></ol><p>下面，让我来说说最强的光标移动：</p><blockquote><ul class=" list-paddingleft-2"><li><p><code>%</code>&nbsp;: 匹配括号移动，包括&nbsp;<code>(</code>, <code>{</code>, <code>[</code>. （陈皓注：你需要把光标先移到括号上）</p></li><li><p><code>*</code>&nbsp;和&nbsp;<code>#</code>: &nbsp;匹配光标当前所在的单词，移动光标到下一个（或上一个）匹配单词（*是下一个，#是上一个）</p></li></ul></blockquote><p>相信我，上面这三个命令对程序员来说是相当强大的。</p><h5 id="faster">更快</h5><p>你一定要记住光标的移动，因为很多命令都可以和这些移动光标的命令连动。很多命令都可以如下来干：</p><p><code>&lt;start position&gt;&lt;command&gt;&lt;end position&gt;</code></p><p>例如&nbsp;<code>0y$</code> 命令意味着：</p><ul class=" list-paddingleft-2"><li><p><code>0</code> → 先到行头</p></li><li><p><code>y</code> → 从这里开始拷贝</p></li><li><p><code>$</code> → 拷贝到本行最后一个字符</p></li></ul><p>你可可以输入&nbsp;<code>ye</code>，从当前位置拷贝到本单词的最后一个字符。</p><p>你也可以输入&nbsp;<code>y2/foo</code>&nbsp;来拷贝2个 “foo” 之间的字符串。</p><p>还有很多时间并不一定你就一定要按y才会拷贝，下面的命令也会被拷贝：</p><ul class=" list-paddingleft-2"><li><p><code>d</code> (删除 )</p></li><li><p><code>v</code> (可视化的选择)</p></li><li><p><code>gU</code> (变大写)</p></li><li><p><code>gu</code> (变小写)</p></li><li><p>等等</p></li></ul><p>（陈皓注：可视化选择是一个很有意思的命令，你可以先按v，然后移动光标，你就会看到文本被选择，然后，你可能d，也可y，也可以变大写等）</p><h4 id="th-level----vim-superpowers">第四级 – Vim 超能力</h4><p>你只需要掌握前面的命令，你就可以很舒服的使用VIM了。但是，现在，我们向你介绍的是VIM杀手级的功能。下面这些功能是我只用vim的原因。</p><h5 id="move-on-current-line-0---f-f-t-t--">在当前行上移动光标: <code>0</code> <code>^</code> <code>$</code> <code>f</code> <code>F</code> <code>t</code> <code>T</code> <code>,</code> <code>;</code></h5><blockquote><ul class=" list-paddingleft-2"><li><p><code>0</code> → 到行头</p></li><li><p><code>^</code> → 到本行的第一个非blank字符</p></li><li><p><code>$</code> → 到行尾</p></li><li><p><code>g_</code>&nbsp;→ 到本行最后一个不是blank字符的位置。</p></li><li><p><code>fa</code> → 到下一个为a的字符处，你也可以fs到下一个为s的字符。</p></li><li><p><code>t,</code> → 到逗号前的第一个字符。逗号可以变成其它字符。</p></li><li><p><code>3fa</code> → 在当前行查找第三个出现的a。</p></li><li><p><code>F</code>&nbsp;和&nbsp;<code>T</code> → 和&nbsp;<code>f</code>&nbsp;和&nbsp;<code>t</code>&nbsp;一样，只不过是相反方向。<br/><img src="http://yannesposito.com/Scratch/img/blog/Learn-Vim-Progressively/line_moves.jpg" alt="Line moves"/></p></li></ul></blockquote><p>还有一个很有用的命令是&nbsp;<code>dt&quot;</code> → 删除所有的内容，直到遇到双引号——&nbsp;<code>&quot;。</code></p><h5 id="zone-selection-actionaobject-or-actioniobject">区域选择&nbsp;<code>&lt;action&gt;a&lt;object&gt;</code>&nbsp;或&nbsp;<code>&lt;action&gt;i&lt;object&gt;</code></h5><p>在visual 模式下，这些命令很强大，其命令格式为</p><p><code>&lt;action&gt;a&lt;object&gt;</code> 和 <code>&lt;action&gt;i&lt;object&gt;</code></p><ul class=" list-paddingleft-2"><li><p>action可以是任何的命令，如&nbsp;<code>d</code> (删除), <code>y</code> (拷贝), <code>v</code> (可以视模式选择)。</p></li><li><p>object 可能是：&nbsp;<code>w</code> 一个单词，&nbsp;<code>W</code> 一个以空格为分隔的单词，&nbsp;<code>s</code> 一个句字，&nbsp;<code>p</code> 一个段落。也可以是一个特别的字符：<code>&quot;、</code>&nbsp;<code>&#39;、</code>&nbsp;<code>)、</code>&nbsp;<code>}、</code>&nbsp;<code>]。</code></p></li></ul><p>假设你有一个字符串&nbsp;<code>(map (+) (&quot;foo&quot;))</code>.而光标键在第一个&nbsp;<code>o&nbsp;</code>的位置。</p><blockquote><ul class=" list-paddingleft-2"><li><p><code>vi&quot;</code> → 会选择&nbsp;<code>foo</code>.</p></li><li><p><code>va&quot;</code> → 会选择&nbsp;<code>&quot;foo&quot;</code>.</p></li><li><p><code>vi)</code> → 会选择&nbsp;<code>&quot;foo&quot;</code>.</p></li><li><p><code>va)</code> → 会选择<code>(&quot;foo&quot;)</code>.</p></li><li><p><code>v2i)</code> → 会选择&nbsp;<code>map (+) (&quot;foo&quot;)</code></p></li><li><p><code>v2a)</code> → 会选择&nbsp;<code>(map (+) (&quot;foo&quot;))</code></p></li></ul></blockquote><p><img class="aligncenter" src="http://yannesposito.com/Scratch/img/blog/Learn-Vim-Progressively/textobjects.png" alt="Text objects selection"/></p><h5 id="select-rectangular-blocks-c-v">块操作: <code>&lt;C-v&gt;</code></h5><p>块操作，典型的操作：&nbsp;<code>0 &lt;C-v&gt; &lt;C-d&gt; I-- [ESC]</code></p><ul class=" list-paddingleft-2"><li><p><code>^</code> → 到行头</p></li><li><p><code>&lt;C-v&gt;</code> → 开始块操作</p></li><li><p><code>&lt;C-d&gt;</code> → 向下移动 (你也可以使用hjkl来移动光标，或是使用%，或是别的)</p></li><li><p><code>I-- [ESC]</code> → I是插入，插入“<code>--</code>”，按ESC键来为每一行生效。</p></li></ul><p><img class="aligncenter" src="http://yannesposito.com/Scratch/img/blog/Learn-Vim-Progressively/rectangular-blocks.gif" alt="Rectangular blocks"/></p><p>在Windows下的vim，你需要使用&nbsp;<code>&lt;C-q&gt;</code> 而不是&nbsp;<code>&lt;C-v&gt;</code>&nbsp;，<code>&lt;C-v&gt;</code>&nbsp;是拷贝剪贴板。</p><h5 id="completion-c-n-and-c-p">自动提示：&nbsp;<code>&lt;C-n&gt;</code>&nbsp;和&nbsp;<code>&lt;C-p&gt;</code></h5><p>在 Insert 模式下，你可以输入一个词的开头，然后按&nbsp;<code>&lt;C-p&gt;或是&lt;C-n&gt;，自动补齐功能就出现了……</code></p><p><img class="aligncenter" src="http://yannesposito.com/Scratch/img/blog/Learn-Vim-Progressively/completion.gif" alt="Completion"/></p><h5 id="macros--qa-do-something-q-a-">宏录制：&nbsp;<code>qa</code> 操作序列&nbsp;<code>q</code>, <code>@a</code>, <code>@@</code></h5><ul class=" list-paddingleft-2"><li><p><code>qa</code>&nbsp;把你的操作记录在寄存器&nbsp;<code>a。</code></p></li><li><p>于是&nbsp;<code>@a</code>&nbsp;会replay被录制的宏。</p></li><li><p><code>@@</code>&nbsp;是一个快捷键用来replay最新录制的宏。</p></li></ul><blockquote><p><strong><em>示例</em></strong></p><p>在一个只有一行且这一行只有“1”的文本中，键入如下命令：</p><ul class=" list-paddingleft-2"><li><p><code>qaYp&lt;C-a&gt;q</code>→</p></li><ul class=" list-paddingleft-2" style="list-style-type: square;"><li><p><code>qa</code>&nbsp;开始录制</p></li><li><p><code>Yp</code> 复制行.</p></li><li><p><code>&lt;C-a&gt;</code> 增加1.</p></li><li><p><code>q</code> 停止录制.</p></li></ul><li><p><code>@a</code> → 在1下面写下 2</p></li><li><p><code>@@</code> → 在2 正面写下3</p></li><li><p>现在做&nbsp;<code>100@@</code> 会创建新的100行，并把数据增加到 103.</p></li></ul></blockquote><p><img class="aligncenter" src="http://yannesposito.com/Scratch/img/blog/Learn-Vim-Progressively/macros.gif" alt="Macros"/></p><h5 id="visual-selection-vvc-v">可视化选择：&nbsp;<code>v</code>,<code>V</code>,<code>&lt;C-v&gt;</code></h5><p>前面，我们看到了&nbsp;<code>&lt;C-v&gt;</code>的示例 （在Windows下应该是&lt;C-q&gt;），我们可以使用&nbsp;<code>v</code> 和 <code>V</code>。一但被选好了，你可以做下面的事：</p><ul class=" list-paddingleft-2"><li><p><code>J</code> → 把所有的行连接起来（变成一行）</p></li><li><p><code>&lt;</code> 或 <code>&gt;</code>&nbsp;→ 左右缩进</p></li><li><p><code>=</code> → 自动给缩进 （陈皓注：这个功能相当强大，我太喜欢了）</p></li></ul><p><img class="aligncenter" src="http://yannesposito.com/Scratch/img/blog/Learn-Vim-Progressively/autoindent.gif" alt="Autoindent"/></p><p>在所有被选择的行后加上点东西：</p><ul class=" list-paddingleft-2"><li><p><code>&lt;C-v&gt;</code></p></li><li><p>选中相关的行 (可使用&nbsp;<code>j</code>&nbsp;或&nbsp;<code>&lt;C-d&gt;</code>&nbsp;或是&nbsp;<code>/pattern</code>&nbsp;或是&nbsp;<code>%</code>&nbsp;等……)</p></li><li><p><code>$</code> 到行最后</p></li><li><p><code>A</code>, 输入字符串，按&nbsp;<code>ESC。</code></p></li></ul><p><img class="aligncenter" src="http://yannesposito.com/Scratch/img/blog/Learn-Vim-Progressively/append-to-many-lines.gif" alt="Append to many lines"/></p><h5 id="splits-split-and-vsplit">分屏: <code>:split</code>&nbsp;和&nbsp;<code>vsplit</code>.</h5><p>下面是主要的命令，你可以使用VIM的帮助&nbsp;<code>:help split</code>. 你可以参考本站以前的一篇文章<a title="Vim的分屏功能" href="http://coolshell.cn/articles/1679.html" target="_blank">VIM分屏</a>。</p><blockquote><ul class=" list-paddingleft-2"><li><p><code>:split</code> → 创建分屏 (<code>:vsplit</code>创建垂直分屏)</p></li><li><p><code>&lt;C-w&gt;&lt;dir&gt;</code>&nbsp;: dir就是方向，可以是&nbsp;<code>hjkl</code> 或是 ←↓↑→ 中的一个，其用来切换分屏。</p></li><li><p><code>&lt;C-w&gt;_</code> (或&nbsp;<code>&lt;C-w&gt;|</code>)&nbsp;: 最大化尺寸 (&lt;C-w&gt;|&nbsp;垂直分屏)</p></li><li><p><code>&lt;C-w&gt;+</code> (或 <code>&lt;C-w&gt;-</code>)&nbsp;: 增加尺寸</p></li></ul></blockquote><p><img class="aligncenter" src="http://yannesposito.com/Scratch/img/blog/Learn-Vim-Progressively/split.gif" alt="Split"/></p><h4 id="conclusion">结束语</h4><ul class=" list-paddingleft-2"><li><p>上面是作者最常用的90%的命令。</p></li><li><p>我建议你每天都学1到2个新的命令。</p></li><li><p>在两到三周后，你会感到vim的强大的。</p></li></ul><ul class=" list-paddingleft-2"><li><p>有时候，学习VIM就像是在死背一些东西。</p></li><li><p>幸运的是，vim有很多很不错的工具和优秀的文档。</p></li><li><p>运行vimtutor直到你熟悉了那些基本命令。</p></li><li><p>其在线帮助文档中你应该要仔细阅读的是&nbsp;<code>:help usr_02.txt</code>.</p></li><li><p>你会学习到诸如&nbsp;&nbsp;<code>!，</code>&nbsp;目录，寄存器，插件等很多其它的功能。</p></li></ul><p>学习vim就像学弹钢琴一样，一旦学会，受益无穷。</p><p style="text-align: center;">——————————正文结束——————————</p><p>对于vi/vim只是点评一点：这是一个你不需要使用鼠标，不需使用小键盘，只需要使用大键盘就可以完成很多复杂功能文本编辑的编辑器。不然，<a title="Visual Studio的Vim插件" href="http://coolshell.cn/articles/1901.html" target="_blank">Visual Studio也不就会有vim的插件了</a>。</p><p>(全文完)&nbsp;</p><p><br/></p>', 1, 1, '2016-09-21 19:16:51', '', 1, 0, 0, NULL, 0, NULL),
(16, 'PHP类库 操作Excel', '<p>哈哈哈哈，有个屁<br/></p>', 1, 1, '2016-09-27 16:30:49', '', 1, 0, 0, NULL, 0, NULL),
(17, 'JavaScript对象继承一瞥', '<p>js创建之初，正值java大行其道，面向对象编程春风正盛，js借鉴了java的对象机制，但仅是看起来像，也就是js的构造函数，如下：<br/></p><p><br/></p><pre>function&nbsp;People(age)&nbsp;{\r\n	this.age&nbsp;=&nbsp;age;\r\n	this.getAge&nbsp;=&nbsp;function&nbsp;(){return&nbsp;this.age};\r\n}\r\n\r\nvar&nbsp;p1&nbsp;=&nbsp;new&nbsp;People(20);//People的实例1\r\nvar&nbsp;p2&nbsp;=&nbsp;new&nbsp;People(40);//People的实例2</pre><p>上面的代码很像java了，通过new constructor()的方式，可以创建多个实例。</p><p>但上面代码问题是getAge方法会在每个People的实例中存在，如果实例多的话，会浪费很多空间，js采用了牺牲时间，获取空间的方法，js引入了原型理念，将方法放入原型中：</p><p><br/></p><pre>function&nbsp;People(age)&nbsp;{\r\n	this.age&nbsp;=&nbsp;age\r\n}\r\n\r\nPeople.prototype.getAge&nbsp;=&nbsp;function&nbsp;()&nbsp;{return&nbsp;this.age};</pre><p>本文就来总结下，如何使用构造函数来实现继承。</p><h2>场景</h2><p>我们假设我们有一个父构造函数People和子构造函数Student，People有一个属性age和一个方法getAge，Student有一个属性num和getNum。</p><p><br/></p><pre>function&nbsp;People(age)&nbsp;{\r\n	this.age&nbsp;=&nbsp;age;\r\n}\r\nPeople.prototype.getAge&nbsp;=&nbsp;function&nbsp;(){return&nbsp;this.age;};\r\n\r\nfunction&nbsp;Student(num)&nbsp;{\r\n	this.num&nbsp;=&nbsp;num;\r\n}\r\nStudent.prototype.getNum&nbsp;=&nbsp;function&nbsp;()&nbsp;{return&nbsp;this.num;};</pre><p>我们要实现是Student继承People，这在js里可要费一番力气了。</p><h2>默认模式</h2><p>我们可以利用js的原型机制，将子构造函数的原型属性设置为父构造函数的实例，这是js中比较常用的方式：</p><p><br/></p><pre>function&nbsp;Student(num)&nbsp;{\r\n	this.num&nbsp;=&nbsp;num;\r\n}\r\n\r\nStudent.prototype&nbsp;=&nbsp;new&nbsp;People();\r\n\r\nStudent.prototype.getNum&nbsp;=&nbsp;function&nbsp;()&nbsp;{return&nbsp;this.num;};\r\n\r\nvar&nbsp;stu1&nbsp;=&nbsp;new&nbsp;Student(&#39;123&#39;);</pre><p>这样做其实基本实现了我们的需求，但如果深入思考上面的方式，其实有几个缺点：</p><ol class=" list-paddingleft-2"><li><p>子类无法继承父类的实例属性</p></li><li><p>会将父类的实例属性，扩展到子类的原型上</p></li><li><p>修改了子类的原型属性，会导致在stu1上获取constructor属性为People，而不是Student</p></li></ol><p>哦！！！</p><h2>借用构造函数</h2><p>先来看看如何解决第一个问题，我们可以巧用js的call方法，如果你还不知道这个方法，请移步<a href="https://link.zhihu.com/?target=https%3A//developer.mozilla.org/en-US/docs/Web/JavaScript/Reference/Global_Objects/Function/call" class=" wrap external" target="_blank" rel="nofollow noreferrer">这里<em class="icon-external"></em></a>。</p><p><br/></p><pre>function&nbsp;Student(age,&nbsp;num)&nbsp;{\r\n	People.call(this,&nbsp;age);\r\n	this.num&nbsp;=&nbsp;num;\r\n}</pre><p>我们在子构造函数内部，借用父构造函数，这样就巧妙地在子类中继承了父类的实例化属性。这其实类似java的super关键字。</p><h2>共享原型</h2><p>再来看看如何解决第二个问题，解决这个问题，其实我们可以将子构造函数的原型更改为父构造函数的原型，而不是父构造函数的实例。</p><p><br/></p><pre>Student.prototype&nbsp;=&nbsp;People.prototype;</pre><p>这样就不会将父构造函数的实例属性扩展到子构造函数的原型上了。</p><p>但这样做会导致另一个问题，就是无法再在Student的原型上扩展方法了，因为会扩展同时会扩展到People的原型上。</p><h2>临时构造函数</h2><p>为了解决上面引发的问题，和第三个问题。我们可以在子构造函数和父构造函数之间，加一层临时构造函数。</p><p><br/></p><pre>function&nbsp;F()&nbsp;{\r\n}\r\n\r\nF.prototype&nbsp;=&nbsp;People.prototype;\r\n\r\nStudent.prototype&nbsp;=&nbsp;new&nbsp;F();</pre><p>这样就可以Student的原型上扩展子构造函数的方法，同时不影响父构造函数的原形了。</p><p>在修复一下constructor属性就ok啦</p><p><br/></p><pre>Student.prorotype.constructor&nbsp;=&nbsp;Student;</pre><h2>圣杯</h2><p>我们将上面的几种方法综合起来，代码看起来就像下面这样子：</p><p><br/></p><pre>//继承函数\r\nfunction&nbsp;inherit(C,&nbsp;P)&nbsp;{\r\n	var&nbsp;F&nbsp;=&nbsp;function&nbsp;(){};\r\n	F.prototype&nbsp;=&nbsp;P.prototype;\r\n	C.prototype&nbsp;=&nbsp;new&nbsp;F();//临时构造函数\r\n\r\n	C.prototype.constructor&nbsp;=&nbsp;C;//修复constructor\r\n	C.uper&nbsp;=&nbsp;P;//存储超类\r\n}\r\n\r\nfunction&nbsp;People(age)&nbsp;{\r\n	this.age&nbsp;=&nbsp;age;\r\n}\r\nPeople.prototype.getAge&nbsp;=&nbsp;function&nbsp;(){return&nbsp;this.age;};\r\n\r\nfunction&nbsp;Student(age,&nbsp;num)&nbsp;{\r\n	Student.uber.call(this,&nbsp;age);\r\n	this.num&nbsp;=&nbsp;num;\r\n}\r\n\r\ninherit(Student,&nbsp;People);//继承父构造函数\r\nStudent.prototype.getNum&nbsp;=&nbsp;function&nbsp;()&nbsp;{return&nbsp;this.num;};</pre><h2>总结</h2><p>本文大部分内容其实出自，《<a href="https://link.zhihu.com/?target=http%3A//www.amazon.cn/gp/product/B008QTG1HS/ref%3Das_li_qf_sp_asin_tl%3Fie%3DUTF8%26camp%3D536%26creative%3D3200%26creativeASIN%3DB008QTG1HS%26linkCode%3Das2%26tag%3Dyanhaijing-23" class=" wrap external" target="_blank" rel="nofollow noreferrer">javascript模式<em class="icon-external"></em></a>》第五章 代码的复用模式。记录下来省的自己每次都要去翻书了，当然主要还是写给MM看的。</p><p>原文网址：<a href="https://link.zhihu.com/?target=http%3A//yanhaijing.com/javascript/2014/11/09/object-inherit-of-js/" class=" wrap external" target="_blank" rel="nofollow noreferrer">JavaScript对象继承一瞥</a></p><p><br/></p>', 1, 1, '2016-09-27 18:57:59', '', 1, 0, 0, NULL, 0, NULL),
(42, '工业设计学生想要做交互设计，要掌握多少编程方面的知识？ ', '<p>作为一个工业设计学生，要做交互设计，在视觉图形方面的知识是有一定储备的（交互设计本身就是如今工业设计专业的一个方向），但是在编程等技术方面的知识应该掌握多少才算适宜呢？</p>', 2, 1, '2016-09-27 21:08:02', '', 1, 0, 0, NULL, 0, NULL),
(44, ' 如何评价2016美国总统选举第一场辩论后大部分poll结果显示特朗普赢得了辩论？', 'twitter上大部分poll以及一些媒体的poll都显示特朗普领先，似乎只有CNN表示希拉里赢得了辩论。\r\n\r\n\r\n\r\n\r\n\r\n\r\n\r\n', 2, 1, '2016-09-28 00:36:25', '', 1, 0, 0, NULL, 0, NULL),
(45, '搜索烟雾飞行器设计', '（1）实现基本飞行棋之态控制\r\n\r\n（2）针对烟雾产生点惊醒搜索识别\r\n\r\n（3）数据定位返回和跟踪\r\n\r\n（4）APP程序开发与控制\r\n\r\n邮箱：zhigangwang@home.edu.cn\r\n\r\n电话：15680814102', 3, 1, '2016-09-28 01:07:49', '', 1, 0, 0, NULL, 0, NULL),
(47, '铁路道岔尖轨磨耗的结构光测量方法研究', '道岔是机车车辆从一股轨道转入或越过另一股轨道的线路设备，由于道岔自身结构上存在的不平顺，使道岔成为线路上的薄弱环节。随着我国铁路运输重量和密度的增大，道岔的磨耗问题越来越严重地影响着列车运行的安全性。当前道岔磨耗的测量依靠的接触式检测设备，难以获取连续的轮廓，从而造成漏检，并且难以为后续的打磨维护提供完整的数据。因此，获得连续的道岔轮廓几何参数，是铁路工务部门面临的重要问题。利用结构光测量速度快、精度高并且比较容易实现自动化的特点，开发道岔检测系统，获取尖轨的几何参数，与标准的道岔CAD模型进行比较评估道岔的磨耗，将为准确迅速地实现道岔磨耗测量提供支持。 \r\n \r\n\r\n要求：熟练使用三维建模软件，并具有较强程序设计和数据分析能力。  ', 3, 1, '2016-09-28 01:11:46', '', 1, 0, 0, NULL, 0, NULL),
(49, '第十九届中法4+4项目选拔通知', '<p>&nbsp; &nbsp; 根据我校和法国五所大学（巴黎中央理工大学，里昂中央理工大学，南特中央理工大学，里尔中央理工大学，马赛中央理工大学）签署的“4+4”项目协议，将选\r\n拔一批我校优秀大学二年级学生于2017年7月至2019年6月赴法国五所中央理工大学之一留学。该项目采取2+2培养模式，即学生在西南交通大学完成第\r\n一、第二年学习，随后赴法国五所中央理工大学之一完成大三、大四学业要求。2019年6月，顺利完成中法双方高校学业与学位要求者，将获颁西南交通大学本\r\n科学历、学位证书，并经学校相关部门审核认定通过后免试保送本校研究生。学生在我校继续攻读并取得硕士学位后，法方学校将同时授予学生法国工程师学位。中\r\n法4+4项目录取学生将统一申请法国政府埃菲尔奖学金或中国留学基金委提供的全额奖学金。</p><p>&nbsp; &nbsp; 第十九届项目选拔工作即将启动，现将具体选拔要求及安排公布如下：</p><ul class=" list-paddingleft-2"><li><p></p></li><li><p><strong>选拔条件</strong></p></li></ul><ol class=" list-paddingleft-2"><li><p></p></li><li><p>具备扎实的专业基础、较强的学习、研究和交流能力，综合素质优秀，具有较强的发展潜力；</p></li><li><p></p></li><li><p>学习成绩优异，专业排名年级前10名，其中《高等数学》、《大学物理》成绩不低于80分；</p></li><li><p></p></li><li><p>外语（英语或法语）实际应用能力强，能适应外文授课要求；</p></li><li><p></p></li><li><p>身心健康，对新环境适应能力强，对留学国外有充足的心理准备。</p></li></ol><ul class=" list-paddingleft-2"><li><p></p></li><li><p><strong>选拔范围</strong></p></li></ul><ol class=" list-paddingleft-2"><li><p></p></li><li><p>全日制在读本科二年级学生</p></li><li><p></p></li><li><p>土木工程学院（共5名，其中茅班1名）、机械工程学院（共5名，其中茅班1名）、电气工程学院（共5名，其中茅班1名）、信息科学与技术学院\r\n（共5名，其中茅班1名）、交通运输与物流学院（共5名，其中茅班1名）、材料学院（共4名，其中茅班1名）、地学学院（共4名，其中茅班1名）、力学与\r\n工程学院（共4名，其中茅班1名）、物理学院（2名）、生命科学与工程学院（2名）、数学学院（2名）以及峨眉校区相关院系和专业（3名）。</p></li></ol><ul class=" list-paddingleft-2"><li><p></p></li><li><p><strong>学院初选</strong></p></li></ul><ol class=" list-paddingleft-2"><li><p></p></li><li><p>报名时间：2015 年10月1日至10月14日(截止时间17:30)</p></li><li><p></p></li><li><p>报名地点：所在学院</p></li><li><p></p></li><li><p>报名组织：请相关学院成立特别小组负责选拔工作，以确保入选学生质量。</p></li><li><p></p></li><li><p>推荐候选人：学院/峨眉校区经初步筛选后，将候选人名单（附件2）及学生提交的申请表格（附件1）和正式出国境成绩单于10月20日下午17:30前提交至国际处（犀浦校区综合楼423办公室）。</p></li></ol><ul class=" list-paddingleft-2"><li><p></p></li><li><p><strong>校内选拔</strong></p></li></ul><ol class=" list-paddingleft-2"><li><p></p></li><li><p>10月25日（周二）下午14：00：国际处组织校内专家对学生进行英语面试（地点另行通知）。</p></li><li><p></p></li><li><p>10月25日（周二）下午14：00：国际处组织校内相关部门对学生进行中文面谈（与英语面试同时进行）。</p></li><li><p></p></li><li><p>10月27日（周四），国际处会同教务处、研究生院、学生处、招就处等有关部门确定最终候选人名单，由学院通知学生面试结果。</p></li><li><p></p></li><li><p>10月28日-11月5日，最终候选人名单进行公示。</p></li><li><p></p></li><li><p>11月5日-11月7日，经公示后无异议的候选人准备法方面试材料</p></li><li><p></p></li><li><p>11月8日（周二）全天，法方代表团面试候选人（时间地点另行通知）。</p></li></ol><ul class=" list-paddingleft-2"><li><p></p></li><li><p><strong>其它要求</strong></p></li></ul><ol class=" list-paddingleft-2"><li><p></p></li><li><p>按要求认真填写有关表格，一律打印并手写签名。</p></li><li><p></p></li><li><p>《附件2》由学院项目负责人统一填写并加盖学院公章。</p></li><li><p></p></li><li><p>各学院请按规定人数等额排序填写推荐名单，超过规定名额的候选学生不具备参评资格。</p></li><li><p></p></li><li><p>咨询电话：66367892廖老师 &nbsp;66366349 池老师</p></li></ol><p>&nbsp;&nbsp;&nbsp;&nbsp;&nbsp;&nbsp;&nbsp;&nbsp;&nbsp;&nbsp;&nbsp;&nbsp;&nbsp;</p><p>国际处地址：犀浦校区综合楼426办公室&nbsp;</p><p>&nbsp;</p><p>国际合作与交流处</p><p>&nbsp;&nbsp;&nbsp;&nbsp;&nbsp;&nbsp; 2016年9月30日</p><p>&nbsp;</p><p>附件1：西南交通大学学生基本情况表（中法4+4）<a href="http://fad.swjtu.edu.cn/userfile/ckEditorUploadFile/1475220520702.doc">/userfile/ckEditorUploadFile/1475220520702.doc</a></p><p>附件2：<a href="http://fad.swjtu.edu.cn/cgsq/Upload/file/%E9%99%84%E4%BB%B63%E4%B8%AD%E6%B3%954%EF%BC%8B4%E9%A1%B9%E7%9B%AE%E6%8E%A8%E8%8D%90%E5%90%8D%E5%8D%95.doc">中法4＋4项目推荐名单</a>（校内）<a href="http://fad.swjtu.edu.cn/userfile/ckEditorUploadFile/1475220542324.docx">/userfile/ckEditorUploadFile/1475220542324.docx</a></p><p>附件3：<a href="http://fad.swjtu.edu.cn/cgsq/Upload/file/%E9%99%84%E4%BB%B64%E6%9C%80%E5%90%8E%E4%B8%80%E8%BD%AE%E9%9D%A2%E8%AF%95%E5%89%8D%E6%9D%90%E6%96%99%E5%87%86%E5%A4%87.doc">法方面试材料说明</a>&nbsp;<a href="http://fad.swjtu.edu.cn/userfile/ckEditorUploadFile/1475220550405.doc">/userfile/ckEditorUploadFile/1475220550405.doc</a></p><p>附件4：<a href="http://fad.swjtu.edu.cn/cgsq/Upload/file/%E9%99%84%E4%BB%B62%E8%A5%BF%E5%8D%97%E4%BA%A4%E9%80%9A%E5%A4%A7%E5%AD%A6%E5%AD%A6%E7%94%9F%E5%8E%86%E5%B9%B4%E6%88%90%E7%BB%A9%E8%A1%A8.doc">5所中央理工课程设置</a>&nbsp;<a href="http://fad.swjtu.edu.cn/userfile/ckEditorUploadFile/1475220558751.zip">/userfile/ckEditorUploadFile/1475220558751.zip</a></p><p>\r\n	</p><p><br/></p>', 4, 1, '2016-09-30 09:53:13', '', 1, 0, 0, NULL, 0, NULL);

-- --------------------------------------------------------

--
-- 表的结构 `package`
--

CREATE TABLE `package` (
  `id` int(11) NOT NULL,
  `user_id` int(11) NOT NULL,
  `book_id` int(11) NOT NULL,
  `status` int(11) NOT NULL,
  `create_at` timestamp NOT NULL DEFAULT CURRENT_TIMESTAMP
) ENGINE=InnoDB DEFAULT CHARSET=utf8;

--
-- 转存表中的数据 `package`
--

INSERT INTO `package` (`id`, `user_id`, `book_id`, `status`, `create_at`) VALUES
(17, 1, 26, 1, '2016-09-06 09:02:54'),
(18, 1, 27, 1, '2016-09-06 13:07:38');

-- --------------------------------------------------------

--
-- 表的结构 `photo`
--

CREATE TABLE `photo` (
  `id` int(11) NOT NULL,
  `savepath` varchar(250) CHARACTER SET utf8 COLLATE utf8_bin NOT NULL,
  `savename` tinytext CHARACTER SET utf8 COLLATE utf8_bin NOT NULL,
  `title` varchar(250) CHARACTER SET utf8 COLLATE utf8_bin NOT NULL,
  `room_id` int(11) NOT NULL,
  `createtime` timestamp NOT NULL DEFAULT CURRENT_TIMESTAMP,
  `size` double NOT NULL,
  `type` varchar(50) CHARACTER SET utf8 COLLATE utf8_bin NOT NULL,
  `created_by` int(11) DEFAULT NULL
) ENGINE=InnoDB DEFAULT CHARSET=latin1;

--
-- 转存表中的数据 `photo`
--

INSERT INTO `photo` (`id`, `savepath`, `savename`, `title`, `room_id`, `createtime`, `size`, `type`, `created_by`) VALUES
(1, '/images/upload/1/75_14717113782797.jpg', '75_14717113782797.jpg', 'ccc 2室1厅 2980元', 75, '2016-08-20 16:42:58', 0, '', 1),
(3, '/images/upload/1/75_14717156404747.jpg', '75_14717156404747.jpg', 'ccc 2室1厅 2980元', 75, '2016-08-20 17:54:00', 0, '', 1),
(4, '/images/upload/1/75_14717156408584.jpg', '75_14717156408584.jpg', 'ccc 2室1厅 2980元', 75, '2016-08-20 17:54:00', 0, '', 1),
(6, '/images/upload/1/75_14717177538275.jpg', '75_14717177538275.jpg', 'ccc 2室1厅 2980元', 75, '2016-08-20 18:29:13', 0, '', 1),
(8, '/images/upload/1/75_14717177541826.jpg', '75_14717177541826.jpg', 'ccc 2室1厅 2980元', 75, '2016-08-20 18:29:14', 0, '', 1),
(9, '/images/upload/1/75_14717177548947.jpg', '75_14717177548947.jpg', 'ccc 2室1厅 2980元', 75, '2016-08-20 18:29:14', 0, '', 1),
(18, '/images/upload/1/75_14717209134354.jpg', '75_14717209134354.jpg', 'ccc 2室1厅 2980元', 75, '2016-08-20 19:21:53', 0, '', 1),
(20, '/images/upload/1/80_14717219275198.jpg', '80_14717219275198.jpg', '万科城市之光', 80, '2016-08-20 19:38:47', 0, '', 1),
(21, '/images/upload/1/80_14717219617920.jpg', '80_14717219617920.jpg', '万科城市之光', 80, '2016-08-20 19:39:21', 0, '', 1),
(22, '/images/upload/1/80_1471721968443.jpg', '80_1471721968443.jpg', '万科城市之光', 80, '2016-08-20 19:39:28', 0, '', 1),
(23, '/images/upload/1/80_14717224047099.png', '80_14717224047099.png', '万科城市之光', 80, '2016-08-20 19:46:44', 0, '', 1),
(28, '/images/upload/1/79_14717496058710.jpg', '79_14717496058710.jpg', '的国防生地方个', 79, '2016-08-21 03:20:05', 28278, '.jpg', 1),
(29, '/images/upload/1/79_14717496051486.jpg', '79_14717496051486.jpg', '的国防生地方个', 79, '2016-08-21 03:20:05', 73143, '.jpg', 1),
(30, '/images/upload/1/79_14717496053215.png', '79_14717496053215.png', '的国防生地方个', 79, '2016-08-21 03:20:05', 601718, '.png', 1),
(31, '/images/upload/1/79_14717496056603.jpg', '79_14717496056603.jpg', '的国防生地方个', 79, '2016-08-21 03:20:05', 34185, '.jpg', 1),
(32, '/images/upload/1/79_14717496055737.jpg', '79_14717496055737.jpg', '的国防生地方个', 79, '2016-08-21 03:20:05', 36872, '.jpg', 1),
(33, '/images/upload/1/79_14717496056576.jpg', '79_14717496056576.jpg', '的国防生地方个', 79, '2016-08-21 03:20:05', 36550, '.jpg', 1),
(34, '/images/upload/1/72_14717541043203.jpg', '72_14717541043203.jpg', '内光华大地新光华 1室1厅46平米 押二付一 无仲介费(房租可以月付 压力小 没有仲介费用)', 72, '2016-08-21 04:35:04', 140066, '.jpg', 1),
(35, '/images/upload/1/72_14718345248619.jpg', '72_14718345248619.jpg', '内光华大地新光华 1室1厅46平米 押二付一 无仲介费(房租可以月付 压力小 没有仲介费用)', 72, '2016-08-22 02:55:24', 59660, '.jpg', 1),
(36, '/images/upload/1/62_1471834543665.png', '62_1471834543665.png', '保利新天地双层loft/地铁直达/两室一厅一厨一卫/舒适宜居/', 62, '2016-08-22 02:55:43', 601718, '.png', 1),
(37, '/images/upload/1/62_14718345433421.jpg', '62_14718345433421.jpg', '保利新天地双层loft/地铁直达/两室一厅一厨一卫/舒适宜居/', 62, '2016-08-22 02:55:43', 28278, '.jpg', 1),
(38, '/images/upload/1/62_14718345435165.jpg', '62_14718345435165.jpg', '保利新天地双层loft/地铁直达/两室一厅一厨一卫/舒适宜居/', 62, '2016-08-22 02:55:43', 34185, '.jpg', 1),
(39, '/images/upload/1/62_14718345435672.jpg', '62_14718345435672.jpg', '保利新天地双层loft/地铁直达/两室一厅一厨一卫/舒适宜居/', 62, '2016-08-22 02:55:43', 36550, '.jpg', 1),
(40, '/images/upload/1/73_14718345612318.jpg', '73_14718345612318.jpg', 'sdfsd撒旦发生张三的唔cc2', 73, '2016-08-22 02:56:01', 28278, '.jpg', 1),
(41, '/images/upload/1/76_14718345736014.jpg', '76_14718345736014.jpg', 'sdfsd撒旦发生张三的唔cc2', 76, '2016-08-22 02:56:13', 36550, '.jpg', 1),
(42, '/images/upload/1/74_14718345942285.jpg', '74_14718345942285.jpg', '中粮香颂丽都 2室1厅 2980元', 74, '2016-08-22 02:56:34', 36550, '.jpg', 1),
(43, '/images/upload/1/76_14723736005664.jpg', '76_14723736005664.jpg', '晋合水巷邻里花园金鸡湖景区内涉外小区整租', 76, '2016-08-28 08:40:00', 146630, '.jpg', 1),
(44, '/images/upload/1/76_1472373600686.jpg', '76_1472373600686.jpg', '晋合水巷邻里花园金鸡湖景区内涉外小区整租', 76, '2016-08-28 08:40:00', 59660, '.jpg', 1);

-- --------------------------------------------------------

--
-- 表的结构 `pic`
--

CREATE TABLE `pic` (
  `id` int(11) NOT NULL,
  `savepath` varchar(250) CHARACTER SET utf8 COLLATE utf8_bin NOT NULL,
  `savename` tinytext CHARACTER SET utf8 COLLATE utf8_bin NOT NULL,
  `title` varchar(250) CHARACTER SET utf8 COLLATE utf8_bin NOT NULL,
  `room_id` int(11) NOT NULL,
  `createtime` timestamp NOT NULL DEFAULT CURRENT_TIMESTAMP,
  `size` int(11) NOT NULL,
  `type` varchar(50) CHARACTER SET utf8 COLLATE utf8_bin NOT NULL,
  `ext` varchar(50) CHARACTER SET utf8 COLLATE utf8_bin NOT NULL
) ENGINE=InnoDB DEFAULT CHARSET=latin1;

--
-- 转存表中的数据 `pic`
--

INSERT INTO `pic` (`id`, `savepath`, `savename`, `title`, `room_id`, `createtime`, `size`, `type`, `ext`) VALUES
(1, 'upload/', '08301dd3d539b60034ba3848ed50352ac45cb7d2.jpg_14', '', 0, '2016-04-02 21:49:59', 0, '', ''),
(2, 'upload/', '14191ee8a34138e5c9814a3faf9ccb0551_r.jpg', '', 0, '2016-04-02 21:58:44', 0, '', ''),
(3, 'upload/', '1459634481140315微信LOGO_2_谢丹妮.jpg', '', 0, '2016-04-02 22:01:21', 6795, '', ''),
(4, 'upload/', '1459634584位置2.jpg', '', 0, '2016-04-02 22:03:04', 11001, '', ''),
(5, 'upload/', '1459634749坐标.bmp', '', 0, '2016-04-02 22:05:49', 3622, '', ''),
(6, 'upload/', '1459634854位置图标.jpg', '', 13, '2016-04-02 22:07:34', 4337, '', ''),
(7, 'upload/', '1459637070班会 拷贝.jpg', '', 359, '2016-04-02 22:44:30', 90745, '', ''),
(8, 'upload/', '1459637642李晴加油 拷贝.jpg', '', 360, '2016-04-02 22:54:02', 61564, '', ''),
(9, 'upload/', '1459638001李晴加油 拷贝.jpg', '', 361, '2016-04-02 23:00:02', 61564, '', ''),
(10, 'upload/', '1459638002wallhaven-121382.jpg', '', 361, '2016-04-02 23:00:02', 398011, '', ''),
(11, 'upload/', '1459817335张三2', '', 362, '2016-04-05 00:48:55', 283047, '', ''),
(12, 'upload/', '1459853887张三2', '', 363, '2016-04-05 10:58:07', 22621, '', ''),
(13, 'upload/', '1459853911张三2', '', 363, '2016-04-05 10:58:31', 6415, '', ''),
(14, 'upload/', '1459853911张三2', '', 363, '2016-04-05 10:58:31', 33396, '', ''),
(15, 'upload/', '1459853911张三2', '', 363, '2016-04-05 10:58:31', 22949, '', ''),
(16, 'upload/', '1459853911张三2', '', 363, '2016-04-05 10:58:31', 21639, '', ''),
(17, 'upload/', '1459976946images42.jpg', '', 361, '2016-04-06 21:09:06', 9484, '', ''),
(18, 'upload/', '1460110253gb', '', 379, '2016-04-08 10:10:53', 221142, '', ''),
(22, 'upload/', '1460110737gb', '', 379, '2016-04-08 10:18:57', 91328, '', ''),
(23, 'upload/', '1460110785gb', '', 379, '2016-04-08 10:19:45', 128874, '', ''),
(24, 'upload/', '1460565938张三2', '', 351, '2016-04-13 16:45:38', 283047, '', ''),
(25, 'upload/', '1460566134张三2', '', 386, '2016-04-13 16:48:54', 283047, '', ''),
(26, 'upload/', '1460566618张三2', '', 386, '2016-04-13 16:56:58', 15480, '', ''),
(27, 'upload/', '1460583778gb2', '', 383, '2016-04-13 21:42:58', 601718, '', ''),
(28, 'upload/', '1460583825gb2', '', 385, '2016-04-13 21:43:45', 36089, '', ''),
(29, 'upload/', '1460583825gb2', '', 385, '2016-04-13 21:43:45', 36336, '', ''),
(30, 'upload/', '1460583888gb2', '', 387, '2016-04-13 21:44:48', 49663, '', ''),
(31, 'upload/', '1460583888gb2', '', 387, '2016-04-13 21:44:48', 34190, '', ''),
(32, 'upload/', '1460583925gb2', '', 387, '2016-04-13 21:45:25', 49663, '', ''),
(33, 'upload/', '1460583956gb2', '', 387, '2016-04-13 21:45:56', 36336, '', ''),
(34, 'upload/', '1460583956gb2', '', 387, '2016-04-13 21:45:56', 36089, '', ''),
(35, 'upload/', '1460583981gb2', '', 387, '2016-04-13 21:46:21', 601718, '', ''),
(36, 'upload/', '1460583981gb2', '', 387, '2016-04-13 21:46:21', 36089, '', ''),
(37, 'upload/', '1460584131gb2', '', 380, '2016-04-13 21:48:51', 41100, '', ''),
(38, 'upload/', '1460584139gb2', '', 380, '2016-04-13 21:48:59', 53503, '', ''),
(39, 'upload/', '1460584241gb2', '', 382, '2016-04-13 21:50:41', 49663, '', ''),
(40, 'upload/', '1460584431张三2', '', 381, '2016-04-13 21:53:51', 107400, '', ''),
(41, 'upload/', '1460584511张三2', '', 386, '2016-04-13 21:55:11', 105771, '', '');

-- --------------------------------------------------------

--
-- 表的结构 `post`
--

CREATE TABLE `post` (
  `id` int(11) NOT NULL,
  `content` text CHARACTER SET utf8 NOT NULL,
  `pic1` text CHARACTER SET utf8,
  `pic2` text CHARACTER SET utf8,
  `mind_id` int(11) NOT NULL,
  `post_id` int(11) NOT NULL,
  `create_at` timestamp NOT NULL DEFAULT CURRENT_TIMESTAMP,
  `user_id` int(11) NOT NULL,
  `unname` smallint(6) DEFAULT NULL,
  `likes` int(11) NOT NULL,
  `oppose` int(11) NOT NULL
) ENGINE=InnoDB DEFAULT CHARSET=latin1;

--
-- 转存表中的数据 `post`
--

INSERT INTO `post` (`id`, `content`, `pic1`, `pic2`, `mind_id`, `post_id`, `create_at`, `user_id`, `unname`, `likes`, `oppose`) VALUES
(6, '<p>呵呵呵</p>', NULL, NULL, 11, 0, '2016-09-20 02:39:20', 1, 0, 0, 0),
(7, '<p>不来不来不来，，<strong>哈哈哈哈</strong></p>', NULL, NULL, 11, 0, '2016-09-20 03:32:24', 1, 0, 0, 0),
(8, '<p>go out 呵呵，不来不来不来，，<strong>哈哈哈哈</strong></p>', NULL, NULL, 11, 0, '2016-09-20 03:32:54', 1, 0, 0, 0),
(9, '<p>我也不知道</p><p><br/></p>', NULL, NULL, 12, 0, '2016-09-20 14:20:33', 1, 0, 0, 0),
(10, '<p>那天和小伙伴聊了一下，我们一致认为是雷达算法的锅，看看特斯拉的自动驾驶事故，有没有发现这么一个特点，撞的都是卡车，而且都是停在路边的卡车，这说明雷达算法对卡车的识别率有问题啊…</p>', NULL, NULL, 12, 0, '2016-09-20 14:27:01', 1, 0, 0, 0),
(11, '<p>东亚地区的父母都会告诉自己的孩子。<br/></p><p>你要想成为人上人，你想要成功，你就要勤奋努力，就要好好学习，去争取稀缺资源，考个好大学，找个好工作，然后竞争上岗成为一流人才。</p><p><br/></p><p>好像所有的因素都跟勤奋有关系，只要勤奋就能解决一切问题。<br/></p><p><strong>但妄想靠单一因素解决所有问题本质就是一种懒惰。</strong></p><p>只靠一种方法去解决问题本身就是逃避世界的复杂性。</p><p>就像雷军说的一样。</p><p>不要用战术上的勤奋，掩盖你战略上的懒惰。</p><p>为什么我们的文化会有这样的逻辑习惯。</p><p>总是想用勤奋去解决一切呢？</p><p><br/></p><p>这我们就要深究原因，我们才能发现为什么我们一直都崇包括尚天道酬勤这些词汇，其实都是有历史根源的。</p><p>这种根源一直延续到现在来影响我们的价值观。</p><p>但勤奋和成功真的是有必然关系么。</p><p>还是说勤奋真的和成功有很大关系么。</p><p><br/></p><p>反正我是从来不相信只靠勤奋就能让一个人很成功。<br/></p><p>如果是这样，这个世界上最成功的人应该是农民和工人。</p><p>他们比我们这些都市小白领真的要勤奋太多了，可为什么他们就没有获得相应的财富呢？</p><p>更加牛的是艺术，科学家，作家，音乐家，创客只需要发明创造几个好的东西就够吃一辈子了，而且给世界创造巨大财富。</p><p><br/></p><p>每当我把这个问题抛出来给到老一辈的人时候，他们哑口无言。<br/></p><p>然后说我这是谬论。</p><p>并不是我说的话是谬论，而是老一辈不愿意相信勤奋创造一切是错的。<br/></p><p>他们面对这样的问题的时候，潜意识选择回避选择不理性。<br/></p><p><br/></p><p>有些深信不疑的东西在他们眼里是不能容忍怀疑的。</p><p>尤其是我们传统文化下的东西譬如孝道、伦理、勤奋等。</p><p>每当涉及到这些问题的时候，我们的老一辈就开始不讲逻辑而讲情绪了。</p><p>只要违背这些东西的都是错误的。</p><p>因为颠覆自我这样的事情，本质就是一种很痛苦的过程。</p><p>这意味着你要否定过去。</p><p><br/></p><p>美国教育有一种思维非常好。</p><p>叫做批判性思维。</p><p>对任何事情都抱有怀疑态度或者批判的态度去看待，那么这才是理性的。</p><p>你越对一件事情毫不思索的相信，你就越应该去怀疑它的正确性。</p><p><br/></p><p>那么问题来了。</p><p>到底为什么东亚人民这么推崇勤奋。<br/></p><p>那是因为我们长期处于一种匮乏和稀缺的状态。</p><p>至于这种状态是如何产生的。</p><p><br/></p><p>这就又要说道<strong>地理决定论</strong>了。</p><p>我们这些东亚国家几千年来都是水稻密集型种植经济，一方面在同等耕地下可以养很多人，但又要付出更大的劳动和竞争。</p><p>最典型的就是日本。<br/></p><p>他们耕地本来就很少了，唯有勤奋节约才能让他们生存下来，不然他们都无法生存。</p><p><br/></p><p>而欧美就不存在这种问题。</p><p>他们的资源很丰厚。</p><p>他们有的甚至不太需要那么竞争资源，在一个不太匮乏的状态下。</p><p>文明和文化走到了前面，就是因为物质的相对充裕和纬度关系造成的。</p><p><br/></p><p>东亚人们的匮乏感是东南亚人，欧美人，无法理解的。</p><p>这就是为什么马克思说环境决定人。</p><p>一切的文化都是为了当时的生存而延伸下来的。</p><p>我们中国俗语也有一句。</p><p>一方水土一方人。</p><p><br/></p><p>这个道理很简单。</p><p>为什么地理会决定人类的不同走向。</p><p>因为人类在最早的开始都是从非洲诞生的。</p><p>大家的祖先都一样都是非洲人，只不过后来走出来了，一部分到了欧洲，一部分到了亚洲，还有的到了美洲。</p><p><br/></p><p>同一种人，但不同的环境长期演变下去，成了不同的人种。</p><p>很多人说欧美人人种基因比我们高贵，这其实是不准确的。</p><p>并不是他们基因好，而是物质条件长期作用他们身上改造了他们的基因。</p><p>我们的祖先都是相同的，只是因为环境塑造的不同罢了。</p><p><br/></p><p>所谓的人都是环境改造的产物。</p><p><strong>一切人类社会演变都是有其客观规律存在的</strong>。</p><p><br/></p><p>而我们的祖先走到了黄土高原这个地带，就诞生了华夏文明，因为是水稻密集型，所以需要不断耕作劳动，然后同时繁殖能力又强，慢慢地就诞生了勤劳创造财富的文明。</p><p>因为不勤奋就会饿死，勤奋就可以让大家生存。</p><p><br/></p><p>因为我住在成都，但为什么成都这个地方就要慵懒一些。</p><p>就是因为这边的土地资源耕地资源完全可以自给自足，物质丰富了，人不需要那么勤奋就可以生存而已，所以要喜欢安逸一些不太爱奋斗。</p><p>一切都是为了生存，或者生存的更好罢了。<br/></p><p><br/></p><p>日本人比我们更惨，不仅耕地生产力不够，而且还灾难连连，这就是为什么日本人，确实更加勤奋、节约、而且危机意识强烈。<br/></p><p>经常从日本动漫里都看到那种末日系的动漫，而且他们爱思考哲学，这也是因为经常和死亡打交道的原因。</p><p><br/></p><p>我们的地理决定我们的文化。</p><p>我们父辈倡导的勤奋，是从农业时代来的。</p><p>可现在已经从工业时代慢慢推进到了信息时代了。</p><p>用勤奋这种思维去解决一切已经不再适用。</p><p>学会适应当代社会，是我们这代年轻人最应该做的事情。</p><p>怀抱老思维，只能得到老路，但现在的新路是无法走得通的。</p><p><br/></p><p>为什么光靠勤奋已经不适用了。</p><p><br/></p><p>就拿学习来说吧。</p><p>我观察到的现象是，那些学习成绩好的不是因为勤奋而成绩好。</p><p>而是专注力、注意力、加上会思考的大脑、再加点兴趣才决定了他们成绩好。</p><p>当然这个好也是相对的好，不是绝对的好，教育资源不对等的情况不考虑。</p><p><br/></p><p>一个没有专注力的人，你再让他怎么勤奋，他都勤奋不了。</p><p>因为学习这个事情，还是需要动脑子的，不是简单的重复机械劳动。</p><p>无法专注进去找到乐趣，那就无法勤奋起来。</p><p>但专注力是一种稀缺资源，不是每个人都有的。</p><p><br/></p><p>一直我认为，勤奋学习这种事本身就是一种天赋。</p><p>有的人就能好好学习，有的人就真的做不到，因为他专注力不行。</p><p>还有就是那些会学习的人，是会思考解决至少是考试问题的人。</p><p><br/></p><p><strong>勤奋只是解决问题的一种手段，但不是绝对手段。</strong></p><p><br/></p><p>东亚文明大力推崇勤奋学习。</p><p>其实目的是为了竞争这些教育稀缺资源。</p><p>就是为了上好大学。</p><p>如果你进不了名牌大学，你就很可能无法维持当前阶层或者进入更好阶层，总之会和你阶层流动产生巨大关系。</p><p>对很大一部分中产的孩子来说奋斗的意义很大程度是为了维持现状不至于掉到更低阶层，而不是进入富裕阶层。</p><p><br/></p><p>大家都在拼了老命的去读书，去考名牌大学，去考国外常春藤名校等。</p><p>然后拿着一个好文凭为的就是能够竞争到一个好的岗位。</p><p><br/></p><p>这就是靠勤奋思维去解决问题的一般出路。<br/></p><p>也是符合这个社会体系的一般出路。</p><p>但这样东亚教育下的产物，是很大程度压制了给社会创造价值的原动力。</p><p>我们只会一般性的解决问题，但创造性的解决被大大压制了。</p><p><br/></p><p>光靠考一个名牌大学，其实也是这种应试教育的产物。</p><p>真的能给社会创造价值的人才已经受到了很大压制了。</p><p>然而这样像流水线一样的教育产品进入社会，就继续干着相同的工作，维持一个生存。</p><p>所以，其实大部分人的潜力几乎都没有被开发出来。</p><p>都是被社会给自己创造的信念和观念给束缚住了。</p><p><br/></p><p>我们这套教育制度是由科举制度和普鲁士制度结合的。</p><p>两个一结合，那种对稀缺心理同样被带到了教育里面。</p><p>同时把普鲁士那种对学科精细分类的教育手法也带进来了。</p><p>我们的教育说实话不是为了培养人才，而是为了筛选人才。</p><p>筛选出来，然后就可以成为人上人，进入高阶层，不符合，你就被这套制度淘汰了。</p><p>所以教育成了阶级分层的工具。</p><p>但并未给社会创造多大价值。</p><p><br/></p><p>跟过去的科举一样。</p><p>只是为了竞争。</p><p>没太大区别。</p><p>只是学的东西貌似好点，但真的高考完了之后，我好多东西都忘了，我相信大部分同学也一样。</p><p>学习的目的不是学习，而是为了竞争。</p><p><br/></p><p>但我们的教育确实无法适应当代社会，但你又不能祈求它去改变。</p><p>要么自己适应，要么只能自己改变自己。</p><p><br/></p><p>包括我自己除了小学学的算术和语文还有一些常识性的知识没有忘，其他的知识在高考过后几乎都忘了。</p><p>尤其是数理化的知识，我学会的只是应试的技巧。</p><p>并没有学会那种逻辑思维和理性思考。</p><p><br/></p><p>后来的学习都是大学里自己学的，因为兴趣看书，涉猎很多知识，然后把它们和自己经历思考融合在一起才慢慢有了一些自己独特的东西。</p><p>找到了适合自己的方法。</p><p><br/></p><p>在这个过程的同时，我也发现真正能够给这个社会创造价值的人。</p><p>往往都是那种生命能量打开的状态。</p><p>他们对学习抱着热情，对解决问题带有兴奋，对成功充满着欲望。</p><p>得诺贝尔学奖的人，无一例外都热爱自己做的事情，搞自己兴趣的研究，做自己喜欢的创造。</p><p>这才是真正的道。</p><p><br/></p><p>勤奋是一个苦逼的过程，但创造是一个极乐的过程可以说。</p><p>创造一件东西的时候，很容易进入像马斯洛说的高峰体验。</p><p>因为这个时候人的大脑和宇宙连接的非常紧密。</p><p><br/></p><p>首先，为什么这个时代创造变得如此重要。</p><p>首先从最简单的经济学原理去分析就知道。</p><p>为这个社会带来经济发展的是生产力的提高和组织形态的更新。</p><p>而生产力的最大变动，来自于科学。</p><p>然而组织形态的更新丰富除了生产力的变动之外。</p><p>离不开企业的创办、艺术的产生、商业的变革、技术的更新、离不开各个行业的创新和发展。</p><p>这一切的价值都和创造有着直接关系，和勤奋没有必然逻辑关系。</p><p><br/></p><p>勤奋只能是在工业时代保证一定效率。</p><p>但在这个时代，光靠勤奋产生的价值慢慢会被机器替代。</p><p>而真正人和电脑也好、机器也好、人工智能也好、最大的区别就是想象力和创造力。</p><p>也就是说右半脑我们需要更多的开发。</p><p><br/></p><p>更重要的是，这是一种思维方式。</p><p>勤奋的单因素思维是无法更好的适应现代社会的。</p><p>光想着靠勤奋，无疑是让自己放弃了思考。</p><p><br/></p><p>我们应该拥有一种新的思维。</p><p>那就是创造性思维。</p><p><br/></p><p>面对同样一个问题。</p><p>我们要发挥我们的想象力，利用各种资源去达成它。</p><p>而不是只知道傻乎乎的去勤奋。</p><p>同一个问题至少有三个以上解决的办法。</p><p>例如爱情、事业、婚姻、家庭、工作这样的大问题，小问题依然如此。</p><p><br/></p><p>重要的是解决问题，解决问题的方法有很多，去找那种最适合的方法，或者自己创造新的方法解决。</p><p>创造属于适合自己的方法，对应相应的问题去解决。</p><p><br/></p><p>严格意义上来讲，每一个人的路，多多少少都是自己创造出来的。</p><p>每一个人的活法也是自己创造出来的。</p><p>创造首先需要勇气。</p><p><br/></p><p>由于东亚文化几千年来几乎很少提过创造。</p><p>提的都是君君臣臣，父父子子。</p><p>要遵守规则。</p><p>所以敢于创造，敢于打破规则的人是不容社会支持，甚至是被严重反对的。</p><p>如果你走向了这条路，首先你要勇敢面对你的一生。</p><p><br/></p><p>当遇到具体问题时。</p><p>要解决问题的时候，譬如学习、工作、事业你发挥的不仅仅是创造力，而且你的勤奋本身就被这种要发散性解决问题的快感也给带动了，自然就会很勤奋。</p><p><br/></p><p>当你去创作一件艺术品的时候，去办一个公司的时候，去研究一个有兴趣的项目时，我认为你偷懒的概率非常小。</p><p>因为这是你再发挥你生命能量的过程，这是快乐的是一种更深沉的快乐，不会让懒惰阻止你的脚步。</p><p><br/></p><p>再比如谋未来，如何创造自己的未来。</p><p>那些没上名牌大学的人，没有找到有前途的工作。</p><p>大部分都是做那种重复性的白领工作，或者蓝领工作。</p><p>这样的日子是无法出头的。</p><p>如果光靠勤奋，一辈子都不行。</p><p>因为资源已经被该抢的抢完了。</p><p>而且中国的阶级固化已经越来越高了，富二代官二代把好多资源已经据为己有了。</p><p><br/></p><p>唯有自己去开辟一条道路才能让自己成功。</p><p>但是创造这件事确实是一个不太容易的事情。<br/></p><p>不过我们可以从小事情尝试起，或者从你感兴趣的方式去做。</p><p><br/></p><p>我可以稍微给点建议关于新的玩法。</p><p>大概有很多事可以做。</p><p>互联网和传统行业的结合岗位去尝试，写作，搞音乐，搞电影，做生意，学外语去国外，学一门你感兴趣的技能并专注研究，在不同的岗位去做找到自己的方向，去固定一个方向在不同岗位学习相关知识，去做多重职业者。</p><p>传统社会提倡一个岗位呆一辈子，但现代社会首先人的寿命延长了。</p><p>自由市场经济的到来在岗位呆一辈子根本很难实现。</p><p><br/></p><p>相反，在不同岗位去积累工作经验，积累学习的东西，假如一个人一生做了20份不同的工作，其实我认为他很可能会用这20多份工作经验创造一个什么东西出来。</p><p>我认识一个一些这样做的人。</p><p>有的有电商经验、户外活动经验、营销经验、旅游经验于是做了基于互联网的旅行服装的自媒体。</p><p>也有有美食经验、旅游经验、文学功底、艺术功底的人去做一个旅游体验师，去全世界玩，然后把去写体验报告。</p><p>也有像从阿里出来、麦肯锡出来去创业的，去做自由职业的。</p><p><br/></p><p>世界之大，什么人都有。<br/></p><p>而现代这个世界由于互联网的到来，让我们可以更容易的和别人连接。</p><p>利用现在可以利用的资源，最好和互联网结合，因为这最容易，去做点创新的东西，发挥自己的创造力。<br/></p><p>这样才可能脱离原本的环境。</p><p><br/></p><p>譬如现在做自媒体，写作，视频，漫画，音乐，创客，各种体验师，网络培训，做买手，摄影，定制化等等。</p><p>都是可以的。</p><p><br/></p><p>但是任何事情都是有舍有得的，如果你图安稳那也就不必了，但图精彩的生活，图实现人生价值，我觉得可以多试试自己没干过的事情。</p><p><br/></p><p>说了这么多可以做的事情。</p><p>但创造东西其实还倒是其次。</p><p>生命只有一次，没有轮回，没有来生，真的。</p><p>这一次好好想想这么活下去才不后悔，才有意义，才值得去生而为人。</p><p><br/></p><p>想好了，就自己去创造一个自己的人生吧。</p><p>虽然这条路铺满了荆棘，但却自由无比。</p><p>当然这条路毕竟只有少数人去走。</p><p>不过只有少数人才是值得学习的。</p><p>因为他们在引领着未来。</p><p><br/></p>', NULL, NULL, 12, 0, '2016-09-20 14:33:38', 1, 0, 0, 0),
(12, '<p>哈哈哈</p>', NULL, NULL, 12, 0, '2016-09-20 14:47:23', 1, 0, 0, 0),
(13, 'sss', NULL, NULL, 12, 0, '2016-09-21 00:07:27', 1, NULL, 0, 0),
(16, '<p>fsdfaafasdf</p>', NULL, NULL, 9, 0, '2016-09-21 00:18:16', 1, NULL, 0, 0),
(17, 'sssss', NULL, NULL, 9, 16, '2016-09-21 00:21:23', 1, NULL, 0, 0),
(18, '大大大', NULL, NULL, 12, 9, '2016-09-21 14:00:16', 1, NULL, 0, 0),
(19, '哈哈哈', NULL, NULL, 12, 10, '2016-09-21 14:17:39', 1, NULL, 0, 0),
(20, '.....', NULL, NULL, 12, 9, '2016-09-21 14:18:22', 1, NULL, 0, 0),
(21, '....', NULL, NULL, 12, 10, '2016-09-21 14:19:09', 1, NULL, 0, 0),
(22, '999', NULL, NULL, 12, 10, '2016-09-21 14:19:18', 1, NULL, 0, 0),
(23, '滚', NULL, NULL, 11, 7, '2016-09-21 16:54:13', 1, NULL, 0, 0),
(24, 'fuck you', NULL, NULL, 11, 8, '2016-09-21 16:55:37', 1, NULL, 0, 0),
(25, 'sssssssss', NULL, NULL, 11, 8, '2016-09-21 16:57:31', 1, NULL, 0, 0),
(26, '<p>eee</p>', NULL, NULL, 12, 0, '2016-09-21 17:29:18', 1, NULL, 0, 0),
(27, '啥啥啥', NULL, NULL, 12, 12, '2016-09-21 17:50:41', 1, NULL, 0, 0),
(28, '<p><span style="text-decoration: none;">Java当年出生的时候要跨的，是电冰箱、洗衣机、空调这样的平台。后来黄了，才开始用applet植入到IE里面，作用就像ActiveX。后来也黄了，也不知道是从什么时候开始，用Java写服务器的人开始变多。</span><br/></p>', NULL, NULL, 13, 0, '2016-09-21 19:19:19', 1, NULL, 0, 0),
(29, '<p>哈哈哈哈<br/></p>', NULL, NULL, 13, 0, '2016-09-21 19:37:55', 3, NULL, 0, 0),
(30, '你牛逼你说的对，呵呵', NULL, NULL, 13, 28, '2016-09-21 19:38:11', 3, NULL, 0, 0),
(31, '我也觉得我牛逼', NULL, NULL, 13, 28, '2016-09-23 09:34:41', 1, NULL, 0, 0),
(32, '<p>说的还行吧</p>', NULL, NULL, 14, 0, '2016-09-26 20:07:24', 1, NULL, 0, 0),
(33, 'go out loser', NULL, NULL, 9, 16, '2016-09-27 16:09:20', 1, NULL, 0, 0),
(34, '<p><br/></p><p>任何说「没关系」的回答，都是对提问者和关注者的严重误导。<br/><br/>在我们团队，任何一点造假，都不可接受。因为：<br/><br/>1. 我不知道你还有什么地方也造假了。<br/>2. 我不知道你未来会不会也在工作上造假。<br/>3. 让造假的人加入团队，团队其他凭真材实料加入的人会怎么想？<br/><br/>忠告：请一个认真对待自己的人，不要有任何造假行为。也不要指望别人能帮助你改进，如果你自己都做不到，这种「你们帮我养成好习惯」的预期也是不可信的。</p><p><br/><br/>作者：匿名用户<br/>链接：https://www.zhihu.com/question/21660867/answer/34957112<br/>来源：知乎<br/>著作权归作者所有，转载请联系作者获得授权。</p><p><br/></p>', NULL, NULL, 42, 0, '2016-09-27 21:11:22', 3, NULL, 0, 0),
(35, '<p>很多事情拿上台面上来讲总是会被大家所鄙夷，但在暗地里又总会有许多人孜孜不倦的在做着…</p>', NULL, NULL, 42, 0, '2016-09-27 21:11:41', 3, NULL, 0, 0),
(36, '<p>我是博士学位，但找工作的时候只写硕士，那四年不得不编个工作经验。<br/><br/>妈蛋，我容易吗我....&nbsp;</p>', NULL, NULL, 42, 0, '2016-09-27 21:11:57', 3, NULL, 0, 0),
(37, '<p>&nbsp;我隐约有一种感觉，普通民众对于这场辩论的观感和精英以及主流媒体是不同的。如果这是场辩论比赛，那毫无疑问希拉里是赢了，我个人也是这么认为。但辩论的最终目的是为了赢得总统选举，总统选举取决于投票，而民众投票的动机不一定在于你辩论的输赢，而在于他们对辩论中双方人本身的感受。希拉里在这场辩论中可以称得上是政客教科书的表现我认为反而会成为一种负面效应，尤其是那种避重就轻的技巧，以及那种一开口我就听出她说话的目标人群的那种投机性，很可能会引人反感。因为这场选举本身就带有反建制派，反职业政客的意味，而Trump虽然在多个议题上处于下风，还中了希拉里不少套，但有一个意思表达得很明确：「希拉里你说的那么好听早干什么去了？」而这点对于一些对现状不满但依然对Trump有所顾虑的美国人来说，可能成为他们真正选Trump的动机。所以，在看到辩论后一些随机的poll几乎都支持Trump让我很惊讶，现在一切都还早，打算静观其变看之后民调的发展。<br/><br/>作者：Cheng Huang<br/>链接：https://www.zhihu.com/question/51054885/answer/123986845<br/>来源：知乎<br/>著作权归作者所有，转载请联系作者获得授权。</p><p><br/></p>', NULL, NULL, 44, 0, '2016-09-28 00:58:48', 1, NULL, 0, 0),
(38, '<p>希拉里频频低头看小抄，还带着耳机。<br/>还有主持人赤膊上阵助攻。形成2VS1 的局面。<br/>而且故意把川普麦克风音量调小。<br/>而且光线视角都在照顾希拉里。<br/><br/>太赤裸裸了&nbsp;</p>', NULL, NULL, 44, 0, '2016-09-28 00:59:16', 1, NULL, 0, 0),
(39, '三十三岁', NULL, NULL, 42, 35, '2016-09-28 07:09:04', 1, NULL, 0, 0),
(40, '5555', NULL, NULL, 44, 37, '2016-09-29 08:33:24', 1, NULL, 0, 0),
(41, '555', NULL, NULL, 44, 38, '2016-09-29 08:33:29', 1, NULL, 0, 0),
(42, '<p>大大大</p>', NULL, NULL, 17, 0, '2016-09-30 08:19:05', 1, NULL, 0, 0),
(43, '<p>哈哈哈哈</p><p><br/></p>', NULL, NULL, 49, 0, '2016-09-30 23:45:29', 1, NULL, 0, 0),
(44, 'cccc', NULL, NULL, 44, 37, '2016-11-11 14:26:37', 1, NULL, 0, 0),
(45, 'shhhh', NULL, NULL, 42, 34, '2016-11-14 12:30:45', 1, NULL, 0, 0),
(46, '呵呵', NULL, NULL, 42, 36, '2016-12-09 12:05:43', 1, NULL, 0, 0);

-- --------------------------------------------------------

--
-- 表的结构 `profile`
--

CREATE TABLE `profile` (
  `user_id` int(11) NOT NULL,
  `name` varchar(255) COLLATE utf8_unicode_ci DEFAULT NULL,
  `public_email` varchar(255) COLLATE utf8_unicode_ci DEFAULT NULL,
  `gravatar_email` text COLLATE utf8_unicode_ci,
  `gravatar_id` varchar(32) COLLATE utf8_unicode_ci DEFAULT NULL,
  `location` varchar(255) COLLATE utf8_unicode_ci DEFAULT NULL,
  `school_part` varchar(250) COLLATE utf8_unicode_ci DEFAULT NULL,
  `house` varchar(250) COLLATE utf8_unicode_ci DEFAULT NULL,
  `room` varchar(250) COLLATE utf8_unicode_ci DEFAULT NULL,
  `weibo` varchar(255) COLLATE utf8_unicode_ci DEFAULT NULL COMMENT '微博',
  `bio` text COLLATE utf8_unicode_ci,
  `school` varchar(200) COLLATE utf8_unicode_ci NOT NULL
) ENGINE=InnoDB DEFAULT CHARSET=utf8 COLLATE=utf8_unicode_ci;

--
-- 转存表中的数据 `profile`
--

INSERT INTO `profile` (`user_id`, `name`, `public_email`, `gravatar_email`, `gravatar_id`, `location`, `school_part`, `house`, `room`, `weibo`, `bio`, `school`) VALUES
(1, '哈秋', '', 'data:image/png;base64,iVBORw0KGgoAAAANSUhEUgAAAJQAAACUCAYAAAB1PADUAAAgAElEQVR4Xq29SbCtWVbft7/T3f6+vsmuKqvvyCqqKCgEKmM7QgNPPCLCEdiWZTtKFtgCCiEKBJi+kYyQQDMNPPGYuUMTBlbAwEC5DM7Kyj7zZfte5svX3O70jt9a+7/3Ovuee1/K+ES8d+4552v2t/d//1ez116r+6Pf++Vlr9dLvbRIy+UypcUyLdPc/uZf13WJ17JbJj+us+8XCz+e8/i+3/fjOH8+n6f5Ymofh/1B6g8HaTZfpvFsmqZT/34wGKR+v++nLBb2z66f/3FftYH3fupbW+LvnDunzfl63s60clzq9+zzoL/hz5eS3Xc4HJb723P0etbuzc1NO34ymaTt7W37+/bt99Lz33sxTSazdPHifnrw4EG6ePFiOjk5sefkHP72vlp4P9AW+pB+XaTUX/RSSvzL3+c+XCTvZ55D/UpfzJfeJ2rzbDYrf+t79Y/1w3y+cu14Lbt+/l19Xd9zexZ+DcbHf/Pv7e+0TJPZwvpW96I99Nnu7m7a39+3/nr55ZdT98e//yvL/qBLaZ4bv6xgagFlA9oAqt856IZDBweA4mYC1GgwNEDNFymdTCd243WA4mEcmH17XweodYCb5U4fjUbeoecAis6JgALUAjQAo91bW1t27+PjYwMUr7feeie98vJraTZbpAsX9tL9+/fTpUuXDESz+cTO4W9eXeegjYDqLbqU+NcAyoHk/R4BZRMyf78OUHFC6z4CjD5H4AhQAuDqb3niLpI9P4DiWstlVyY6bekNRuno5Nj6hgk0Ho/T0dGR9dH169ftGb73ve+l7l/97reWNoO7Xlou58AyM0OdadbpyTsq9Jd9hqF4bWwM7Wb8TqMm0xO7DoAajIYGqHla+m+TSQahnyN28gHpCiuu/G0D4q/IVCmDrxzb8+P0ednz6/U6v1cEZWQ7gKx/dBYgoa3MwFdffT298NwLaWO0lUYbDkJNNvqMARCD8HmlfXTIkonYt0GKYLC/c7/SixpwAUoDH5koAsaOm89XmKwAObNSC6zIesaE8yxRZvwdr7cKqDkzteff0U9MIPqIyfXYY49Zv7722mup+9e/94sGqG7hzHQWoLjYeYCCoYxZlhnps7HdXCIP4Qig6Ph1gJJo/dsAyhGeASSWy5/7PWewCCL9re8FKIk73gHUK6+8ll558RUD1HAEMKo6sFjMyqD6YFVA2TN1SxN5AMqmX2ZUsaUAJYYS4KLIWwcoAcnZpIq0swAVReAqKF2szdcASteljQAKTDF+MDuTbWdnJ929e9cYiu9ef/311P3R7//SstdLaTHNMrqR3WKF3sBF2lkMxTWkY9FARIExT+oS5/b6w/9fACXAiQXEUIW9ss4ksIih0KEiu8XrCMwClDoLQNFpL7/8anr9ldfTJoAaOqAKIBYz6+QykMl1mSq2ARn04zqUwFHET2aoadCBpLfEY3V93k/rQc4uEUytDtUyla6NGDeQZx2KZ3HQVzY18dv1TQzTJ6gHnL+3t5fu3Llj+iRi8I033kjdH//zX1zSkbPxJDOUy/Q4C62DHgEoZqoNiInOpelQPKQBsNcZoJBaNJh/rncNrRM4Tgr6eQwVWaywS2YiOsHO7VfFnmOiUh5F4br7SIejfQCJzoPWX3zx5fTOrbfTxsZWGgycZQSo+Xy6AqjUVePC2wv4lmk+s44og16AkQE1CaC037Ky3oIkAiWKxFZRj0xYmCa3O+pSEnnQj0Seg7M+J0BKvUGaLeYm6tBXGS+A9Pbbb5seBZPzd/dv/gUM1UuL2bRYed5Z1cKwgei77nAWQwEoOhBAmV60zEhH2Yf5ewMDlPSNFlBSkM8CVM9meNWNWob62wJKxoBNrtnMOojO29jYSC+88FK689btU4DygXJACWBdb2mdzfNEQE3G9E82XKK+xGCllNYBSqwb9a6WnaI4bI+LxFCtt2o9miTJDMUg+eezGSoCCjK4fPlyevPNNw1gYqvCUMt5Fnm4DYyhnELLq3e+yANQxmTJdZjiepi72Zm6vgHKFUHXM9TpkssRMO3fLaCKSMuKtpRkY8PgeoCheEmHEhBbkUcH2YQIgMLS4/vnnns+3bvzwbkMJdYFUHKJ2EQ13TSl8cnUAFWMhSwFZM1Fkdcy1FliTiA23TeDtFXk9ZsAJZ1LxwEoGw903GxcrBN50qEwWOgT/l29etXEHH2G6wB9qvuj3/+Wiby0yDI4uw/+QwGl4wuDddlKXLglg1KOPhMBJZEnn8Z5gMIPpdc6K0/nrlPKDeidi9ezlHJmma4rkQegOP673/1eOrx3kEajTdOhonhhIkmMWxsyQ5m4NX0HywmlF/fKaZeIlG8p5QUYWeQJEPq+VcbjnBdIBJp4rpinZTgBKoo8Aapcb7lI0/nS1AmAyYSJgOJZAdS9e/dS929+71vLftYLrAFrGcrFmA1IdbPUZ0FvSIDFWa7oOhzcAErynEZIzEmp/dsAqojKbNVFfQsgO3eu6lcRXAI33wlQ+Fm4zrPPPpeOD45N/OEGMZ2CfupSgtmn81maY9Qg2tMidTBk16U5Oguz3nRJrBbXMQ30dA08ListsIz1UeOHYtJrMp7lKjgPUO1vLUNJKa/XdqVcLgyc0uarmy4SfstBf5SuXLuc3rz1VuoNurS3dyHdv/9B6v7ot/+JWXmavab/BNnqs7afhlmh1EDZjCl61iINem79WAdlS6foOV2XpnOcYwNTdDlGlgKDBztIDOr6ml2to1Oiku/5WzQthVoglf5gxyH2+hgLLtIkannOfs9nG+fTNjqGY2CnCxcumB717W9/20Bm90idWavL2TxN5jNzCPOZuQNw8edxLx2n3zsUc0T/fJFmy4X9zvECdbQUxXjybUkUlwHOILQ+yrplPd/Hr32dTI5XDCJTS5ZL8/7z3AOMpqBDcYmVdnQpjUaDNBiM0gcfvJ9u3HgsXbxyMd169Vaap3m6cuVaevfdt1P3r37zmzZXTM/IXmr+RvvnhoCJh2dGVdeiN9cHTef6gxQlsXOry6g/AAoZDAgAEceeB6go2iKQZd67jlItLn2vzioibuDgQ4frZQC5ODoNqJ2dPWszgEIx5/073/lO7otscGQ9UOzSiuI4KVrr65T1HKxU9WkcSF37TIbKgKr3qUtWfq5bmuPpJM1mPpklCQQoxBgTS5PTWaoaUN7HPvFpB0tP125cNyvv1q1bdt6lq1fS+++/n7p/+es/s0T/4eJxoGTidp3PtsWsKulRCZTZB26ixQFIo0iZzOap6/fNZU8D8FtwPA8DQxQrTWuHWXRGz7buKzYSS0Uxqu/UaXZ+dnkIUOsYChDQls1NX26Ry+Dhw4fp2WefXVkOkuiJbZbOFJXuVkE+RRtrvtAks+WrMPiSHNG0NyYK1q9bee04OKAmM9w4WlZxtUSSiOfu4WfKa3mub636uziXfuM5Ye1LVy6bZXf79m2bdADq4OCgAkq+oAoqmb2Zl6anHWcO9bwkg0c46wHeqd5o6+gegzWHHgqg8O+o82goD1edgVVRa0WegBKXSjiPTtFg6joF0CbuXOT0+8OiuxkDd32bec7KiGJ3gNIegI6i+cILL1jbNGGiDiNwC1DCSFR+o3K8ojIEf5+uL7AKUPGZJJLEJNaehTOS/HhxUTcyVAsoPaOUcvpBqxgClJ7Xx2myspi+d2G/LL3YYvmVy+5f/Ne/9XNL6EyzrTJCBZQ1OCBf9NoCKlK/AGUd2OvM37HsOkM352vh1eg2Rx0UxTqslUWWiwMjpV4meqvYrwx0z3Wt80ReZTR/bjHde++9Z2tUUXQJUJwTga326dhW3EUwSbxFfccZxn1BUX+S3ih2Etjs+nmNk3Y4ABrVI4i808tEzmg29smNEZjZ770a7QGgpEpgnGxsbdpEROLgLb9w+ZJNQFPKEXkRJD4Yrqgig2moLR7jUwreVgHKO6oqgmKoIqvxkOefoUeuhyea43gAMcpZgJL+EAdE7KcwFFG4JoaYzWY+1ljDUDpeDCVGkmlPp9GxeH9x3kn8SLwKPKtqQg35iLM7ToSoFqz7ex2gNHkiQxXXQAZUZbjVNvj4LUzkRUBVf5TTAKqwgCwdSgCXDqXPuAiIINF40T/7ly6aEWMMJa+4wOIzYpStoewYNLeAAyoqo1nlSSw5aMAjwMqszetYAIoXgKITQHgUUVGhFgPwO/fUcZrdmrkMqixFDXwUlZjnfD5P5HEeIEJ35D6IZNrKguc777yzou2oYwXqqMudBaTISHHyRgVeYI0MFSeG+l4MeZYOtTrpHVC4NhQZIaZzdvTxnU5cSslfJaar4t0jEfiHQ1ORB/TZK6+8YoC6du3aqpWnE3hIdAkGCSuPl7mU1lg3tqBu/zkFVRYJFp/FKTkli6GwoCKgIkup8yOgZLZLV4lMRKcDgOhgjBYrgDLABR1KDCW3Aee6Xud6H3+jZNJZAEqKvACvidKK5AioFRRmvSzqX5rh8ZrSjyTCJbqj/lbYKbgN9HtUpr2NDiiWTSSJosg0/xyqyLFHh1Rx7eNdjQMnEj7fuHGj+NDoJwLr9i5esDCWwlBRLxCgfFDc5GbxOL40S2msPUxaDdtAh4qdO9rcNgVXcTSKhoyiRJ0XO1idHgGn60rXkW9JQIyDbSJx6Eq/+Y+CL8r0DukQ2YDY3t61dmOF4tj87ne/m7D0JHYji6u90l9a3SqKYRkeGiDuIYaLxgi/w9qoAtwr6orqlwg6Fjii6IwRDd4e9KS5AUC6skDjBOK+w8U8R2cWUNW1PR+jHAg4x+d0JQ033HfIvVl+uXztqos8uQ2qUucPisgToMwimPri7yoL2RC6+T8bn2KoyDSsBRGMpVgjGEodxLustGgtqTOjDtWCTTpM69CkTeX8LO9xKEqkSZnnKwGQawtQUPnh4WF67rnnjKk4vk6i02DgXA20MXpeT9Q5EXRxQmjCxEFWEKIApeeIYrOIrQyoqty31qgDCj1yHaBk5WliRd2qZSjDwWJh0aoASpMLQOE2wC/V/fHv/LzpUFV2emehlLv15SBCVLUzyjvDeUsx5YWVclx60REWnTnEmH3MfqiSFw+g64oB1TlinjYSISq5Em06Rg8tQNnvA/eOm6eaULccnWngDdYM5wpQiEiARFgrTBWvr3ZW8e4AEqAi+7RiL06y+Jti7TlXolv9INDpuat4Y2knGxzZZyWG0mDDUOZ8NktX8eKVbWLEZj3H46H0PA4y12G5N8AhCleTBecmgDKG+oNf+2kDFAfHB8Cj7B3mVl4UPVFvEKBOTo4KYq1hS48+UKf3e0MTHXQcYAJUGnxnxBpaqwfTTAcAWh4pAG1EhlwPUexJJLL0AkAwiLTir2dQ5L2ef2trx56X+zEBnn/++XMt0SheV5Xd1VAb9W1rWOh8JlqcUCuKdwh3iWA2YC3qgrsDbTXMGEAhRdYByhkoh/7mMJaq460CCnbTeifAQY0QsDFccBsUkSefUaR+AcqjgmvIa9RlfHC16yQ7D3OMswClDrh/76HNdB4CC09uA2c399KKqYT8CHBEUKsAC7Dxe91vRUcZuBXo0ZuuE+pc23aRg/1ogzzltAmd78UXX1zxWEdARCVWszfOck0I00FzUGGrC0rUMdHWMVBU4jUOZTIgguZVefYJ2rou+OwMJbdB7F8BSjpUBXJdevGJ4rt7uLcZVHk5i2u9+uqrBig8590f/sbPLgGUHGnqBAHKKdOXSMoghI0E0qEmE9+UUBq7rNt+OG9ne88AJWtKZj4dKnaRiIuiRPeU279lIjGnwBjPjQxl51k0pzOhXvihOE6bEojKVB988MEH6aWXXrLPkaUjaAWIqPvJGo7naMKovbpm1J30t4Cl6+jceC+5KgBUVPTXWXk2RlmHqjqSW3TrdCgHVQWUX99jyLmvkUEOtRagsPIMUL/9rX9ogNJAaWDQofjbrQQPyYiDVgYuL72UfXm5t6Oz1Dpo0RmgAKYWGeWVldLZMo0+q/Ok+3DvyJpqy6oo9kA/OzcH2VkUQN9lfxFVOUYJq5P2CFCcy2InJnEEcQSjrrPChll1kPiLk/Csc3WdCAwBTtcRi0fLz/S2Wd62JsmQgVCfMYchZysvuhxcR1oNsIsMJV3O3ycW80Q7bJUjR0pwH1wrAMoMLRybAMojHtw56Yqu61DOOMt0eHRkIsMC3frJPOctqHS+Os6tiiwy54vig4INTKfJ0Qncz/brdb6UgLjkvtFkRgc7D1A6Xkq6WEaAsknBZokS+Obtsmv2BtZJ6DFybnK+AFXDef3JomiKbFUsx6BY61iF67hYquHVkY1aZZzfNMBmVGTHopicZyE+KfqVxCxx0vjIerhyFNORoRD9kRH9N4DEuy/HACjaYQYVWMjLPUy63Qv7Dqg//M2fW/b6nfkhPOqrBsgVfaHXpaOTqV8kDVJv2Fn8kzoH4NjSTF5+MSYzZd79HPwOMynAHVksHYtGSb9wXY7rio59TYuOxPqyuw+IyfF/FfA+QAJTZCwGEotkOh0boCQ65SH2Z/R9ZrQLOh+fwFQb5tAk0uDxxx9Ph8dHK6Ky/RB1ncjkPiFz12Z9R2CPYJSqIGtbAy8Q8RwAnu+ZjFrQFjiZkBGA0j/9Hr78xLWjrlZB47FeApTubcdPZmk29/VWrk//YOUdHB1aX+5s75rhsrG947uu/5ff/KZtUrCdmL5BpVh0Lu+Rv700ni50iAepDX2JgvU9HprNxzZ7M8sBKF7qaAZ0HaBslmVK5e8Kirg1260z6F2UTQfzAPzTrl9NAHVIYdsBcn/L3AYaIDEaKwIeT+6WJP/MRZJ6toZHZ928edPWwtpX1NfU4VHEucqQJ8e4Pk+r79GWCCSJ0MhmtBtAcZwmRbQqxYAtA4kBiRYV+OK7riFHarQuBUC+U8w9TI41xwTjmbc2t03PHGy4K6j7F7/xswVQ9qAWhOZg8c5xQBF9MsW0XDqaN4bu+JTl4DuPM8thueXPFe2TFUCxzUqDyqyBViXiHFQObKdutj9vl1ANzaRI9Txoq0NJRGKRWMxXCA9GpDPLLax3NLLIRYksY4L50haG8bGwRsWMjNahgCOQiSHEPjpWA9RPVcRzjPTCeH7rdhBriZXELsa6OeRHTGQqQ35FptL9TybTMqb87n1eN6maPpb1sPiurek8j8Qdou9kMi6AsmiMzperjKFs4AiAs6QSDqZqjRB2wobzfppM5+YR57fN0Ub2Hvv6jgAVGUoz1B9glaEAlOk1xUuek3GUe7s7wjuMh12m4WCjAEBgE2Oh8AtQ8V06FOGriLxiHeUlF81gRKpmPt+xtgVDoUfRgdrXHxkogop26KX+08BaG2c1ulR9K1eDxLUryXVLlvQg3mFNWXtMgOi553pK1hHVAOlkdh5JS3JErthOwY4tAFuWUrsADBMQa87yHfR6aXNjyybeydT3Mnb/8rf/iY2cACWG0kOLoQAVUZeziQeyaZb08k5j23INm8zzhksF2GVQjLMORYMQU+ws1mAyu7AS6z09HKZ2aGc7TtCh9FIbuBYdDKAqAFd9MTw81++PhnnnikJzqqNTgyS/FMtEKJsPHx5mUbh675ahohKs54gD1eucoQS8KC75XoOr36OU0HPpNzmBxR78Tr9KlErViID64P6DYtTofhJzaruAo0kalXSOYWLRLqSBQoJGww2LhxrP5q6UAyh7uKxD2WppSEhh2UTYgND10gyfVN5m5Q/s1p49cI6pQql32s9JLbJVdHRysrLs0gJKFmLtlBoOA0MR642lJ9YTXet4e8gcMdoyB4Aaj4/ND6WwHAbFRR7by13hNT0h9QzwsvAUW8+O4fNe8uOtKsMV2P3exoqFFf1WtFvREjX7Sd1rx+8sA8llELefieVtT5wiZHOfR6vRQuia9cVoSMiKjGKwVfLZ2Mn9zCDKW6roLyYfgAJw3R9YPJQDw2S2NnyWBU7fNWxGoDkBs18qA8f0lEHPmMv1JV9yGTR5ng6OjgqgGHzpUBzr8l/MJqaqyz0A6vDwOG1v7RrdatlGM0kzUkDigRV4Z52ydO+8lHLuR0hyZIsN23PnPio65s6d9y1S0yxSM6FdR4lMJADzzrma4fo+stDhgVto/KaBj6IRkaVF4bjLN4o969fBoLCR2s8YaF9hvGcUXYyfdDK1LzKQgNTeWzowfYYuyXE25kPfwQRVAfYHh0e+9IIOZZTJfjMLY3BFTXIdUYECO18sU29IfFQOXs/JNQZDt44mJ4qnOQ0orv/g4MAawAABKPmaBKjoGPVOifFVPYvPYi+YGwJVdMgy02DzLj8N17FBXnjuBBd5fo24d59nnYzdNKaNUPc779y2JQUA7Mrw+mQUum90AkrXqYZNl+YzNzCcvX1PYvSZaVJEkEin4zkQ6ZwffV0xxCXG1ItJBWDO6w1wnXjCN40v7/qO60YRKSDrGjA41q6szNHmhkeIJN8h9PbtOxVQUSlHhxIqfUa4d7nLfid14Dxv6iy5DLTJUzNQeY9yNrbjcd1E4KyWt6yXbHirSq32CvqDuZXX63zXRbS2ROMSB9F6Kkxgu158v1wUNTa42VOupZfjHGj24gsvmw4Fs5HC5+TwoAA1AkX3iz6wKHr1/XhaN15Ea1Ss0YpyiU49r0RqZD+dy7FyW2jsBIQipns+WeTLiteNrCSmErtpvGkfkwtdzX5LDm7SAAF2AGUBdrgNpEPZAOT4a8lmU2ZxauEZz+Gi1uisMymXgZToLgOqZEjMgDo5mdgmheJr6tdIBAdNzk9VEmKEdIxLV8oBVAuY1pkphTjqge7VHZaNlbKE/Hndey4xiljn79dfe8MAZdZUmls8mFIW6XyxDZ+JnWoV7SjaJk7chaHixIh+oajDxOuLVSQyy8QO3vMoHqN4MxD26q4WgVU6UnQTRMU8gpJ+hrm1BotSzncACnH9xtvvWCRn989//WdywrEs2+WgFDBM5OE2qNs8rbEz39gg3QedyRq+qLHfNuuWpEdM6ejoxDT14hsKgPLOqakYvdvrRlHfODAogBJDFHBmERI7IFpJzCbbHhVcIjFshWPHWeSh+MNKeMnRofiNbHyEQGtJ0FoXlk+sf7ILRAOtQTOAs81rviryorij38QSDGhkhzhBWt3MdbuaHkmTKAJLjGWun6wqtCwUxVsU3VFkwkyoKhFQ9tzkTh2P02tvvGmx5t3v/9pPm2OTrdJiqFWR4kyChaeHs0ZmQClj2yhHNEZAWecyuxeLdHA4to2e0guQoLqez/gKKH8Q94s5AFGWO7PyxFCa4QKozZbsmOO8usTieTex7lpARQbhdxugqVsx7777bklVY26NJQvkq1lOooJd+afG3pvukndOz+ddSTDbtk96ZMsYAkh8j39LBxJ7rfZnzkynlImyxheLojdFn5d0uLMAxSSDuYv/K+XNonP38r/82usesSlAKQkGiXg0WFE5tvWoHLbiD54dk1nRVGY3rQX2chSCzYrlIh0eTSy3gZRKbWqolo4DqOoFWbk35fXRgIqzUgMmsHk6R09W0epg2i4GnTMwJ8fuHyNRKyzFzCQ0pwVUVLAjQ0W9RqwFQ5FPTBlWNFFiW6QjRcss6i9RzGrCi6HiRNJvakdxDQRAaUlFrBhZNSrmkaGwfOV7tGtnHVmhwy+9+po7NhF5Jh6yWQmgNHNNZOVNoIrFlrhZByij+exOIAuJHgorazzxZBlaE1L+KIkt7qMO9o5yM10M9SiRR0fEGapBM6uOtNYoxRa+shpgJ0DpeBiKdr/55tvmAaa9RKMOLXjVLc8oeqIOFwd6hTVsWQOWX83DcJYeFQcyKviaNFG0SaTJsozgkIiz88JSmMRq1Nfiddp1Ra4J+0QxXTLs5VzTMJS5LgCUHZi3SUVAOQ3m1IZdzZJrHZeBJnNa2VeKOyAH5lmj2cYz71I/r0FxvpZeBCiuI0bh4ViqkfXCoKMDnaeUM9vEfupIKdtm4k5IFl4BpchNdRLiVCE1nH/r1puFoXCKRkBpwKtI9pwNEVCtDpXSIJFULPq+IqAiEFqFOuo4unc8Nx4vYMR3AUpAEkg5RjFpEVDR4SlRzsYEEY1ruDnPaN529srrt3yyYuXZHzmQjnRrtnvc3AQ1YF6DpRnuCrhMF1/XUeSB2McGdkr4g88QACXnoXJwcp4WOnFRuC7jYRacL8Dh0T7PbQBwRcl0iBZLLX59e2sFUM6yNVeUnglATSe+qo9CTiIITGWu3Uv5WS1/KHFbTvoDJiN+LdtKhhvC80JZhm76kcw1RDeStDakn45SoGWhokiH3AeaJGI+9UsEcdTBouj03O19T5gxmVs8G3FtpOGZHE/SeDZOSyI5cP0SsMd+AEJt2LxrgfhLS38oZlT8nK3n5aS8r792y2P2/+C32PXi26SskV0PVcPWzaRQ09CxrbfVxVVTSPOOXFwLeEsZJp9N88IWAOp4fGIbPSPCpdDqOxtUT7JU83NmpZZjWBiOTkzpJ/KKAwLFSWnGSpdiy09a9kuAnQYh6jLcnxhy8hzxzvYpuy9O28mJZ4jBcCCgjY7M+aCGvaEnhg35n8gbZQOEI9J9DWXJSO2O4p3B1/qcGEEAKkyTQ2/OOp/rRQsx6lK2C3iZLJ/VgjCkNE+kmOSdz1OqXsxTOp4cG9COxkdpY7CRlr1lOnxwmPb3d9OF/b2yUdTyfy39mZRA7fXX37CtVQVQ2PY2uDlHppRAKWAlQC1HampW9XMo6PHxoesX2cvuDlH3fTDYACqa8q1Sy7F6RQqP1pzAI7NdgKkM534qDQLHGbMOB55jc40OpTZxHGtSzETWxYiD0vUtbHnDUw5hJq9aVXlndfbEEnG6OrD+3Ey6de4APat003WA0hjouVZET9jtG0WaAGVqi2166dt6G8wtsSsxK2bTzhvlFuV3iAJAXdzdVdynLx/ZUlwtUnDrDTLZ9SugipUXUh5q0KFMdClbXM3WguS6AvIAnADlosoHU3K6ZSh1nPqe1+sAACAASURBVDpnnU4gilVnS+wK7AJMcUWExU91mrHqcJCGg81Vt0FTkQEG8s7bT2RcsbolucOYFADKgJwTsVXFOScTyRGkMHtkF9iBF+EzrQ4TJ20EQGsp2jjk/KTRIIh6lxTpqKOV3xFLiLy5RzXIooyA4DwBCs+3Jjh9Qn2bCzs7BVA2Lhknavfb79y2/AnGUDRymFMa1hybAVl5C47HlNclE3u4HJ1Qsq+ULL8ekssxpg/l7UrtTHwUoMQgXGedV7wo1aFGjDqyXHvQPwUoidzIUHQozjvcBeyGlRjhWMKkrfMyQOqg19h0u1bnu2oqS/nvlC5p9SBNGLU3MkZkaQEq/h7ZvPRxsCIFFgc+eh26Uc2wIkJQGzTx+YzXX+PE35eJF98hERu+o7zAnRlK7bjz3t308PCgAqowj4oIFQHkfaiIRwGqoD9HJ5RliVImIivqGVBsRT9P5MXZEh9W5+h3MVn7ObJZBKnpZoi6nu/L0/ktoPieTkUxJ7AOhZxzERFcj7VLB0x1O3g7a05LY0N0qgAowl94xQoMUele1XVW80HEflAlqMhKYivdT6ypvtD5eHNOQm6KaNHJGuXZZMgAIr1gK9SArU0y0zigrO+zm0nH3bv/ML175zbRBh5g14q82NiyL571myauZm6p9jD5s1c7r/DL002DxVCtmWz3bYr/RDGg36NFIyAJNHFAIsiiB922/JBWOiwOC1DxOrL2CPtFMVd8uQFr6mmHBKh63+qMtXY2gJLIiwnYxFRRfFURWst+xN/x5cVnbZ2Z8fzIXmLK4xMPAeafdCaJSbG/9l5GQKFPXbl62bIf23JYBopEntp4eHSSXn39NQeUfRmUctFdQbgyd2RARQcXgHKZ7IlYsWp8BvhWKC0PUNrhPIbSrFoHKO4XraDIWuo8dZQAIkDZ9yy9UOulAVQENG1VIllcBnSqIkG59zQ7WhXRWQfNdSS5OBRVWllIv+c4oqwGRF9PfOYWGAIRJr/GJepoeobIXPFvAWo88TVWMbGcmpHN5BxGb9ILNeDa9atmrAlQkaEEqJPxND3/4gsVUCtug1CvzjpGmwRxEyRfJ5N+JEDh2WaZYlg6zP1IcvP3h6shqmqwABABpQ6JDKUoxSjaIvDl3zJ9J3dc8ZmREnm4Veq+rLs+HY/PinfioFSWg84FWGwlcp2xLvJ6Z9b6LfYsne/5lyWo/EtyPVi0Y2bxekwN3FsHKI5nU4DYXP0q73j8XiQgHUzxTyzuK1pE/jBNAlnjLaC4rwXWXb9q+djt+bQG2wTssYHl2ee+W+vlzSfeYVE2anZoXzyOK3St+AASecoHRfiKD7q/F2ruu27RipqWbSS2qvyve+4i+0S2i/rXumPMsZh8kwK/a4bzN0AEMAAIJyYJPd566y2zeOSCoC0AytofUoD7fU+7DcRYPqj+zACKNreWagSQQCCgqa/sviGntwAR3RdRnRDgxEKxHfGaEZh8z+IvEwgx5zuBfPmL8mUaT0SeTaTsCFcb+oNR+j//8i9S94e/8wsWvqLyZmcByraW4/lt/A8AyhW7nK+8+CY8qlLbdUg4FnWCqDhHvaiAOISIiHVasKw7T99FHepRgAJUtBMLj4wrrOHRmQySzHAl+Reg6sDU6qOOuMpYsrA4FreKdMFoGLS6Uwsw9QdSQqJRQJBCHSeqJmJkIW9rLcumcYiik+Ml4uUkVhQoYSkKeNR65jpA/eW3/8qtPGt0tu7OApQl1CCEQ4u/yuOjXS8ZUIolB4ByatKwzW0cY/7SoEeFXOIrAirSdwRKZDUdH3UovpPeZYvRpJVe9ApDSSRxXPSuI7JRxnEbqDMFKNwG1p4mD7gYSuInAsrbrxIXHrEqMRz1nGj1xWdWXxnTh80jrQ7FdeVbOuu6Fl3ZVAAVI8pw8lUB4u29rbzTr5YPKqdbklK+DlD/1//9HdbyyG3Q1WiDYA5GkQdCp6T6EPAyE7H84ojPO49DxGVkqGHOaqJrtuxyFqAKChtHZKR4MZdmnphAnnU8uFTRUO28OKMjk3EeXnJioQQQUfpwlPMhNfv5pEOdByi/n1tpLQOLkaI+FXU8HY/TMOqMAqGuqY2mAqT6TcfxnBoPfSfRLMYTA0pN0foooT1ydLaAUvsHw430N8/+P0Qb+EZPqz1yjg4lQLF/T3Rvg6q4mBwSLB0qxoTbTdu8TE16xbj0EkGkWRrvuc7Ki+dHhjIv+qBv4SvRD8V1dR3eba1usbA9ZvzTfaWoshlDDKVO9HauFlU8i6HaRCJRzzIdLRdgbJ9dkwS3QQso9YkYSswVma0AD0M+qyBRRxNLRdbmfFsuy9u7bM9fDlcFUAbyrEOpL0YbW+m733vuwwNKIq8FlLRUpe/JaVxK/LU6yMpjidXCTFWHiVL1OYrGltWiqNRxZQbFuHVt5eqT9saL+0Q9JnreRfewE3vyBDYB6iyRJyuuAGFZc1z6YMoQkbGyaiVGnScCIYo+G/SsQ0UWiYASKAVM9ZHYhgjbqFeJBfU7x2OYKF5N3nLYySxo5bwIfqio7w1Hm+mFl150kcfFH8VQlofTamDV7U020KUMV95koFKteedwkdNh6WWdnhTN/hZMEYgRTPE6AkdkHf3uZccGBVAShRFQ/E2HopCjR2l90EJX8K1pE0VwG3g7c2HKHG1q0RJ5CSQCanVbWA3SizpPZOPIHKZ8h7wM8fqxr7QlSuzL8xe9KYdsS5GPQOYYnl++N54X44Q+QH8yZtT9A0PpGlwTkffyq6+c1qGKfuHBPblmsNdJsXQ9FBJkVzBUz/bzpmCj1V7I++o0a6zB2Q8VwRFn4VmAWgFQj9osA/PWmpAuWfdz8gkWrwnzze4BPQuKMZtVJQrlKohx59zHtgO9/bZFHWijqAAlL3Jl0Jj/oQoq5bysirNn37W2qiilNWx1JzLHlwkQMgEW10DOGOf7CT3/gcChPtVGUdoo5V+sVMep7iZSGwUoQKR9i0wq/mbZZQVQtumiupfEUozLa7fecJFnDJUdkvJwx/pvy74vKjLLvLKmqmbPS7kOiZwaE7W6LhV1lqicaoDadx0jxiF2x5d3yEtQcxJYsUM5Yq1enTORzGSBdnuLUiA1JktWoEClZRaysRFtoOJGdDY7YqVTFJrPJTFiO6Xctn4kY4pFjsYo2fNqDWUB395zMaA4Gfhb1qYS2cdz+JtoBllo1pd5EddANpZCX10cRXJkYGpC6XmUfIRnt93TllbRA+rslTe+Kg4MQL397u0KKJndbWlYYyOjTnfsKfacv22GZDeCZhhugzjTovXC963+UxhRImNt4aCl+cC0XriiiylbcZ7BFnvOcksWsQLqxnCr6HCy7OQykF5FJ5LRltmJIipzGocng9JaULEdYgyJGB1rx/Q86ZoxesiL7iOz6sc6C1DKxlzFzOq2MwClVQkTg9kBqe9UolZcGsUm12wBhfinnwjnIYTa7msRqDkKJasAciNhdL17570KqAqC1eLVOfypln8tJWSzkpmv7xlU+rb0EulWSp+uvw5QYq/IUgKfHy8LrS4mayDEUCmLtGIBlrTY3oX9zhNtRJdCBBS/yamJLsFv2gHCDGVA4qs1MDRxihIcq2p2eW2Teb4GUPG6ZwGKkOxVVqkFn/i+xFuFvFtcV95yimjrFVWNaLHGlEBKHmJpEHNOcoU0twxl49YbpDvv310FlA9oU140K9cShSjlsRGK8JSuERkqzoJ2AKL+I90mMkALKPch5X1uxmI5qYZE3qACxkCYmUr3Xc5rElcBScsgAiGijrAVbTgQOGwdsdF5jAWCDsffccBX2KzzTRdmq50qkHja7bAq/qVrrZYbs3IboYIq4THGjhlQao+eoQVUPFftViEnng1RqVxQJeNvjpG3EBbtkhLBdP1078H9CiiZoOsA5Z2TrbgMKKFdMlU6GHZybGw5rmTECznCg/tA56sz1wHKL1GVWRcneXt6rtopkQdzRStuPnUwrhN3XEdxUPigog5U3Aw5cC7O7gia2P54jD1/AJQiPqNyX9SHrEOtMFZexIvWmdQEEYDGzibw0hV2gcS3u3k+8youm8JO2Q+m2C8xG3okbgPlMVCRbnskA9TcVk4sJoykGeOTVUD5rFuldiViFaD8AvWfYovlGCSmXHE2cRa3QfhRmY06V9SpivgCOJZco65JSUz2VEIkWEHOUBVQiIvF7DSgdH2uhVgj7Jfc5K4zumdbIS2Kc2rFhQZv3TMUwJmCjJ3sDLU64XyCFMfmKSb038/ypIsA7Jp5l3bU5yRZbAkoK/zrJrxcDpHZWNtk8yZeehs/jB1lxcnuIuFhii6N0SMrT0r1OkCJoWwQpZPJWskAaxlKM0qzbZCLVutzC6goRjXjIqCUraWImaVbd8h3u3fIDuPM5bpc0dny8SuLxoEhAQ6lYFltV/FF2mqhK+REyoFzun9kAbHBKrPUSedRju52OQtQWtk/LVqrSFxlx5pcxL7Plei9LdWtICZU4rSohsSxkPLO88mdADvBUhTABlAMvYIeugAorkNKxI3N7QoozUhlnhNTyKFXcg3kS5aHCzqViamsW7T0OspFq9eLNF/c1D3FbFHsxVwI9jsODALvMqBIGho7CGfZirMzaffJKtB0DscCKBRTm5W5VAbMa6EsOXueJoLEVHzOCKj4ewSUSmBUcentLrVezmAoMUfV06po0z5IB3sVd7GvSUrbWnaxv+TyEBvyWYBClLnl7PsObRmp0aEsx+bebup++5f/J4vYrKvgMRWhp4n2V9aNmuroKhsrl70iNlvzGYaKQDnv7wgssVQEh1jCBjcnI1VqFEVUokj6ue7QVF71yIxRKQdIBNap0zlOOaO4DlZeOxkEGs6Jjtl24BhwNikQl076myhyVEqjKOLBD+V95J54U+pzrNkKU2Vm8j5z1nLxV5PrY++T90qv4rfLupOcn/weLVtVToChnPXRmHMhRuLn0sIS1cHi9x8epN39C6n73V/9aQNUHaSqQzmVaqkld6hycWpTZ85TzkVNgc3Wjhqmzhta+dVqGWlgo6VkHlnBN3uOBaj4HgFFZjY7T4uXeUewbUwIFSEEKC6va8XtVwSVqVi1xL8ll9XSS1Zq24kg8KjtZUCDtxuGwgqD7WfTVf+RAKVJFN0GLaB0TAFkLiEXlfMCtsZaB8gqZSZglntmYNGvil9D7MNQ9BGAsraw47jLG0pzHNyo7wlQHhwcpu3dvdT93v/8MwaoCqqaEEKAcgZzszUG2JmsnXoKRc125YlqV7ZN5GUB3IJphXFCHRceojBT2Bzhx+elD+V86vv2JRWhZvlF+hLHK9Oe7q3fBC50J5yaVRS5ok4H2ypAWPSNE0OAiqy6quu419pSSVJZgurwIbls3DVj5zUMpeckxFq60ikGzF5ra0Ngpshog74HEWqjp8Zbfa+JI10KglDYihfAJtlJ3zzl5rLQht6sWhwcHafR5hbpfH7WACUdSjK4zIbcWOXA1DYqKW8ka9WKvBybspLkVGNLNogvK9ZBGW7BFHWFyCa2hz4ss7SAItjZwZJ1pAAoOy/siBZIo9LO+h178dQe+sRT+bhCqg2ccSDERnVZ5HQdGBvUbOUJUBGQCsBrGaqCTlaeOyblFpDiLDFnOk4uPBANBv1NUlrGI+4cjvqgHNMcbzulA6Cw8uwZPV+mW5xZgsBQ9OPRyditQDGUOkVWXqROMZQxRh7YCCjJYC5M4jH9VmaS7UurIRBRbHxYkdcFK20FhDnnk0Se/FC2/TzvkzOGUprrsIEheu1xF7AfT+4N2m7JM3JWF0URSCSrDZGhWpYqnzsGYeppJPPOYw3meYByUMnKsxzGTSRD3V1U4rWyDqWsOe7YTGk4GBX9ah3DKnRFehTjJZFHLJbpxEskkm+bYy2P/kWHMsOFbe6UEf6dX/nHKwx1lh+qRGTiZQ+7YiTyuImZ8SExRKFcU55Xk63G2dECLIqdopTnhK26dzknAEoMZeeIobJ1RgK0qODLCFE7iIFSPihNCMVIATI5BnVf6UxRiY86SXwGt8LwYs+8SFPQJQUoMXN0QFZA1ULhYkXdtzBUTmpaWbOW3vBoArz9vlqwTinHymQCCVA8syWsJd4+b+YFWLOcG4H+FKDktnl4cJi63/yln1rRoeKGRH9y7wA5yJQ6sYiG7DZQI5lP9WGzgp/jabxEa62YEDs2ft8Cip02/Qyoao3maxVAOTOWf9mDXpT5DKhWdxLjAChlrJPItv14maFI8xPFnelVa0q3rlpwWV9qdCjd08+vJXilQ8VrOEOtAsr7py69cB3AGl+qwSMncyw8qT6Sq0CqiXKdK6YcK9fWNLO+BEOVwge5P1XmjpTj9+4/SN2vf+sf+UbPErPdDPrKdqiZ5wuyhKqeBJ8wABpvxX3MbMWnNCl5hlRfz9MSrmbsiCxlMzQfE0WHsV4H87k1dxZDMQMtIoGg5ByZacfn+Ck/VxnxPG9nFLcAimhNlbiQoSFAxZrAZs3mTHgrTBQrmjZLUCzeVr0nWtLuSJQOFOOpYj8oHKWCeNVatIXdHKfGe9TvzJjKG3Bje9UeeeG9VmD1iakkrLk6cgFwK9ZJBh6TxNXnxfi/TzWHX//WPyx+qFVgrYahsM3KvVlEkbPCWd/5Hv8Ps8T8QFg0s0UaT8dp0KNg32ZOTlYXnnM4UZlUBpQGMOoIKz3Wh44dlIUNw/Gmo9k+BFOWAvgc+NPlzHQC9t1xLHXemJnKWoe4Y4MC6atZcsCNwIvfvSJ8BUEEtdg46l6nrTAZPbHGYM1yDDjj0krRX0PlUe1qiYBQ50lEe4hRjs4ImYU1cWR5iwElZrmOia+NDXPsMnlikUxjtyVWNBKA0BgiUuTrmlucFIni7n3wIHW/8Yv/gwGqWAmBRaLFQyz5KlV7BwuEmgFiIZmfNHSThF+ALeySjBsX7UIy/5vE9i7zByby/IHqv8hYZonl36KuZM9AOUCKOO5tW3prRWzynawfhf4CKGYmHcuLYz2sw0u3SQc5T4eKVpaLMS8urVdU5NXWyjzZMRnWS/ktLljr2GicaIewJhz3lbff25odkrmkWTuWXAtAASYsPtUhpK2weX/JhHawdr2FZbdbphlXLRLr4YPD1P3WP/tJA5SceSuoiSEawaG5QsX5hHa1XY5NHmZjNCyAaoEkpirgWKnVJ6YZJKy8CKgIpmitSRzFdwDF8wEo1cXTIFFAULHkBNgx0+KuWZ7L19lqLH10NwgcspKLIdIAQkkz+F2rCJp8amsUU6t6lMq8rcaiR5UhlioTOYjVXN9zQCmcReMc2VDPDRClP7noH6VBIpVAVnM6Nv2SicWNDa6Bwk4QYvc7v/I/LiVLo07Bd5FStSi8jqX4Lu5aidTKww0JLckM9WEAFZnGleihRQt0eb0uskSrU0npjsp3BBSPRVsBiYFsa8cC67QXT1mBNaACnooice/oMNVxZXE3sHaceFpCEaA02HoWTcg46K1+FkEQ2Ym/Y/JVicAIKBV9Og9Qsmp5JiummBeKreppt2m3d5FHBK0zlCJ8bb0PffW3f9mtPDk2JVdFsXrguNulZTGTWHll39Caa9s6XZIzic0OqyKz0H/+Q2tvApMUa9uhksNPPgygNNsjoLrs5d/Y3jDxyTVVXw9dCjChP/mkcAeh+kFOW2Xoi9dXh8sZuK5fxFhmtmcLWH473UdsG5Xk6CyNwNT1xG561zU1bmqT1JlS9ClUgNB1JZ3oM23GsELVWdSiBgw7FHbXoVLn+wtQAYj158VaodUc/s1f+kemDGnwI7rjjVDKI4PFB9LfYqm4ndnoFssAwou7PprYUO1UKSZtLlWrJZ1u7qF8rZ5UAB92FreecGOozpN+SaQR5stxMBSLwnjK8bvAYICI2crgyIOspY/IUHFAIqOtY/FHASr2e2SRMsGCCI2gilJEelTLghJ5UXfThJGYFai11ASgBHAr3LTIS1smqnIuiwAoVAkD1K/9wje81kumci4skSVnpVkhkxqTHIGlv2mYHGPK46iBBVADW3fB/Dz98tIZ3mCYKSr6AlTfrIxVl8aH0aPs2TCjbSeM13zhwbUHDR2KjL+IPXJxs4BK+1V1SR7kyBhiqcg40S91FqPoe4m1yFC0U99Hi08ifa1/K3Ql5wtQAqekDm0ra4HBRSQwyW3BeUwm+hxLV/6pra0dcwOtFIoyHapG8s6TZ7LpfvXn/3urpBBFhGZmBNT0pCZ2jwNbRNdiYYPAS4ASGIx2zdg6DSjpVMr/BJNId6Bdfo1hGuYQXK6/zm3QKuYRbAIUepDcAgDKqqpvbKW//uu/NkCRZWQ2W5ibQLmiEI22DhkW0Fu3Af2kyXSWUh6V9uiPiu1sARV1xWg5imla8QegonEloFjEwPh4ZeFbRKC2yGqlDYyFKozyeWdzK82nNazJdtTkksDF6YqDGaX9l3/uvzVAaduQ6DLOCOvMXOQ6KqSacTrHXAR5hR5/j9z3dtwixOpoS07wI/WGbvYXMbLibMWxWd0CAnEFXC1KJOVWHWsbEggdyQWJLIF+Xki1ZYXJzHIZACg/5rQDVnqIDBWxOe3QLNY1dawYV79rNV/nSFcBiLSjhACHnFoCjJhDE1ngjsBs2S6yj7e7xpFHMSoQw0hsH+M3to3Jccu7JaMjQNHyVGnDanYbKYQz5xo1QHERud0j46jBNjh5/91ZSiHfc3MtqGorMw2NgCrnhzwDBqSmOCLVCMRGBpywiyUCakX5bnInFDHe97Q9MBQ6lPQHJhGAYrcLOpQPVN1dEvWTCBgxhyaSmDwCoOiCYcOAJoyMFo4HTGLnFiia1BKHccJFwET2bMFS9abVsBn1QQsonlNhK+o/80GSxB+qL+PkIU92fTaBqrjUP/vmPygiTxdob2ayOMeOR+UzHq/Bt1k/nZa98XEHbtSeCtXnbeMaJC3RlMEhUM6WXkJ8eMjcIkBFvSUyl1F559nZ8CRLOeZ4AQqG0uzEvI9WmNpJCLAGLj6HFGgNZGRtsZX1Z6rVtiKgaL9ZsrnesQAQ39v7RuCta1PU1SKg9P06hqIvIAHaA6Ak1k03JN0AUalBNTLWJPogr+VCAHbOL/3sf+P18prZ3TZaeaFio+J5EjEClDZLylporaACoBCFYDQbqxwaSt25OewPvK5I40kvin/IeMcAWQJZhdIs57kYdWUoLm1e8OOxuQ1qggxfc5M+osG2UiWNpaUZKnGjPtSs5x4CjDYRcO0YzSrAtrkd2v6PinrbjgjweF4EJfOqZVA+a/GY+0tNQeSJDU1049ReLko6TI2BMXTu92lW5gugIqVHCi0n56WXiO6WojVIPLzKO1gF9LwlKbII0T1qtMu26jDknjF9DceJoSTbpU9EpVY6Dscw4wSoJZ1huRtQnr36uRj1wf2HFgelCYBIVEfreWyws0v/LFEjNuKcaMUJUKrSJTWidQ1I94tiXqJOABcgIisVFSKjKrYv6sGPAhT3J2qVZxWguJb14WKZfOHLxZthQMlKctQF0Rg2Nr/4M3/fGEr76uKDarAMVCEVohot0aBO0gDwWVl0ZS1ISS10XDLf5fxJOQac4wzcTbgwYq81CARujpfZLlbgecRennXIFVN8KtpQwbEf3L1nob/MVD/elX+xjin1Vqx5NcelGCPqU2KKKmaqm6MFVGup6Z5cQ/fkuQROeeIjO2lSxYkaWXNVPambLHSeMUxejuH+TComIpsTdB8bDwpWs/ROkrE8btp11OXxos6g4eRbP/1fe728bPlEVEe9oN2Pt47+hWgaqYCtuHMkUnNxD2Q3gTpSkZZiryKKqZ+Y8ybIxI0sJSCKUTUZ/Hu7iSnlWHktoFRb2O9ZxX+cUN5hteyG+klgjv0WB8yBMzMdah27RcVbDFvEbPZNSfy2fX6W3raOwZTsJIrnCCj+xkWCrilA0R76CkBZRVNb3M9RKKUYlIdekyzDrg2gTMTE5fAQOFa+RzHLYSsKV+lTcQrri6UNS8Qyt8+EsaCbUHCH1XySxpNBrcyonLxKhbGFepuZ7LPLUZY6Xkot0aB9dKmwO0YMIdHiIjE/XE4bTWUsMCUPuEQh59774L4xlMJYlDNBYNIkEENxbQ9ec7NZIF/VV2rFAteXJiUDSwSeD3yNh9Jvg37V/xQHzgNE9rG+ycm/fONA3VxSx9IBwCsyXFVbWCyu5X7lf0PkqS0CVFp6Itdi6RW/oF9/MPSazd03v/FfLOngycTDNZTYFJBkBNiSB4FrfOWD5XHKeJ5tJXrgVcVtqxB1RU6OzEHIZ68XPDenplNzzoqbS787uj1DmjkwR6z2b1o2D1G5BebPSC+DIu26kcQtADOn4tKdoC7qavCcAc6SvvtyisAollKkZmRE7ht1M1vYnTulM0DMdpYa5KyUuLIJYXFbVY+y9a8eU4bFaEqLqfRG3oKec1XSj2b9zTx4kfZxPUsaCOPPxtaDar/n4cqV6RcUN8rDpazMc6qoTss+wNnC1QIxuells7EVnCTBBgo5gN3cHFk+LCw9nsu871bnZuHbqPKGTzFV7ae8SeSf/uR/aYBiVwtmYCvybKBzFSrb7DlbpslsbJ5TC6yiUvmwl3a2dtN8OUuTk2k6Hh9Z/NLm9kYaDbzozPj40K8N01lRp5yBjp6gWhLKHnu8mJ0jOnNkVdRZEGZAxseYtO7ed33PO3owGPrW8VzNnPOq4u70DGUPrVqoM4fEK++K1FzHetHyxZwR6KQku7FRM+mZ+MvuhaqLOqBm0wPbsWLVPnPecANn3oErgGJQ2XpjnjhWSWo5S/3R0Cpy+jrpxPqR+43yM00zIfCseuYiIhcpPTwcG5hrlINCu709uxYrdpSOjg5snMAE6grib29/N81ImEYGQVPNc6RuyPtJdheLdv2Fn/qvTIeyao85bJXYYaO3UMX8wb0PTIRtDTdTf2OQ+lSEZD2HypWs0VFadT5Jk6OxvW/026HQ0gAAIABJREFUR2kEoHq+Y3bQ87UqK9Bo1/aBt7qgBIMRnW8ugkGpLez6FKzCgBDi6ssCNnPpaILvc61gCM9noG84NZGQLRGeZXOD8yqgzAO8WBigVHkqspR0MX3HWlYEVFW8M2hL2uOaY9MtMMpZLNNiyYD60oh/n7dH5VrPPLddU1W7cnoiNobynPQPumBpl5n8E9sXabrOwO/LPWyz5mRs78YwM4yRXTMsYCOuobFVBQz6wbdObZfsfRhWE2o/d8m+ZwEfa9s20VpodTWUZMl3MBRsQQcDpLiTVQonfQVST8ZHZlryTzJZAyy5Gx19RVfhuioyRJGiPjNrmHp9z/1tsjen43FW0B47RWcuU3/ksezqDAGKGBy1AfFX/VKrvrXtzY1g9fnA0Nl0JP/EapGVBCATvU3Csar45lKpqnHDoNnWJQXk8Tu4mvjOYSu0lBNp2Hx0qWDZgjkubxeDrflePquTvD8QFthgEZaVfjLd5H2R9z54P/sSHfiunuRlpMSzen7SwbBaxN4ONxaUbIxJp7h6aytpMPv9ND6pJYJdbxzamJkIHfgKiY3jz//U31+iw2gtDzTbdhlTJkG/y2oFwQtkrQkPyPQA6lCOxQ+1tbWRZtQdzvmE0NOIceJ4n1XueIxWVWGGvB2+N/RkpQKUzvWK6f7PQlXz5gHlONA1eb72+jwTcVA4NSOgoviTUi5AyUrS92KaotdR0zfvEnFwmraTZvOTwlDGUqZkV0Vbie1tQmT3RbTCWLimvTahHzw0P5+tB+Y4My1xDTKQyrNSODL10uHh2Oo2k8WGcS3nZ8BACIg8FpGjH099OyUaM090TYhSLiRLMyRK90//8X9n5aihMqwu0w/YjEgskIHKzV5Pi+czjwfh5rjqWQNTKIjYRguiyiJ7+dKFdOnCvok919fcTUFnGKpzUne+J7pTiqPpAiauF6a3WfHo7DMTAABRvKYiLqP1xyq42FKKKYDgGdjgyXNIlERRF810ij5LXOna0cjg+jYJ0S3DwrZvrFiaAuxpdjgrFwLIvhiOL/XwMqsoLkt9CYua7tdzhZ0JiI6zveXFvRkDY7rppJCBJjbX7/VGZffzeHJcJAwTDUWcicVxjBk1hmO0BfrdpV3SS1cfnd3LQli8+DgJx2yV65s/9Q+WDNTWaMuABIBIjjCbzNLEdok6Ld4/eJgePLhv4oEBoLE8CA1S0ZlI9f4QPfO6Xri4l3a3NtPO9ma6sLvn8cpYgJaItZ8GuB1muRZKrzP2YiYZC5oFuEyTvHuV60ZrTYxVdgxnsK4yKbuWXTTJEuQ6DALsJHYVUMRQ0Uwnu7D0Jh3nLFlr5ZmTMGdpETDNvwwLW0x37U/tt7O9bstl3lmDxesiEJ1WiSuwMC9fvmpg0oqBHTOZlNBfRFmcAKZDhuW08QlSx4s5zXOpMvrRl6h6tskVo4E+J9CQMdLEt4jZ8dxWG6xv8nWpmu7JSsAVuvI0dT/5jZ9YWlDZyTSdTKbp4OFhun9wmA4fPEyHx2PbKTqz0hpundl6Wk6awKwaH58YANGJ+AwArNw6Zd0ByTKl4YiY8kW6eGk/3bh6LV26uG9icHM4Sptb6ARYd50xFR7tXgYj3xmz9FOimtV4itgAqGbYl8zExmxD15HUCQKUPObzXBae6ykrnQClCpbnAWqIcZF1oxZQfM/9BKh4nUV2C8zYORyqc5n+Y5NEFVE9v7oyHddNsZ61rzfPgYf5epEFBRxJD8tFMJ3Z9WVVD3qjdMwWqeOJW+dmEKU0nUxsu9u9ux+Ytb67vZP2LuynrY3N1B/10sZgM21tDNNyOisJR7x+IpPETF9XQxhzgPajP/zl5eHhsYVxEHVnD2oiL1dAyu52Y6uEP4nvMR/rOyyOiGSkrQAjF8atn4/jRtvbm2lG5fScyOqxG9fSzes3jL22RsO0IO0e7gl8W/0u7W5tGa1D+Q+PHppLYbjJjNrMe+Rcp0Kv8H1znR3P7OId4JhwyVbV1qZXw2Lm0QGIO86DbQlfQQeR3sG1pCvpu8VUynPdT+f+JleOAW5kKLGbVuMBCG1VXBSrYmalEvKzyY6SWrqEY6NFaP6hPkF+znZS+KXHSd9UdhUmsoBkyyWkD0h9m/gnR2Nz60xOxlbUkXcm6uHDgzTaGqWdre20ub1l7zt722lvB3CNUpqPE4kxzH83CFn1ss4GWxmgPvXxp5bQFo5JTFZXkpe2l9/9DZ6f2pdK8HZra7Sypfm7VY+wnblugbjC6cfz+cGDe+nyxX0TgcvFzJiNhj7++M30+GM30rXLl9L21qaBCp8V1stoY2DHW8ju+MRuvQTs3TJtEMq7vWmOthmZb20C4AD1pA4wJQNlHUTi9jzDJYp5Tve7HK2sZ8kpKd1FgwZDCZzV+nVHJ9+XAL1FmyUmM0vfrUpepv8pPVK2kA4P3bEoZnJAukce4G0MNnyfLUYSYJyh69bnlQ6HvoO4bMXf7XfvuhsBIE0nFjQ3pl70FEBN087Whp1HqLerQMO0f+liunnterp4YT899dj1tJhPHIR5xxCicrS1mWPp8E9OU3fzxrXl8Ylv7BOgqjdb8Mke2mbnsBK56x3vOksvFnKbl2IsQQOl0abj7Dl38WdOyV6X9naZBezUPUyf/MTH0mc/9cl0YX/PKBvvPYzXGwzSxvbIqJoeBzhyqDIToexNmAsRiaM0lxRhIijryu7WflkAl4LOGh7VO2UBRpG5otQzU+a+dBP1FvfWO2Mo/ASzX4q/3yf7xAY963CJTcVEyee3u7+/Ev2JawVAMdFhkfnE9RtfKWCS9m3gCX7DR4XHm/VTJsjB0aHtQuGzwrGZUMagWRQyA3GykufJYpnM2cyEndm7JuT25pZN7N3NQdq/sJ2uXbtmsfeee3Sajk8OrU/29nZcPblx48YSEVfM4+y11ibfaL5XU/n0X8wI6S8y6SXnORo2OTx6mE6OJ+aEs/yNG0NzwOHfunHtWjrE/T+fpSeffDJ96ZkvpKeeesI64K45VftpuLlh6WNKqdqh5z1AFI+PxkbZe2QM2RxZdAQzcXJ84jto50vTD3jBeojGF1980UJX6KToc3Kg+NKKRN98UlPpSOF1cVjXFo3BFu47k+UJoGjvZDJ2Bg15ymOIDuqBNhnYcpKJwc4AYVUNlNZ6tjRG4bvDYxjWnw/dNyrytpIQihh5DgrF69eEr2apJt/d4wZLLRheAgHnk7S5NUhbm57ih/4zD/rejjtCNzzkx5Tza9dvLvEuWyKqXHZhsWL2onf1bGDlc4mdX4FYAeXmdC0Xj0g0OjRPdT91+UFx4ttDQP9z34aDR9viqxdzK1zzmc98Jn38409jeKft7S1T/tEFmLUo65vEPZnST8ogn1lYhZaKwHSynGuT9a7U2ZoVQGCGUdcFt8fTTz9t3+u55Burzkksz1ozWYCKnnmJAVQFMxlKQg0A5VuP5mlmTGLAKRU6cddYMIRvA59NzfsvvxzfwTa005T68czygaP/HR4fp5OTsafbgbmz0eBAzVEAOSseS2VxrGyyW3ZinwAet1ZTAMWCkbgFNjeHvvaXN0KgtF+5cindvH4tXbywZ/1JQpDu8pUbS5DtyxkocJWt1MHGOLO6ch0BFQeheqlrSh8DV5fS8eTYq6Zn5RVZjvlqPpUNX8xdsCpvyvXIrAxZaDDa9z3zuXTtyoV0+dJV8/YafWfzl8HSxkTrtNxRWEz2oINh2t/eMf0KF4HN6IOD9Pzzz5sfCobi2eNSUxRbJgpzxKYstZpLwN0Rei4AxWedbznSAVQ/b9meuSHBIrAZDWatEvi3YW6MhwdHaZrzcDKxMJgAD8tDUsi1/qd6NqwMm5U5c5ZDBNqksIT3bl2ScMzEOEtmyG9+55lN8e3S/s6uLUDPxuhgE08f3qdoOcWYlmkyPSkul5Gialmi4wmWC9sxdGF/N3X7l65b+IopcaZ4+4OWiMpukfrLvokMbafWDI3vPIAsIuuomM4GdwOOPx6U3TM9HzyZ2ouSJS5H/amodprbzIFWjw8epGvXL6XHH38yXb9+1djrwgX3aaG7eV4CrVHVzDHGFMxC6ucmtwS5N/4nwlZgJr6DyvXSkke0phB5Yp0o8OWdl4hUTZgIKNIyHBzfNyZlUE2UmmjsJ3AFCG7fvmPguf/Aq5IDKr4/xC2T9wmqXehtNqEkwrJhgJVu7JijCgh+I0oEyaJyI1h75hWjMmvWlXoUFcD+gittCYhlGsv3m2ZEI2CNZreAXQ8XEovTeNmlpy6WvkMcQNmF81rUOkDZ+pJReVYwm/Ku6qQWUDREDGXxkmV9q3Mxx2JnqHGMngFBjog2yIu3nM+M2NkeWXIGXrDXjZvX0kc/+tF08+Z1AxwL155Q1qmcFwCzpYP+IG1nsb412rDJcvvtd9Kdu++brsUWLqtUmqMqTPST3ZjAspDxxZ7PSpWxWuAdTeeZs484MNO9st6V86ijY5mzcsCyEeCZm/i6f++hgfmD+/fTg/u+bHVyMkmHJ8fGNDCbxgTxiAe+vmpBREsma3m18qK0Uk/nxeriZphn6zLUpHG919mUfkLJnk6xEKsoLO6PmECXe+R1QEuRmXNG2UaM/SvXrWjEOjEWv1tO5DKI87P+LVkcf11ZusiLvwYw1TY2j0MsBSKxenp/8YhZ1POlgRHXIlVzv2/O0quXLqYvf+VLaX9318xfdAHm12ZeEIb2iX4w7/J4nLZ3dtLR4WF64803PZE7OzioBJ4Bg9jnHN5xS/SzyW8AxcFpSylu4cEwlmTNstMQuuxJzhYGkJNEipuDo4fpaHxsy0cwKaKNd0+gulrqxF0TdbOr9RcTOceHef/W9NuasOr30udNAq51xpXGTEYEnm5bOso7dKq332vFlFdeP5TRpWheC/jbvXrdRjRaZFF3KhepO9HXIkrLFbHhejjrAmWpzWfH+62HaPw2AwynJ2w6QIlfWDjL7vZ2urC3kx48vJs+/9nPpi9/6Zl0/doVdxQuk3ni2fnKAimizV1jy3TrtTfSc89/19wPG1vobIRnoMQPjOpRYqfziSv7vWV6+PCeWzJ43FlvHI6sHIjpLYCpG6SHiKz7Dy014MHBSbr/EBY6NEcisWExTWHr6W4Boc/enwgXB+tZL46L/d32b/s5gqkAKtTpaQ2vpgTQCl5iWw1QEln8sI6p7PuZtoiuf6SzAFUYKZQC08OtA/H6q3vNXfJjwzwOFoT+3BR0wjk+8uTj6b0771q06EeefCJ96UvPmF/L9uNNZ2bqmk7y4DBt7W4lPN937t5JI5irW6R7798zJdQZaG7hKiipvGPxoK8dHD5MBw8O0tjKXKR0Mpml+w8fJJKVvv/+B/Z5TN52dPAe1meNfoCl1BctmOjzmA5oZYCyFeY6/NmAaiVDBGhLGBpnU9LDFjo3dKqrpL3GeRO/kNDetRunGKo9sSTc+JAPFGdLocUs09eBqQXy6YYDqLyMQqlYW+gl12PODZoW6fjwMF25dCFdvnzRxNTBwQMTjZ/97GfTF7/4xbS/u5euX79eco+TIIN/+KMIeZUX26zN7HitHTxPb73xZhFX6EG4UkhmSn5u9J693QvGVBMcjdnZyWfAjFm/s+PpcSKoomtFVnYc/KhGzKnTe84rgnQdEFqGaqMrissh6LlxkVz6cAR7bE4B1IWrN4yhHvVyt8HZLwahvU7UobS2FjvswzMUyyrzNM9KOQA3ZVIgm2EW99J0TBBYz3Qpaqtg1aFsbu9smsL+iU98LD311FMGLCW6l6uAzlO8kSnN9++b0oyuY2BbsASSg+eyn8f2+Zs4WlqtE7zbdr0cvmvx+bkywsOH991sbzbVqg8EqAiyFRD0PFb9rBcDHgHYisBTIiykj9SYxHXCVnV5FD6k0nQXr920aR7RuBbhwZu+7uLtgmU7ExnYDzNz1l0bM3ZBkHwGvpmxqKroZXOPz7p6+XI6PjwykWeOy6FbLvq3t7NZYrkef/zxdOXKFV+mODiwdNK8x/AUWT5apmGVXs9kSzC5JIn1GyGxg5E5K827HKptYoXRbqzaVm+Jkyv2l9YMK6Bapfx0LwlQEbBxQstibFlFfcpz6vk1lpwv5lo3fmv1bgFqxaILVY9KA84nqLJEERt8FkOtY6nzlHQABTuZR3yZF1m11IOFn5OhsRquiYH1xjP58sHY3A4bG6OyX1BRi9rdoawxSpZWnIimVyzS5Bj2G9rGidL+HDCIMu+bCXJYh8U4Vb8VIhg/VjvJ4jPHdEBRuVZ/Eh9/3sss55Xsx6vbrqpb6PSGT67L7wIyn4UH9QOulXXtV1uLDi1AtUBoZ093Km3v6uNFuo1MpBvS4PMYah3DleO7ZTqaHKXhhm9g8NBXD7SztTyLrZ4Xbzmii4oFO1tbOWfVMo0n5IMamUOPum7oYSyi8n50cmxMZ8shFuvhi8y+WJoXsgeEzfAFIg5Pszv+eKHU0yZjh5yrIVaXN/FDdE/oMvnsxCjKOtzOevXritl+BrLaa0p8mnUq53WTTFaXko7E/apTtoapsBBtzxqyyUTCKIC6dO1msfL0MFp15wKKLS+r6cHFUBSxD6ODNRtJ2z5Z98Bqjy0H+QSpr6ZQ4SBv7qwTwQsG+WzD2clyBFEKVAEdmfecRdYFi8A5bktesDbeyytRqawF1UPxPLD1S9vO3MPvyeFrCLANqDmWfR3R8hifUTipOIFPZQ+W4eETUudH0daSQQRSaxSdgcW1MVaxrSzMa7y1aMy7WFEM2V244m6DSLNxiUGWjpTqVjR9GIVeyD7rYfi+1eFa2reV+pDvQKVUdX8G2MFUDQx7WBMV+Kw8Np77SB8oIbYtVk+JfOJxatL9eDg7Wez5SiHEVeNE1R1gPjGU+nCdmD8LMErWcVYfxmu219dgn9f/69oUAQVDSa+0eK6MGelYWjTuLl66VpTyuDSiGVAGNkusONDxhufpQP8hgGpnmz6zCu+IqdujNGMdSG13re6Xs62kCi3OC+FKxdyK63Wdy0YOB29dVVgZxFBZ01vSWL0E3oU2tv3VWn+nGGhNKqF2LNQDjxqLdcCK4kssX8gCNlfMf14n1Fqs2JBjzdKPgNJFW2vEDs7rY2cx1Hk6kBp43gO3TNd+tj1iiA/ET0aQb6NkiD3EJr5OPUPOGiL2ZWb50ocrz480SqJYpy/a2sBt/xDPHZaWvEaOi6zWBySGblkmfvZav3VJpgVAfIZ1qsijQBav10oHlqYsHDtbsWIl7qOIED2Dha+so8SWepWP+v8roFownUf7kXkqSPLCNP4gWKJ5j45BnRNBpe+kuNIprMDTjmgwRPCvPGumF/el1lAeXbf1w9mid178PgvoRZENKkdUeqP7wGrYnPNqdbMWVI+a8OvAWsYspXTx4kV7Hq7jMVrHHnWb80l4tMcgdVevPVZKc6izJR8jqGw5IhSzaQftwzS4HayzQLVuNrEksm4W6VjW1+r1QqaXYgL7gChmSwH9fOe5ElYD0FZZ1RNFWNBZLhVbQe/sxvV4V4HKyEI69jwGWnf/2AYxVAsUfY7qSpyQ+v3DMFQEVRxf5pAx0ci3XXEtRZJaNGyelEZMEVAyFwWoSNHTheswZzHUudMn/HhWp8bzI3B1PAFuq66L1Sy02qNv57Iad0qp8jhsAUrx4Tyrx0fXenOngb5IPcvc75sx4osAtJVX1vHcGAhrozkdj54tsk/s07OYRjuE14kz7tMCqh2PVoVof28BvXKfHMPFpNVePiaMrY0eHtoKA/48Y+krV28WhpJXWYCSKCx1QvBO40jM7yWeKVM7aoLv9D39zszVea3IUoz4Wb9bh6/RQYgCsJ2reZ8/xylTHH+7+U/YGOzku16lTCqRhHnVcynYQvGnrLxF6g98kRjdW+10fcivq1zmtlvIYsuzS4GlF9u/5tamW6E51CXsIvLreBKN9t2j3k5ZHR92Dmdgt+evitBWwrQ66MDKwE5N1WCnCxEcjP/xwWF6cHhg8WPmInn88SctYlN+kFa50+zhe3foeVo8xWybrwfZSkIxgJU/l/R53MhDQT2uJ2/L8ghBv44r2x4DHj+XbVy51u5pnagOkEzZKAJsI6U2PHbknvLcUjyTPOL8vc5lsSLS0zKNjIiApu+qqVUFnIXWRQv4NfK2M6Btirt/bt89Gnb97x4ZWZ2MLZLOkhqrhoav9dVJs+oqAlDure8VY8Ucx/2RTQj6jTActqWxgYJ+3d7dsXa9c/vddHJ0bA7j7qMf/Zj5odYt7kaZ6juQ63pUq8+smy5RdJmoCPpHKz7PWgv06eU+pCgO4vnGTHlxeh2wADJFlvsDDyfhWLkMBCiBSmIq6o8ERNo+25ypRPdbp1OuiLko6tnbeA6nxPu3hxmUQo7TdZdpRdrq5+zCINY+x8bXsXWQ0R8ACqb0JCm+gcSOZ4Nvr5e0wK0+JErDsvKcnFhIta0nfupTnymOzdjQFjAW5ZorH8irzU1186j8rVMAlUKwFSt6MMXh6L4t5aq8WDw/tlGAjIZFYduO/Fc5qWjIWxk9vXEA4r3LNdgQkT3jWt8SsIyHGtdDC373op/9Og9Q1ke5XmHUbWKbz7JU/Y65BC0SJrg7fJyc+cRQFrIcypDYUpNt/2KsJ6YrEeePUq6NGtosiz7Vfe5zX1h50hYYAoe2SkfxoI7VYLYzNw6MAHVa4fVHVt4kKasapGrm15DRdYptDP+obc7OyF6XRsPtvPvZs7hpU4HrQWFr9Zq1Lnt2G9DKMS0jRIZvFWueRdumzoLUo5TmyFCt6I/PEJm7/l0Z6rTH3Z+9VtKoSTfsBwBoRbgJ7zkyYPG3JqOna9rycGe2on3hC8+UALvTOoo/vg/Q6hpVy0ICRJy1nKtrRutoHajEUBFQ6ijT33LVb50bwcx3UorldIugQkfb2twzZVqsGiMTuc86kNbBJzMYOkjNP9B6suPiqp47vj8KUOfSF/2Yp33L3I8EYsNQAIpnrUznyyjayq6d0OoPFQHnMra9bcuzKPO8AEiJythGZaD8vu/7oll5uklEe2QrS43czF4dy3ubR/t0B60qlS0gBaRoTseZHlfv4+Dr+LKvsEkmUQYA3SCnH4wiKw5I2yadixaxsALR9RVFz6PAYJPy0TGM515GC91xkkbAtjrwavuwUvOkCZsXfPxqUSbfuu5pG0UkAIpzebGrWInK2I7OfkaCFXn/3ve+ZzFmBVDrGhqZJJZIbfUDPkc/jnomKq1nDVxkHD1EFJ2VIWt/t7pTnHEt6HWW9rBFBozXbtsXB8Se91yV2h2msf3x2rTpEY7uU9GuLbrOYyJ+i36olsW4luXGtd08eddRqZHom2xhHNuAOq1LUTY2ZFce9ixM+tKlCxaISLYa+fMAGMcxoS2V4jPPfGnt0kscGB/gmo5Qek0c+MhwEVAawDZiMLJBFJMtWFrGasEaO1KDuI7tsPQiwNvrqH3x3AiKDfcb2CtOKA30WXqY7knI8nmvVqk+79iWSTlWDKW2tZ56tki1gPJx9KBEgGFxZIvsFVfA3aIzhsKaY4MtgGIXM6IPAGkJhth8K8D05S//QHFsrpsVaqBETgsEnXOW2yEO3HmddJZiH8VbPL8F/LoBjYBoirpb50Z9ixnmGzVrkgzFhVnHZ/0p6k6xDSindK4Ax3W0zoUoQVzEZ4nsH4EardSWqXXtCOqolrRgj/cgIYk5dUMmPrfWnZ00zmz7AiyIMbIVsq/wIx990nZqo0crFv+xxx6zBeOXXnrJRV3XWRGm7qtf/aEzAbU6gKtFqNsOWTdrYkcJMLFTWoAIAC3zaQa2x69jr9iu2CYBigePA9sy6DoWM5HC5tEQ2C8Aa0AtBfPEM+WqcJFAilntRQJqxmK5XmLMdjQYWsZ5FIO1Ol0r+kl0YTFt5DYI9V2Uy5Pv2GqGDoU7AAUbNtrc2E7f98znE3H4f/VXf2HfI/7IyQm4NHF4Rsti87Wv/Z1TVdFjp9eGVUCtY6nzAOWAqEWw1ym0LRDaDomBc+sAse7+Z7GpgBsB2Qb5C8RS4Fs/UQSXgC5G41ralsUsZhCOj9hu7l559a8GVqa4nqsFrgF6jR/rPL2q7T/dQzH5skpx52ihHKbBysOf5Jb1Il26eCV9+jOfTD/+4z+e/t2/+9+tnC7fKycEzEVKJK6Bol4ApZjosyh3nWMxipRWnLUD3Cr1LT1HZbkVZ37sqtIrFmt1nkeJ2LOAuw5Q8R5Kux3dFS3baqOBDBQNIvlEhyZSffYrupHzI8DEYEpKy/kCnQIMW2NBbYhui1YM6jkMJDlxmvoYAGnVAD3IttfPZubANKbtj6zKwpe//GXLFfHCCy+Uyl0UruQFO/PsKOvdD/7g14yhBCjNstgob5Cvxq+T/WeJrtXj14WU+JmyMtaJUX0XM7+sY6goUlswt0y17hnWxVNFwOieElGtCGdQVEmdzmW2MjCIBfqOPFZyvXBdhdNyrJaLYt8rAFCDzbpkVAnW9VWrkMdxUXiN8kgJzFh1ugdtkQPaEsJtbXlqzOXMlHIABTN97nOfM73pO9/5jolF9EdEHtkADVBcXDcExe162DpAtewkGo8PvQ5QLZPpc1TK1wO3Zn5RZ0aR1Z7TUn47GPweRUb0Y+n6Ymve6fR1YlWDKMrnHeWcwUEZBxhXr15OhwcPig5li645nVE7GaMYrJOp84y+ec2ypA4KW8ejVRfdBro+7XddsKbBZpwBlNImOjO6cULf8gzoUGRxBlzsxubFZIGVABHA82e8asAykcdBrfmthlSmqjOkBdO6mawBrceSUOJ8b7vueUr3CbtOdK92hrbKtjr/LBEnQLVMHNsdxX8rUlr9Bb0jVjvQPj+uR2La+WyShnlnsRTsaFWuWymQr8ecWDlaMorBaKWeNX6VzXPR6QwosSGAAhy6P/UEeSmz8u7OftrYHBr7fP7zn00f+chHrIq8ajQzgQDiG2+8YemVuh/5kb9HIbUyAAAME0lEQVS7jFl7lb23zeLbzqR28GW1rGMC+64BU8su8tOcJa4IHYo1YNr2SGmWjhP32Xmlv7zBkVX7hSfbMBBmy80S0AdXkW97IhuLf0mudguvCSEgRZ/K2ZLJzw6wUFS/8pWv2LHoHGYtjYYe/75GfbD+sURsNSCP46p4JV0ka5GewzOyr/oLAEhxVzqgto+5D9lipNvRZwBK7g7eARRMIxZU+ArfXby4b8+CNfgTP/ET1o4/+ZM/MXFIW0ng1n39R/8uWWn8RpTfyu+WZIzUlVmJI5NIfEVaNSotVZZOB9JbxiEbLcUCxSvlBddenkHLdomHwe8s8TtXiAMa/xYj6crE3ilL7gQQbY3S9vZu6o1n6cF7d9P06MRzem5vpDlJfvtdmpMf3CLoFrYYPMDJx3681E/THruXQ8K1/Mzaes6uZQLPFAbyQz/8tfRjP/Zj1i9/8zd/4+mDnnvOAtTITQnwZvOJJU8j2zEx4xYoSP7QycRIifYRb4TJ79WwVJ+QlENZquTEZEeHx7ZW6axHrTwlmfUesfJ1YVFc9e7Uh6oIIbCpCKaJ4MXU2BeRx/HkJP3CF56xiYOvCvbClcDyS/cjf8d1qEp5KI/VdDS52HXp4NCTy0tWR4ZiMMVQ63QXGm8ZSQID+INo9d6LIxfn6aktSSn1Fz0PvgvRlCa28q6XGNHItdlRbPcj7fRymQ7IsX08SZ956un0I1/9oTRcdOmv/uIv0suvvZx6m6P0cHqSFpQLGVJpYZC2u1Eacv1xrgiF55gEHblYpBjEy5d44nv6gEEFLGRceeKJJ9LXv/719LWvfS3t711Kb956I/3pn/5pevGlF2wAAMjBg3tpc4TH+dAsQbL1wafuk6I23jRRC+/K/kW7j32eewJd8+5n6xd6o02sV4rZyO6sic61om7olUl9x7Plhrh6vehFpm8lrzCl5yLHJiCXyCXRL4o5IvDmzZvpu89+zyMQ/t5/8h8VxyYXdm1+YCagz5ReenB4lDa3dgqgBJ5oQq9TaiOLsVU86mUWpYnIyaVOXVTOS4hJ1GUkRkn2dQpQOeKTtId6WDs3by23fOeLWdq9dtlS8kwPjtJHrj+WPnrzKRsQMuqeLGYGuMWAJPrzdHT4MJ08PE4j2GT3Yrqwt5/u3LubFrABq3q5TrJPpLwU0+9ZAlheKK24CEjCgRjZ2d1Pn/3sF9I3vvENS5n97//9/5GeffbZdO/e3XTn9jtmOZF/ipd75OvEYVBJv33vvfdLtOk0b/3yCAFP4L9/8YJ3b04L7mNTpcXJxHepaPLDQBxDGkbP4bnljtucylFShxSJpEpE/yXawPLZ5yLl7tQkZ8RG2t+7aL91P/SVLy0BDttk6BB+xB8hMxiGsjAFci/mAsaRhTQDolIcrROzGmEL0Gs5MAmh9UVHlXOgH6wDsp5jSUWtYifrT1g4vmu1VErPoRxR37JSINnqsRlKRYW8lELhoWlaeH7y3jANu1564upjNruY7a+985aB6u7Bg/Tg4KElxdjb2kk7lG09OklHB4dpY2uzLNfEoEIV39F31rkXdq1zGWgm5t1799JoYyfdef+99NlPfyb9x//pj6VrV69a+xAjiIx33nnL00pTW4dCllYyA0WeypqbaTGZ2oDSz1QzsBo6ubKpFZ/edmU6ShD4XyVS6Fslwqf+jOmcS49rQo968ODAk9fu7JsO5RYgVceO03h8Yoo5opk288wc45s73I9l+ecp2/Gf/2d/z0rEUloCquaidAp/a9/a4dFxunjlaqi0EHOQ+8Q4D1AWejGbW/rhGITvyUY9tMMWJjOFObDQyzxTHNvQeyPPbWlijrj0ZictMc2R1chhoDaxWYF4aO42QCeiTO2EGbeZnvzo0+nJjz+dHhyfpOPFNB2ZOXycJkfHaX4y8Tio+dJyThXmK+Z6DbhjAZX+QoyzzvXM57+Qbty4ZhbRCy+/lF545XUDlGLvL124mH706z+Svv/7v7/sc2NdjGT8RyeHaW9n10AMw9I3+3vbaTTwRCGkWqSok0QSz0lpV95LXvZsGdL3VvRpOEgnubKCfE0Ai7zpgEIrEUrcT9JY37TilRuOjllmQb/ztU7uxf1VZV7LTd3v/savLlWLDXrGHNQ/OghZf/3GzfTqrTcMUOssDFf6VtPNrLJHSsup5772zbROMa5TkTvS/WBucVUmkqINN06WcEwWZYGJ0JGKDseGiBzLI0AVcdnz+nh9y8qybbtXDo6P0mhjK+1fuZQe/+jTaXNvJ402Nq0CAykSH9y9l+akvF526YiEYuyUpaNHNUMv9X8to8vulnU4NVScWZemPpCW8emPfSK9e/duunvvgVl99DfH3Lt/L21ubKavfPUH0jPPPJOeeOpJO+fWrVvpL//i2+mll18wq45rU4R7YLUEh846Wo/LE4t728Smj1UtPYdsI0Nt8mKl5u1dVoHMqjSMrRIZwOG7ydjLqjFEAGpra8eSt1GEG8We8eHegFzhLnKp0Pbuf/tf/+0ScUdno8kDDA6Asf7sz/4s/fmf/3k6Phmn3pC0zp5gPepQejAl5pLeJDDYAGPz59wEsIt0EAcWhZxd2beadjmI3pTSXCMPa+1kTlXwXK6L8zJ4FGttEZsBaFLgDdhLUv1sWGEcsv+Sq2lrcyttkux9Mkt3H95Pl6/fSAB378KF9IlPfjp98uOfsja9+vIr6ZUXX0qjXt+UY7Lk8fKK730r+2opqZfzdHR8YGmAsOIQr1hHluA/LdPVK9fTJz/9GetnQIUHHVF4cHBku0UY3Bs3b5oF9bFPfiJ95CNP2wA+99zz6Tvf+balI5qeHJvjcXdny/Qpq6iVCy+iZ5nakOsaK8W2iTayGJPsYsjiNEXFGQ52AFMUe2qWvMdB1WgE0mO7zuXG0/6FLcuzpY2d2p9nxcYx2g6OXId6+okbVsQajR3diUYCsE9/+tNG1yiP7BYBUGRpc53BA9m1WZKbyAm3bvGT2WjKppVSUkFCuQm0559ZYAn+izUDU1B2bTqfWkyO71fL+QFiepxc1gKmMLM36BJG+ZS4PToo+aLoLPQQZn9vYyP1hxtWEqNHwezBMA1GG+Yhxiy+ceMxCyybz2bp/ffvpHffetuXUyhghLc7+5a2NrGInKUJFZmN8UzXYpEX9i6arnTjscet3Aizm7ii2+/dTW+987Yp7xubm6Q4NpXjU5/6VPrqV7+abj72mOlUr7/6Snr1tZfTnXfetXsAXCwvnpm87qTYhqWsBvF84n6tHHITAaVi2Yg6ANOjqj0Tw6rTERs1yAATU5mpnA4O7xlTKdRa65EAlO9KJdUf+OLnS7RB9Nxao3NVdIpNj7a2fV9dfsl/oXeORTnTEoU8sW5tkOgCT7mbZGIvZzdM3UWi4qRbaSFOKSfBMLZOXv+l6EnaOmVOSrdmlERf/ioZBJR3Gx8fp+s3rqZbb7xl+sSly1fS3Q/ue3qfzS0DMhOGunx01sPDI6tI8MQTT6UnP/qRdPXaNQO1J4ifpNvvvGui6WTsJUcgApRWxJGApYmGr+nk4NiTzVJvmUqaw02b0eRdgjnefOPt9MH9e+lojHnOIq6Hu3z8k59IX/jC59OnP/UJ02UQl89+92/SrVdfs4myBSt0Kb379jvp5mPXTb9En+J7U/rvPzBx1w292DTXtux9R2N7Hw5dZ0bUAQ7+mfsjl/mAwSiBQs1k6u2o/xX5KdUGPczI5Os//IPU5U4D1nAw2y2Z+6zUpbPt37S4P8i7X1e9uRFg0mXoCIlOZiIKsRWhzo43hUsgPqwiwcw7z73zub5cyFSCMr+cjFHEvKQFYoZ3UubggE2Umd9w0WpLC7Tfqyz1yJ7bUV9unB67eTOdzKbpwqWLabS9k965fSfXzDtxUUC1geGGV4Lq9dMxlbJyCYsbT9xMu/t7trzwsY89bbrMrVuvW70YmPzhwX1zFwAmWJ6+8My/vXT88CBtUBs5W1ZFTdigrP1u2trZTlcuX7PqUljat99/L919/wMTgxZau4lVtWmpsln1R699eP9+evPNW+YKee/921bMEmvswb17xna28pD38qHcw/ZMakQdQHJJQoy471YhizFAR8lGjBXLO/fjeHxorCwPutYENf5MSMjl/wWKHGPJaq7ciwAAAABJRU5ErkJggg==', '2eced9580d53c187bb39c44f59833f5c', '4234', '西南交大_九里', '天佑斋14号', '14ssss', 'http://www.gearblade.com', '祝你身体健康 ，工作顺利，哈哈哈', '西南交通大学'),
(2, NULL, NULL, NULL, NULL, NULL, '', '', '', NULL, NULL, ''),
(3, '王二锤', '9527@gearblade.cc', '/images/upload/160809/5070540500.png', 'ce798135265e7111aa6a6748c5d11461', '日本，东京，原宿', '', '', '', '', 'keanu', '西南交通大学'),
(4, NULL, NULL, NULL, NULL, NULL, '', '', '', NULL, NULL, ''),
(5, NULL, NULL, NULL, NULL, NULL, '', '', '', NULL, NULL, ''),
(6, NULL, NULL, NULL, NULL, NULL, '', '', '', NULL, NULL, ''),
(7, NULL, NULL, '/images/upload/160809/5070540500.png', NULL, NULL, '', '', '', NULL, NULL, ''),
(8, NULL, NULL, '/images/upload/160809/5070540500.png', NULL, NULL, '', '', '', NULL, NULL, ''),
(9, NULL, NULL, '/images/upload/160809/5070540500.png', NULL, NULL, '', '', '', NULL, NULL, ''),
(11, NULL, NULL, NULL, NULL, NULL, '111', '111', '11', NULL, NULL, ''),
(18, NULL, NULL, '/images/upload/160809/5070540500.png', NULL, NULL, NULL, NULL, NULL, NULL, NULL, ''),
(19, NULL, NULL, NULL, NULL, NULL, NULL, NULL, NULL, NULL, NULL, ''),
(20, NULL, NULL, NULL, NULL, NULL, NULL, NULL, NULL, NULL, NULL, ''),
(21, '李克强', NULL, NULL, NULL, NULL, NULL, NULL, NULL, NULL, NULL, ''),
(22, NULL, NULL, NULL, NULL, NULL, NULL, NULL, NULL, NULL, NULL, ''),
(23, NULL, NULL, NULL, NULL, NULL, NULL, NULL, NULL, NULL, NULL, ''),
(24, NULL, NULL, NULL, NULL, NULL, NULL, NULL, NULL, NULL, NULL, ''),
(25, NULL, NULL, NULL, NULL, NULL, NULL, NULL, NULL, NULL, NULL, '');

-- --------------------------------------------------------

--
-- 表的结构 `race`
--

CREATE TABLE `race` (
  `id` int(11) NOT NULL,
  `name` varchar(250) CHARACTER SET utf8 NOT NULL COMMENT '竞赛名称',
  `organization` varchar(250) DEFAULT NULL COMMENT '承办学院',
  `leader` varchar(50) DEFAULT NULL COMMENT '领队老师',
  `guider` varchar(200) DEFAULT NULL COMMENT '指导老师',
  `introduce` text COMMENT '大赛简介',
  `rule` text COMMENT '赛事规则',
  `expecteddate` varchar(255) DEFAULT NULL COMMENT '竞赛时间',
  `connect` varchar(255) DEFAULT NULL COMMENT '联系方式',
  `website` text COMMENT '官方网址'
) ENGINE=InnoDB DEFAULT CHARSET=utf8mb4;

--
-- 转存表中的数据 `race`
--

INSERT INTO `race` (`id`, `name`, `organization`, `leader`, `guider`, `introduce`, `rule`, `expecteddate`, `connect`, `website`) VALUES
(1, '全国大学生数学建模竞赛', '数学学院', '袁俭', '徐跃良', '\r\n                  全国大学生数学建模竞赛是由教育部高等教育司、中国工业与应用数学协会主办，在国内高校所有竞赛中参加人数最多、参加院校最多、社会影响最大的本科学生赛事。该竞赛在于激励学生学习数学的积极性，提高学生建立数学模型和运用计算机技术解决实际问题的综合能力；鼓励广大学生踊跃参加课外科技活动，开拓知识面，培养创造精神及合作意识，并推动大学数学教学体系、教学内容和方法的改革。\r\n                  ', '\r\n                  数学建模竞赛竞赛主要是考察参赛者使用数学知识在计算机的支持下解决实际问题的能力，学生以组队形式参加竞赛，每队3人，竞赛分甲、乙两组，每组两个竞赛试题任选一题。竞赛的评阅分赛区和全国两级。竞赛内容一般来源于工程技术和管理科学等方面经过适当简化加工的实际问题，不要求参赛者预先掌握深入的专门知识，只需要学过普通高校的数学课程。题目有较大的灵活性供参赛者发挥其创造能力。参赛者应根据题目要求，完成一篇包括模型的假设、建立和求解、计算方法的设计和计算机实现、结果的分析和检验、模型的改进等方面的论文。竞赛评奖以假设的合理性、建模的创造性、结果的正确性和文字表述的清晰程度为主要标准。\r\n                  ', '每年一届，竞赛在每年的9月第3周周末举行。', 'yuanjian@home.swjtu.edu.cn', 'http://www.mcm.edu.cn'),
(2, '全国大学生电子设计竞赛', '教务处', '王丹', '王丹', '\r\n                  全国大学生电子设计竞赛是教育部最早倡导的四大学科竞赛之一，由教育部高等教育司及信息产业部人事司负责领导全国竞赛工作，是面向大学生的群众性科技活动，目的在于推动全国普通高等学校促进信息与电子类学科面向二十一世纪课程体系和课程内容的改革，促进教育也要实现两个转变重要思想的落实，有助于高等学校实施素质教育，培养大学生的创新能力、协作精神和理论联系实际的学风；有助于学生工程实践素质的培养、提高学生针对实际问题进行电子设计制作的能力；有助于吸引、鼓励广大青年学生踊跃参加课外科技活动，为优秀人才的脱颖而出创造条件。\r\n                  ', '\r\n                  全国大学生电子设计竞赛采用全国统一命题、分赛区组织、“半封闭、相对集中”比赛的方式进行。竞赛包括“理论设计”和“实际制作”两部分，以电子电路（含模拟和数字电路）设计应用为基础，可以涉及模-数混合电路、单片机、可编程器件、EDA软件的应用。竞赛期间学生可以查阅有关纸介或网络技术资料，队内学生可以集体商讨设计思想，确定设计方案，分工负责、团结协作，以队为基本单位独立完成竞赛任务；参赛队的个人计算机、移动式存储介质、开发装置或仿真器等不得带入测试现场（实际制作实物中凡需软件编程的芯片必须事先下载、可脱机工作）。竞赛题目着重考核参赛学生综合运用基础知识进行理论设计的能力、实践创新和独立工作的基本能力、实验综合技能（制作与调试），并鼓励参赛学生发扬团队协作的人文精神。\r\n                  ', '全国大学生电子设计竞赛每逢单数年的9月份举办，赛期四天。在双数的非竞赛年份，根据实际需要由全国竞赛组委会和有关赛区组织开展全国的专题性竞赛。', 'dwang@home.swjtu.edu.cn', 'http://www.nuedc.com.cn'),
(3, '全国大学生机械创新设计大赛', '机械工程学院', '李静波', '', '\r\n                  全国大学生机械创新设计大赛是经教育部高等教育司批准，由教育部高等学校机械学科教学指导委员会主办，机械基础课程教学指导分委员会、全国机械原理教学研究会、全国机械设计教学研究会联合著名高校共同承办，面向大学生的群众性科技活动。目的在于引导高等学校在教学中注重培养大学生的创新设计能力、综合设计能力与协作精神；加强学生动手能力的培养和工程实践的训练，提高学生针对实际需求进行机械创新、设计、制作的实践工作能力、吸引、鼓励广大学生踊跃参加课外科技活动，为优秀人才的脱颖而出创造条件。\r\n                  ', '\r\n                  竞赛设定主题和内容，各参赛队伍根据主题和内容设计和完成作品。参赛作品必须以机械设计为主，提倡采用先进理论和先进技术，如机电一体化技术等。对作品的评价不以机械结构为单一标准，而是对作品的功能、结构、工艺制作、性能价格比、先进性、创新性等多方面进行综合评价。在实现功能相同的条件下，机械结构越简单越好。\r\n                  ', '每两年一届，双数年份举办，分各赛区初赛和全国决赛。', '48214678@qq.com', 'http://www.cn-mmtd.com'),
(4, '全国大学生电子设计嵌入式专题邀请赛', '信息科学与技术学院', '杨斌', '杨斌', '\r\n                  “英特尔杯”全国大学生电子设计竞赛嵌入式系统专题邀请赛由教育部高等教育司、信息产业部人事司主办，上海市教委和上海交通大学承办，英特尔（中国）有限公司协办。竞赛采用自主命题设计制作的竞赛方式，但需统一采用Intel推荐的Intel处理器嵌入式开发平台，参赛队通过在其上扩充硬件及接口电路、构建操作系统、设计应用程序，最终实现自己的设计。成绩评定首先是检验作品立意的创新性，然后是考察设计对硬件平台资源利用的合理性和充分性，接着是评判设计的功能强弱及实现复杂性，最后是对比测试实现项目的技术指标。\r\n                  ', '\r\n                  嵌入式系统专题邀请赛统一采用竞赛组委会提供的基于英特尔处理器的嵌入式系统，不限定竞赛题目，不限定竞赛场所，参赛队利用课余时间，在规定时间内完成作品的设计、制作、调试及设计报告。\r\n                  ', '每两年一次，双数年份举办，竞赛年的3月份至7月份进行。', 'byang@swjtu.cn', 'http://nuedc.sjtu.edu.cn'),
(5, '全国大学生结构设计竞赛', '土木工程学院', '李彤梅', '李彤梅', '\r\n                  全国大学生结构设计竞赛是由国家教育部高等教育司和中国土木工程学会教育工作委员会联合主办，发起高校轮流承办，已通过国家土木工程专业教育评估的国内高校全日制本科生参加的国内顶级赛事。它旨在通过对所学知识的综合运用和团队精神，提高同学的动手能力与思维能力，突出创新精神，加强同学之间的合作与交流，培养团队精神，丰富同学的课余生活。通过结构设计大赛可以很好地将课堂理论与实际工程紧密结合起来，培养大学生的设计与计算能力，全国性大学生结构设计竞赛已被教育部列为大学生9项科技竞赛之一。\r\n                  ', '\r\n                  竞赛要求参赛队伍根据题目要求进行理论设计和结构模型制作，结构设计理论方案内容包括：方案图和计算书，方案图包括若干结构图及主要构件、结点详图；计算书包括荷载分析、内力分析、结构选型、计算简图、承载能力估算等。最终制作模型需与提交的结构设计方案相一致。最后根据理论设计任务书、现场答辩、模型加载综合评定成绩。\r\n                  ', '每年一届，决赛时间11月份。', 'bkjx@home.swjtu.edu.cn', 'http://www.ccea.zju.edu.cn/structure/redir.php?catalog_id=5'),
(6, '全国大学生物流设计大赛', '物流学院', '蹇明', '蹇明', '\r\n                  全国大学生物流设计大赛是经教育部批准，由教育部高等学校物流类专业教学指导委员会主办，全国各高校物流类及相关专业的在校本科生和老师共同参与的一项大型专业竞赛活动。目的是为了促进高校物流类人才培养模式创新，推动高校物流类学科专业的教学模式改革及科学研究的发展，实现物流教学与实践相结合，提高大学生的实际动手能力、策划能力、协调组织能力。由于参与广泛，管理规范，成果丰富，竞赛水平层次高，对高等院校物流人才培养模式创新、实现物流教学与实践相结合等起到了极大的推动作用。\r\n                  ', '\r\n                  参赛者需要根据大赛组委会提供的案例，自主确定设计的领域和方向，完成设计内容。比赛涉及信息系统开发、软硬件开发、企业管理、数学建模、财务分析、流程再造、组织结构优化、企业战略管理、物流各环节（采购、包装、仓储、流通加工、配送、运输等）的优化设计等等诸多方面。\r\n                  ', '每两年一届，从第一年的11月份到第二年4月份。', 'jianming@swjtu.cn', 'http://www.clpp.org.cn'),
(7, '全国周培源大学生力学竞赛', '力学与工程学院', '沈火明', '沈火明', '\r\n                  全国周培源大学生力学竞赛是受教育部高等教育司委托，由教育部高等学校力学教学指导委员会力学基础课程教学指导分委员会、中国力学学会、周培源基金会主办的。竞赛科目包括理论力学与材料力学。该项赛事旨在培养人才、服务教学、促进高校力学基础课程的改革与建设。同时，有助于高等学校实施素质教育，培养大学生动手能力、创新能力和团队协作精神；有助于增进大学生学习力学的兴趣，吸引、鼓励广大青年学生踊跃参加课外科技活动；每届全国有10000多人参赛。\r\n                  ', '\r\n                  力学竞赛的基础知识覆盖理论力学与材料力学两门课程的理论和实验，着重考核灵活运用基础知识。分析和解决问题的能力。自第六届竞赛起设置了个人赛和团体赛，个人赛采用闭卷笔试方式。理论力学和材料力学综合为一套试卷。团体决赛采取团体课题研究（实验测试）的方式。\r\n                  ', '每两年一届，分省赛和国家赛，交替进行，全国赛在9月初。', 'hmshen@126.com', 'http://www.cstam.org.cn/zpy'),
(8, '全国大学生广告艺术大赛', '艺术与传播学院', '冯志敏', '冯志敏', '\r\n                  由国家教育部高教司主办，自2005年始已经成功举办了三届。全国大学生广告艺术大赛参与范围覆盖全国，面向全国742所普通高等院校及1000多所高职院校的在校大学生征集作品，是迄今为止教育部高等教育司主办的全国规模最大、覆盖高等院校、师生人数最多，作品水准高，面向大学生的国家级广告专业大赛。全国大学生广告艺术大赛作品共分为平面类、影视类、广播类、网络类、广告策划案类、公益类等六大类，参赛学生依据大赛企业策略单进行创作。\r\n                  ', '\r\n                  参赛作品必须统一按照大赛组委会指定的命题和按统一规定的企业背景资料进行创作。参赛作品类别包括Ａ、平面广告作品(包括报纸、杂志、招贴广告、VI设计)；Ｂ、影视广告作品；Ｃ、广播广告作品；Ｄ、网络广告作品(包括Flash动画广告、网页形象页面)；Ｅ、广告策划案作品；Ｆ、公益广告作品；（FA平面广告、FB影视广告、FC广播广告、FD网络广告、FE广告策划案）。\r\n                  ', '每两年举办一届。', 'fzm5343@163.com', 'http://www.sun-ada.net'),
(9, '全国大学生智能车竞赛', '信息科学与技术学院', '蒋朝根', '蒋朝根', '\r\n                  为加强大学生实践、创新能力和团队精神的培养，促进高等教育教学改革，受教育部高等教育司委托，由教育部高等自动化专业教学指导分委员会主办全国大学生智能汽车竞赛。该竞赛以智能汽车为研究对象的创意性科技竞赛，是面向全国大学生的一种具有探索性工程实践活动，是教育部倡导的大学生科技竞赛之一。该竞赛以“立足培养，重在参与，鼓励探索，追求卓越”为指导思想，旨在促进高等学校素质教育，培养大学生的综合知识运用能力、基本工程实践能力和创新意识，激发大学生从事科学研究与探索的兴趣和潜能，倡导理论联系实际、求真务实的学风和团队协作的人文精神，为优秀人才的脱颖而出创造条件。\r\n                  ', '\r\n                  “飞思卡尔”杯全国大学生智能车竞赛分别设立光电组、摄像头组、创意组等多个赛题组别。该竞赛由竞赛秘书处为各参赛队提供/购置规定范围内的标准硬软件技术平台，竞赛过程包括理论设计、实际制作、整车调试、现场比赛等环节，要求学生组成团队，协同工作，初步体会一个工程性的研究开发项目从设计到实现的全过程。该竞赛融科学性、趣味性和观赏性为一体，是以迅猛发展、前景广阔的汽车电子为背景，涵盖自动控制、模式识别、传感技术、电子、电气、计算机、机械与汽车等多学科专业的创意性比赛。\r\n                  ', '每年一届，分地区赛和全国总决赛，时间为每年7月份至8月份。', 'jdc51@126.com', 'http://www.smartcar.au.tsinghua.edu.cn'),
(10, '挑战杯全国大学生课外科技竞赛', '校团委', '李毅', '李毅', '\r\n                  “挑战杯”全国大学生系列科技学术竞赛是由共青团中央、中国科协、教育部和全国学联共同主办的全国性的大学生课外学术实践竞赛。“挑战杯”竞赛受到了党和国家领导同志的亲切关怀，由于“挑战杯”竞赛活动展示了我国各高校的育人成果，推动了高校学生与社会间的交流与合作，已成为高校学生课外科技文化活动中的一项主导性活动，越来越受到广大学生的欢迎和各高等院校的重视，在社会上产生广泛而良好的影响，成为促进高校科技成果向现实生产力转化的有效方式。\r\n                  ', '\r\n                  “挑战杯”全国大学生课外科技竞赛要求从实际出发，侧重解决社会生产生活中的具体问题。申报类别分为以下几类：1、自然科学类学术论文；2、哲学社会科学类社会调查报告和学术论文；3、科技发明制作类。\r\n“挑战杯”中国大学生创业计划大赛采用预赛,复赛和决赛三个阶段的方式进行。创业计划的种类包括：1、根据行业特点可将创业计划分为高新科技创业计划,传统产业创业计划等；2、根据创业计划编制目的可将创业计划分为吸引风险投资的创业计划,创业规划性创业计划等；3、根据创业计划的详略可将创业计划分为略式创业计划(概括式),详式创业计创业计划框架。\r\n\r\n                  ', '这两个项目的全国竞赛交叉轮流开展，每个项目每两年举办一届，决赛时间10月份至11月份', 'liyi@swjtu.cn', 'http://www.tiaozhanbei.net'),
(11, '全国大学生节能减排社会实践与科技竞赛', '', '', '', '\n', '\n', '', '', '\n'),
(12, '全国大学生物理实验竞赛', '', '', '', '\n', '\n', '', '', '\n'),
(13, '全国大学生交通科技大赛', '交通运输学院', '燕鹏飞', '燕鹏飞', '\r\n                  全国大学生交通科技大赛是国内第一个由诸多在交通运输工程领域拥有优势地位的高校通力合作促成的大学生学科竞赛，是一个以大学生为主体参与者的全国性、学术型的交通科技创新竞赛项目。大赛专业范围包括交通运输、交通工程、载运工具运用工程、交通信息工程与控制、物流等专业，同时涵盖了土木工程（铁道与道路工程）、管理学（交通运输相关）等多个学科领域。\r\n                  ', '\r\n                  1、参赛作品形式包括实物模型、计算机软件、设计图纸、研究报告等，所有作品都应为原创并须撰写论文。\r\n2、作品无论以何种形式展现，均须围绕交通运输、交通工程、交通工具运用工程、交通信息工程与控制、交通运输管理、物流工程等主题进行研究或设计，主题内容应明确，创新点应突出，特色应鲜明。\r\n\r\n                  ', '每年一届，决赛时间在5月份。', 'pfyan@home.swjtu.edu.cn', 'http://st.whut.edu.cn/Competition'),
(14, '全国大学生工程训练综合能力大赛', '', '', '', '\n', '\n', '', '', '\n'),
(15, '中国大学生服务外包创新创业大赛', '信息科学与技术学院；教务之星工作室', ' ', '尹帮旭', '\r\n                  暂无  \r\n                  ', '\r\n                    暂无\r\n                  ', '每年8月份 ', '', ' '),
(16, 'ACM程序设计大赛', '信息科学与技术学院', '李天瑞', '李天瑞', '\r\n                  ACM 国际大学生程序设计竞赛（ACM/ICPC：ACM International Collegiate Programming Contest）是由国际计算机界权威组织ACM学会（Association for Computing Machinery，美国计算机协会）主办，是世界上公认的规模最大、水平最高的国际大学生程序设计竞赛，其目的旨在使大学生运用计算机来充分展示自已分析问题和解决问题的能力。该项竞赛从1970年开始举办至今已近四十届，因历届竞赛都荟萃了世界各大洲的精英，云集了计算机界的“希望之星”，而受到国际各知名大学的重视，并受到全世界各著名计算机公司的高度关注，成为世界各国大学生最具影响力的国际级计算机类的赛事。\r\n                  ', '\r\n                  该竞赛以团队的形式代表各学校参赛，每队由3名队员组成。每位队员必须是入校5年内的在校学生，最多可以参加2次全球总决赛和4次区域选拔赛。比赛期间，每队使用1台电脑需要在5个小时内使用C、C++、Pascal或Java中的一种编写程序解决8或10个问题（通常是区域选拔赛8题，全球总决赛10题）。程序完成之后提交裁判运行，运行的结果会判定为正确或错误两种并及时通知参赛队。而且有趣的是每队在正确完成一题后，组织者将在其位置上升起一只代表该题颜色的气球。最后的获胜者为正确解答题目最多且总用时最少的队伍。\r\n                  ', '世界决赛安排在每年的3至4月举行，区域预赛安排在上一年的9-12月在各大洲举行。', 'trli@swjtu.edu.cn', 'http://acm-icpc.cn/cms/icpc/live/index_cn.html'),
(17, '大学生科研训练计划(SRTP)', '教务处', '王克贵', '', '\n', '\n', '', '', '\n'),
(18, '国家大学生创新性实验计划', '教务处', '卫飞飞', '', '\n', '\n', '', '', '\n'),
(19, '2014英国剑桥大学暑期短期交流项目', '教务处、国际处', '卫飞飞', '卫飞飞', '\r\n                  该项目由我校国际处、教务处和英国剑桥大学Lucy Cavendish学院联合打造，通过在剑桥大学宝贵的学习和文化之旅，同学们将充分了解英国高等教育的特点和优势，感受了英国的特色文化，增强了专业学习能力和英语沟通能力。\r\n    剑桥大学（University of Cambridge）始创于1209年，是世界上最顶尖的大学之一。剑桥大学为书院联邦制大学，目前共有31所住宿书院（Colleges），各学科被归入六个主要的学术学院（Schools）。剑桥大学是诞生诺贝尔奖得主最多的高等学府，共有89名诺贝尔奖得主现在或曾经在该校学习工作。\r\n    项目全体学生抵达剑桥后，学习、食宿均安排在剑桥大学的Lucy Cavendish学院内，并有来自剑桥大学的英国本科生全程陪同。学习主要内容包括宏观经济学及产业分析、投资案例分析、房地产投资及风险分析、企业金融等。课堂学习外，学员们将在剑桥学子的陪同下，参观剑桥国王学院、三一学院、圣约翰学院等著名学院，体验康河撑船、苏格兰舞会、英式门球、莎士比亚戏剧、英式下午茶等特色文化活动，被剑桥大学的学术和文化氛围深深感染。学员们结束在剑桥大学的校园学习生活后，还将参观伦敦白金汉宫、大英博物馆、威斯敏斯特大教堂，爱丁堡艺术节等著名景点，并将访牛津大学、爱丁堡大学和伦敦大学等著名高校。\r\n                  ', '\r\n                  (1)身心健康、有较强的独立生活、学习和环境适应能力，对国外访学有充分的认识和思想准备；\r\n(2)勤奋学习，成绩优异，品学兼优；\r\n(3)有良好的英语基础，能适应全英文授课；\r\n(4)遵纪守法，自觉维护国家形象和学校名誉，严格按照学校规定的时间派出及返校，富有团队合作精神；\r\n(5)家庭具有一定的经济实力，能负担学生在英期间的生活及学习费用。 \r\n                  ', '2014年07月27日-2014年08月18日', '66366254', 'http://dean.swjtu.edu.cn/servlet/NewsView?NewsID=75733A93CD982A4F'),
(20, '全国大学生电子商务“创新 创意 创业”挑战赛', '', '徐进', '徐进、熊建根、苗苗', '\r\n                  “三创赛”[1]在教育部高等教育司、国家发展和改革委员会高技术产业司、工业和信息化部信息化推进司、商务部信息化司、科技部高新技术发展及产业化司、团中央学生工作部等部委的指导下进行，也得到地方政府和广大企事业单位的积极支持和热烈响应，取得了圆满成功。\r\n                  ', '\r\n                  电子商务是一门实践性很强的新兴交叉复合专业学科，我国经济社会的发展也对创新型电子商务人才培养提出了迫切的需求，“三创赛”为大学生理论联系实际，学以致用，强化网络交互能力、团队协作能力、项目组织开发能力等大学生创新创业素质培养，在实践中学习、在实战中成长，提供了施展才华的广阔空间。\r\n\r\n充分调动涉及电子商务的各行业、企业资源，联合各协会组织会员企业以多种形式参与到竞赛的全过程。充分发挥行业协会的桥梁纽带作用，推动产学研合作机制的创新。\r\n\r\n充分发挥教指委各成员单位的引导作用，组织发动所在省区的竞赛工作，协调服务高校和企业的联系，以及大学生挑战企业需求项目过程中的各类问题。\r\n\r\n注重比赛的前瞻性、实战性、普及性和引导力。营造电子商务专业实践、实训、实战的良好氛围和环境，发现一批电子商务专业建设优质院校，培养一批具有较强实践 能力的骨干教师，建设一批产学研结合的实训基地，创新一批高校与企业合作的互动机制，努力推进高校电子商务专业建设不断完善。\r\n\r\n在教育部高等教育司的指导下，探索和建立全国大学生电子商务竞赛的长效机制，努力使“三创赛”成为培养人才和发现人才的重要途径，把“三创赛”打造成我国高等教育中的品牌赛事。\r\n                  ', '每年5月底左右', '', 'http://baike.baidu.com/link?url=ZTF8y1fykitC6L9GzoC54ABPNwTfGHU53LGntV0qgvEq_P9KKMxglZD0WtU6PBzroGvAg_uBPKg3vAB61_CEqq'),
(21, '2016年日本京都寒假交流项目', '教务处', '', '卫飞飞', '\r\n                  此次交流项目为学生安排了丰富的企业探访活动，将会到访日本丰田汽车，除参观企业、生产线、会馆以外，还有机会一睹未来概念车的风采，更有机器人演奏会现场观摩。科技是日本经济命脉的基石，未来城市的概念不应该只停留在文字间，为了体验前沿科技带给我们的生活改变，我们将会前往松下电器探访，通过互动式体验参观，让未来近在眼前！ \r\n\r\n日本作为亚洲经济支柱，在金融方面的成就为世人所瞩目，在本项目中，我们将通过到访日本银行了解货币方面最新的防伪技术及实地体验银行工作；我们还将通过在东京证券交易所内的课程学习和参观活动，领略证券行业的行业工作模式和未来的发展趋势。 \r\n\r\n\r\n                  ', '\r\n                  此次交流项目为学生安排了丰富的企业探访活动，将会到访日本丰田汽车，除参观企业、生产线、会馆以外，还有机会一睹未来概念车的风采，更有机器人演奏会现场观摩。科技是日本经济命脉的基石，未来城市的概念不应该只停留在文字间，为了体验前沿科技带给我们的生活改变，我们将会前往松下电器探访，通过互动式体验参观，让未来近在眼前！ \r\n\r\n日本作为亚洲经济支柱，在金融方面的成就为世人所瞩目，在本项目中，我们将通过到访日本银行了解货币方面最新的防伪技术及实地体验银行工作；我们还将通过在东京证券交易所内的课程学习和参观活动，领略证券行业的行业工作模式和未来的发展趋势。 \r\n\r\n\r\n                  ', '2016.1', '66366254', 'http://202.115.67.4/servlet/NewsView?NewsID=A954E9FD433CA83C');

-- --------------------------------------------------------

--
-- 表的结构 `rent`
--

CREATE TABLE `rent` (
  `user_id` int(11) NOT NULL,
  `book_id` int(11) NOT NULL,
  `status` smallint(6) NOT NULL
) ENGINE=MyISAM DEFAULT CHARSET=utf8;

-- --------------------------------------------------------

--
-- 表的结构 `social_account`
--

CREATE TABLE `social_account` (
  `id` int(11) NOT NULL,
  `user_id` int(11) DEFAULT NULL,
  `provider` varchar(255) COLLATE utf8_unicode_ci NOT NULL,
  `client_id` varchar(255) COLLATE utf8_unicode_ci NOT NULL,
  `data` text COLLATE utf8_unicode_ci,
  `code` varchar(32) COLLATE utf8_unicode_ci DEFAULT NULL,
  `created_at` int(11) DEFAULT NULL,
  `email` varchar(255) COLLATE utf8_unicode_ci DEFAULT NULL,
  `username` varchar(255) COLLATE utf8_unicode_ci DEFAULT NULL
) ENGINE=InnoDB DEFAULT CHARSET=utf8 COLLATE=utf8_unicode_ci;

-- --------------------------------------------------------

--
-- 表的结构 `status`
--

CREATE TABLE `status` (
  `id` int(11) NOT NULL,
  `message` text COLLATE utf8_bin NOT NULL,
  `permissions` smallint(6) NOT NULL DEFAULT '0',
  `created_at` int(11) NOT NULL,
  `updated_at` int(11) NOT NULL
) ENGINE=InnoDB DEFAULT CHARSET=utf8 COLLATE=utf8_bin;

-- --------------------------------------------------------

--
-- 表的结构 `tag`
--

CREATE TABLE `tag` (
  `id` int(11) NOT NULL,
  `object_id` int(11) NOT NULL,
  `tag` varchar(200) NOT NULL,
  `status` smallint(6) NOT NULL DEFAULT '1',
  `type` mediumint(9) NOT NULL DEFAULT '1',
  `pre_id` int(11) NOT NULL
) ENGINE=InnoDB DEFAULT CHARSET=utf8;

--
-- 转存表中的数据 `tag`
--

INSERT INTO `tag` (`id`, `object_id`, `tag`, `status`, `type`, `pre_id`) VALUES
(23, 3, '历史', 1, 1, 0),
(25, 1, '文学', 1, 1, 0),
(26, 1, '历史', 1, 1, 0),
(29, 22, '郝景芳', 1, 1, 0),
(30, 22, '雨果奖', 1, 1, 0),
(36, 15, 'sss', 1, 1, 0),
(37, 15, 'gg', 1, 1, 0),
(38, 16, 'PHP', 1, 1, 0),
(39, 16, 'excel', 1, 1, 0),
(40, 17, 'js', 1, 1, 0),
(41, 24, 'sss', 1, 1, 0),
(46, 41, 'sss', 1, 1, 0),
(47, 41, 's', 1, 1, 0),
(48, 41, 'ss', 1, 1, 0),
(49, 41, '66', 1, 1, 0),
(52, 42, '编程', 1, 1, 0),
(53, 42, '工业设计', 1, 1, 0),
(54, 42, '图形学', 1, 1, 0),
(55, 43, 'sss', 1, 1, 0),
(56, 43, 'ss', 1, 1, 0),
(57, 44, '美国', 1, 1, 0),
(58, 44, '政治', 1, 1, 0),
(59, 46, '飞行器', 1, 1, 0),
(60, 46, '机器人', 1, 1, 0),
(61, 46, 'app', 1, 1, 0),
(62, 47, '交通', 1, 1, 0),
(63, 47, '轨道', 1, 1, 0),
(64, 62, '机械', 1, 1, 0);

-- --------------------------------------------------------

--
-- 表的结构 `team`
--

CREATE TABLE `team` (
  `id` int(11) NOT NULL,
  `mind_id` int(11) NOT NULL,
  `uname` varchar(50) DEFAULT NULL,
  `content` text,
  `race` varchar(100) DEFAULT NULL,
  `limit_member` smallint(6) DEFAULT NULL,
  `already_member` smallint(6) DEFAULT NULL,
  `connect` tinytext,
  `orienting` varchar(250) DEFAULT NULL
) ENGINE=InnoDB DEFAULT CHARSET=utf8mb4;

--
-- 转存表中的数据 `team`
--

INSERT INTO `team` (`id`, `mind_id`, `uname`, `content`, `race`, `limit_member`, `already_member`, `connect`, `orienting`) VALUES
(41, 0, '祝梓惟                                            ', '后端：php（主要），Mysql\n前端：希望js好点\n运维：Linux，Apache（主），Nginx，python\n\n项目框架已经搭好，LAMP架构，之前我们几个人已经写好了一套CMS系统，作为通用开发的基础。这边几个人的话，PHP（thinkphp，yii框架）Linux，mysql都还可以。但现在感觉越做工程量越大，感觉比较缺需要和较有水平的程序员合作。我们在学校里有做开发的办公室，有界面设计师，而且我们小团队还接一些外包项目，可以一起分成哦。', '多项比赛', 0, 0, '3089351344', '全校'),
(42, 9, NULL, NULL, '', NULL, NULL, '', ''),
(43, 10, NULL, NULL, '节能减排大赛', 5, 3, '1243253453', '全校'),
(44, 11, NULL, NULL, '互联网+大赛', 5, 3, '432423', '全校'),
(45, 46, NULL, NULL, 'srtp', 3, 2, '15680814102', '全校'),
(46, 47, NULL, NULL, 'SRTP', 5, NULL, 'chenpeng@swjtu.cn', '交运学院');

-- --------------------------------------------------------

--
-- 表的结构 `token`
--

CREATE TABLE `token` (
  `user_id` int(11) NOT NULL,
  `code` varchar(32) COLLATE utf8_unicode_ci NOT NULL,
  `created_at` int(11) NOT NULL,
  `type` smallint(6) NOT NULL
) ENGINE=InnoDB DEFAULT CHARSET=utf8 COLLATE=utf8_unicode_ci;

--
-- 转存表中的数据 `token`
--

INSERT INTO `token` (`user_id`, `code`, `created_at`, `type`) VALUES
(1, 'lLWL2_ZjAFZ9Md9u2NzDocAgsHpLVy2A', 1471550482, 2),
(5, 'yGuKMObQzeVHOwicP_tEfK87xsvLHy4f', 1471930543, 0),
(6, 'vtXFDNPbiG5UaS16FHz3QOZnc06eFvWp', 1472290564, 0),
(7, 'QSHTvtTMO4l-VCTEHe5FiJEKEACGTmW_', 1472291199, 0),
(8, 'T9TTtutWGQlgz5_Nswov6HYc13Cwse-d', 1472292345, 0),
(9, 'w6QnbYzSt622sP0lHrVrZHaHd3Yw8TMO', 1472293972, 0),
(19, 'TtWlU0NJY0zea5xdMJ1izF7mS3vNSGs7', 1472750040, 0),
(20, 'TJrZ5PBPPqUyA_A4cEGpA9wY5MIiCwuP', 1472750659, 0),
(21, 'd8nCeexzAd3UTwndRCwH_2JxKayYnYV7', 1472796256, 0),
(22, 'MzgvqY3-7qYgnPRmE40Vr_H1k6OS1OsT', 1472817671, 0),
(23, 'OX_hEQ5x4Ia0C_VUyNSK6yjiWHRlLKko', 1472820071, 0),
(24, 'Y2J-kYOanpWy6yQmkcoVIZuBoOlPY15O', 1472824321, 0),
(25, '_BYDvs6g-rFMtAbUCVnaLoXHiHoV1Gjd', 1472824468, 0);

-- --------------------------------------------------------

--
-- 表的结构 `user`
--

CREATE TABLE `user` (
  `id` int(11) NOT NULL,
  `username` varchar(255) COLLATE utf8_unicode_ci NOT NULL,
  `tel` varchar(100) COLLATE utf8_unicode_ci NOT NULL,
  `email` varchar(255) COLLATE utf8_unicode_ci DEFAULT NULL,
  `password_hash` varchar(60) COLLATE utf8_unicode_ci NOT NULL,
  `auth_key` varchar(32) COLLATE utf8_unicode_ci NOT NULL,
  `confirmed_at` int(11) DEFAULT NULL,
  `unconfirmed_email` varchar(255) COLLATE utf8_unicode_ci DEFAULT NULL,
  `blocked_at` int(11) DEFAULT NULL,
  `registration_ip` varchar(45) COLLATE utf8_unicode_ci DEFAULT NULL,
  `created_at` int(11) NOT NULL,
  `updated_at` int(11) NOT NULL,
  `flags` int(11) NOT NULL DEFAULT '0',
  `status` int(11) NOT NULL DEFAULT '10',
  `password_reset_token` varchar(256) COLLATE utf8_unicode_ci NOT NULL
) ENGINE=InnoDB DEFAULT CHARSET=utf8 COLLATE=utf8_unicode_ci;

--
-- 转存表中的数据 `user`
--

INSERT INTO `user` (`id`, `username`, `tel`, `email`, `password_hash`, `auth_key`, `confirmed_at`, `unconfirmed_email`, `blocked_at`, `registration_ip`, `created_at`, `updated_at`, `flags`, `status`, `password_reset_token`) VALUES
(1, 'xq1024', '15002929121', '584486049@qq.com', '$2y$12$cMgjIi.Rm8twuu.hjKlWi.vpm70Pwb9ncjcH6O2mX1XgwNK1OtbP6', 'RMWZq873-FubXDEQo-DkL1rVKkIULcXt', 1465845350, NULL, NULL, '127.0.0.1', 1465838094, 1471550598, 0, 10, ''),
(2, 'admin', '', 'zxq@gearblade.com', '$2y$10$9F9F/1X3kmcfg0A5gjflKejp3EhoZ5n7vJm2cKeTjmSCh/J/AEV8m', 'WnKrmaI64d-fmuMC1CN0mu9PzOeeISqw', 1466453289, NULL, NULL, '127.0.0.1', 1465844804, 1465844804, 0, 10, ''),
(3, '9527', '', '9527@gearblade.com', '$2y$10$6avNH2oWbgtitnC5BC1QFe/8/fyWvUt6j0ZEpzpxTOVLi56V7Ny42', '_YAGCoE-CxHY_FcMJj62rzJuCopu5TeT', 1467459241, NULL, NULL, '127.0.0.1', 1467459242, 1467459242, 0, 10, ''),
(4, 'ccc', '', 'cc@cc.cc', '$2y$12$ZNSpS8Q2FNSPTJwxWReDw..D.zGgC6GNxtvr6BFrQuFT/YfF4IcjS', 'FNtqBC0WmxxcpxBQeq7FSlVmmLxHWNlB', 1469101335, NULL, NULL, '127.0.0.1', 1469101335, 1469101335, 0, 10, ''),
(5, 'gb11', '', 'cc@ww.com', '$2y$12$lAXtv5C9wWoGLP6VavgU9OTdvZsZkmtcwGO5wIBbzGlH1PLcz77IG', 'BMht7c6v7eqWopygKpHCItFcvRB93PGj', NULL, NULL, NULL, '::1', 1471930543, 1471930543, 0, 10, ''),
(6, 'XQ10243243', '', 'zxqc@gearblade.com', '$2y$12$jbWVPGFrsDac1jC8uxeZY.2Si4K8oCLX4bXaoRL8pebautBoC4ZJi', 'hEHGlb32jQ6DDb1ZXTqSglX7tdFLSiKM', NULL, NULL, NULL, '127.0.0.1', 1472290564, 1472290564, 0, 10, ''),
(7, 'erw', '', 'zsxq@gearblade.com', '$2y$12$0MM/YzOgrjdCahQXmGy.rOFOSuE1Z1zXDLPDULTUMyQCASznm0yd2', 'QB8O1JW2OjW6FFpjFV-bIYsNuq28zJLF', NULL, NULL, NULL, '127.0.0.1', 1472291199, 1472291199, 0, 10, ''),
(8, 'erw@cc', '', 'z4sxq@gearblade.com', '$2y$12$.dE0u7kynGbpHCrqnGiLQeijGLKi6m2TrmKCgBejcO6bnHnOgcJgq', 'yX7wxg5UxGntodDlGBGm_NiOOY450dpv', NULL, NULL, NULL, '127.0.0.1', 1472292345, 1472292345, 0, 10, ''),
(9, '啊啊', '', 'sscc@ww.com', '$2y$12$WKTUaI0SPv4gN96ZRJmbweGUurEulKHHqigL1LJWSRdWHWUH29kYq', '3kNtT_z10aQgMcn0KVeAGWPnnMm4pct2', NULL, NULL, NULL, '127.0.0.1', 1472293972, 1472293972, 0, 10, ''),
(10, 'ak48', 'sdfsdf', '', '$2y$12$f0IzKsmbvJueTjKecEcdMOFVaB2cB3H9GnvsHuYODd1NemppY7t/i', 'RaVG2fkmWPOgB46VHnN0WnkqaOAmh5gB', 1472717496, NULL, NULL, NULL, 0, 0, 0, 10, ''),
(11, '333', '333', NULL, '$2y$12$gZ82SaVpyccZFlSbNdJFp.aV4J3G7wFBa/urhPsUaxY88YgDnfv2q', '0DBXY9xvUFb9lQvk6cYSUvCr0VRXtPPv', 1472722898, NULL, NULL, NULL, 0, 0, 0, 10, ''),
(13, 'ak482', 'sdfsdf', NULL, '$2y$12$.rhmQqSA5CGHg2UwZXtr7uDd0yv7ahRaBjspjcapTfP40HYJRLwhq', '2lIKDMyaZTlSsk4SFRG-73jSHpQXxaOY', 1472717838, NULL, NULL, NULL, 0, 0, 0, 10, ''),
(16, 'cc2', '123456', NULL, '$2y$12$oME7upj4koUgRP6EX.dq..i5owjHBk..3D.N0B742GMEoFVbAP5bG', 'H-LLdz2TKMyVlL9OSW3GhYd5TsjDqHC_', 1472722550, NULL, NULL, NULL, 0, 0, 0, 10, ''),
(18, '992', '992', NULL, '$2y$12$E7lbfg4AfwMHFXM6M2nHF.kk7ipvHnqtj8TVKdLvOmIbkr85M2G6G', 'L0db1_o1LvhH7nf9Z2np8oAtCTOIV8Sf', 1472746537, NULL, NULL, NULL, 0, 0, 0, 10, ''),
(19, '993', '993', NULL, '$2y$12$LVcYC4X1Qr4TP529yTLw8.m4ZEvHUrzF34WurnH/8ZXP4YXMdV3Gu', 'pJjH2O8_cbQplPoR0OtDghOCQLF41824', 1472750040, NULL, NULL, NULL, 0, 0, 0, 10, ''),
(20, '995', '992', NULL, '$2y$12$YkIxkui8w1ECzpWOphM8HuOZzpjBy2Ja83IltSDsQrW1HE1.4LG7W', '7-9IVLdcfKHGk1L5qED4HdB_kbeL_tzp', 1472750657, NULL, NULL, NULL, 0, 0, 0, 10, ''),
(21, 'Ramen', '18482124', NULL, '$2y$12$A32OLI6XQ1JRrQvOX2v6bOZNSrJZ3Vea6gJlaPJa8ag.ejbuHg3zu', 'DzvBV9km509Qze0BHIdQFjM0hpgzGU2Q', 1472796255, NULL, NULL, NULL, 0, 0, 0, 10, ''),
(22, 'cc', '1111', NULL, '$2y$12$mg8BGwVxplhSIMJWBN.TkexzagCeo0glowgDiiRYUkrI4dSRoJCYW', 'nFrjV5DE_X0HGimWGdJm8ZT2G6h2yCPe', 1472817670, NULL, NULL, NULL, 0, 0, 0, 10, ''),
(23, 'ccccc', '18482187430', NULL, '$2y$12$aZUyi4pbhFjUdHLrgQKwpurxBFxeg.i3c4lUftWhYsaY5DKFyliIq', '9jna80EsK9Dz9GjXFBnxTjBT4uuQYWyO', 1472820071, NULL, NULL, NULL, 0, 0, 0, 10, ''),
(24, 'www', '18482187431', NULL, '$2y$12$VUMPB/K7zHIoP80o89pGQuz6g/Z2DbTsM7adE8VYl2E6rYkNbNo3q', 'LLrXZXzGgqYuqiW-Dmfj821JQ6hDqgBj', 1472824321, NULL, NULL, NULL, 0, 0, 0, 10, ''),
(25, 'ww1', '18482187433', NULL, '$2y$12$qkkiQE2SEjYGXsM4SiDhGeSI97IQFwL3aFiQhYx9mdu3XwDG4GCtu', 'YhR44s4Jaij6CWsmMsqTokI_cFiFHnsg', 1472824468, NULL, NULL, NULL, 0, 0, 0, 10, '');

-- --------------------------------------------------------

--
-- 表的结构 `userinfo`
--

CREATE TABLE `userinfo` (
  `id` int(11) NOT NULL,
  `user_id` int(11) NOT NULL,
  `name` varchar(50) COLLATE utf8_bin NOT NULL,
  `persen_id` varchar(20) COLLATE utf8_bin NOT NULL,
  `person_card` text COLLATE utf8_bin COMMENT '身份证照片',
  `email` varchar(50) COLLATE utf8_bin NOT NULL,
  `weibo` varchar(100) COLLATE utf8_bin NOT NULL,
  `address` tinyint(255) NOT NULL,
  `intro` text COLLATE utf8_bin NOT NULL,
  `tel` varchar(20) COLLATE utf8_bin NOT NULL,
  `icon` text COLLATE utf8_bin NOT NULL,
  `school` varchar(100) COLLATE utf8_bin DEFAULT NULL,
  `stu_id` varchar(20) COLLATE utf8_bin NOT NULL,
  `landlord_id` int(11) NOT NULL,
  `u_status` int(11) NOT NULL,
  `qq` int(11) NOT NULL
) ENGINE=InnoDB DEFAULT CHARSET=utf8 COLLATE=utf8_bin;

--
-- 转存表中的数据 `userinfo`
--

INSERT INTO `userinfo` (`id`, `user_id`, `name`, `persen_id`, `person_card`, `email`, `weibo`, `address`, `intro`, `tel`, `icon`, `school`, `stu_id`, `landlord_id`, `u_status`, `qq`) VALUES
(1, 1, '张三2', '', NULL, '584486049@qq.com', '', 0, '择不同类型的adasdasd机器运行各种集群，例如使用r3.8xlarge实例运行Spark。亚马逊发布新生代“D系列”的实例，我们正在评估，这从成\r\n\r\n本角度所作的过渡更可取的。从c3.8xlarge机器每个节点的远程存储3TB转变到d2.8xlarge机器上本地存储48TB是非常有吸引力，会为我们在未来三年节省了数百万美元。', '18482187430', '', '埃克斯特大学', '', 0, 0, 0),
(18, 0, 'gb2', '', NULL, 'zxq@gearblade.com', '', 0, '量少的人力，针对项目和职位的需要以及应聘者的技术背景，生成有针对性的试题\r\n。\r\n系统的有效性得到验证后，可以考虑扩展应用场景，甚至对外销售', '184887430', '', '嗯哪哈哈哈', '', 0, 1, 0),
(19, 6, '33', '', NULL, '', '22', 11, 'eqwe', '12113123', 'qweq', 'qwe', '', 0, 0, 123123),
(20, 7, 'def', '', NULL, 'admin@cc.cc', '', 0, '', '', '', '', '', 0, 0, 0);

--
-- Indexes for dumped tables
--

--
-- Indexes for table `action`
--
ALTER TABLE `action`
  ADD PRIMARY KEY (`id`);

--
-- Indexes for table `address`
--
ALTER TABLE `address`
  ADD PRIMARY KEY (`id`);

--
-- Indexes for table `article`
--
ALTER TABLE `article`
  ADD PRIMARY KEY (`id`);

--
-- Indexes for table `attention`
--
ALTER TABLE `attention`
  ADD PRIMARY KEY (`id`);

--
-- Indexes for table `auth_assignment`
--
ALTER TABLE `auth_assignment`
  ADD PRIMARY KEY (`item_name`,`user_id`);

--
-- Indexes for table `auth_item`
--
ALTER TABLE `auth_item`
  ADD PRIMARY KEY (`name`),
  ADD KEY `rule_name` (`rule_name`),
  ADD KEY `type` (`type`);

--
-- Indexes for table `auth_item_child`
--
ALTER TABLE `auth_item_child`
  ADD PRIMARY KEY (`parent`,`child`),
  ADD KEY `child` (`child`);

--
-- Indexes for table `auth_rule`
--
ALTER TABLE `auth_rule`
  ADD PRIMARY KEY (`name`);

--
-- Indexes for table `book`
--
ALTER TABLE `book`
  ADD PRIMARY KEY (`id`);

--
-- Indexes for table `cate`
--
ALTER TABLE `cate`
  ADD PRIMARY KEY (`id`),
  ADD KEY `index` (`cindex`);

--
-- Indexes for table `document`
--
ALTER TABLE `document`
  ADD PRIMARY KEY (`id`),
  ADD KEY `title` (`title`);

--
-- Indexes for table `friend`
--
ALTER TABLE `friend`
  ADD PRIMARY KEY (`id`);

--
-- Indexes for table `indent`
--
ALTER TABLE `indent`
  ADD PRIMARY KEY (`id`);

--
-- Indexes for table `manager`
--
ALTER TABLE `manager`
  ADD PRIMARY KEY (`id`);

--
-- Indexes for table `menu`
--
ALTER TABLE `menu`
  ADD PRIMARY KEY (`id`),
  ADD KEY `parent` (`parent`);

--
-- Indexes for table `migration`
--
ALTER TABLE `migration`
  ADD PRIMARY KEY (`version`);

--
-- Indexes for table `mind`
--
ALTER TABLE `mind`
  ADD PRIMARY KEY (`id`);

--
-- Indexes for table `package`
--
ALTER TABLE `package`
  ADD PRIMARY KEY (`id`);

--
-- Indexes for table `photo`
--
ALTER TABLE `photo`
  ADD PRIMARY KEY (`id`);

--
-- Indexes for table `pic`
--
ALTER TABLE `pic`
  ADD PRIMARY KEY (`id`);

--
-- Indexes for table `post`
--
ALTER TABLE `post`
  ADD PRIMARY KEY (`id`);

--
-- Indexes for table `profile`
--
ALTER TABLE `profile`
  ADD PRIMARY KEY (`user_id`);

--
-- Indexes for table `race`
--
ALTER TABLE `race`
  ADD PRIMARY KEY (`id`);

--
-- Indexes for table `social_account`
--
ALTER TABLE `social_account`
  ADD PRIMARY KEY (`id`),
  ADD UNIQUE KEY `account_unique` (`provider`,`client_id`),
  ADD UNIQUE KEY `account_unique_code` (`code`),
  ADD KEY `fk_user_account` (`user_id`);

--
-- Indexes for table `status`
--
ALTER TABLE `status`
  ADD PRIMARY KEY (`id`);

--
-- Indexes for table `tag`
--
ALTER TABLE `tag`
  ADD PRIMARY KEY (`id`);

--
-- Indexes for table `team`
--
ALTER TABLE `team`
  ADD PRIMARY KEY (`id`);

--
-- Indexes for table `token`
--
ALTER TABLE `token`
  ADD UNIQUE KEY `token_unique` (`user_id`,`code`,`type`);

--
-- Indexes for table `user`
--
ALTER TABLE `user`
  ADD PRIMARY KEY (`id`),
  ADD UNIQUE KEY `user_unique_username` (`username`),
  ADD UNIQUE KEY `user_unique_email` (`email`);

--
-- Indexes for table `userinfo`
--
ALTER TABLE `userinfo`
  ADD PRIMARY KEY (`id`);

--
-- 在导出的表使用AUTO_INCREMENT
--

--
-- 使用表AUTO_INCREMENT `action`
--
ALTER TABLE `action`
  MODIFY `id` int(11) NOT NULL AUTO_INCREMENT;
--
-- 使用表AUTO_INCREMENT `address`
--
ALTER TABLE `address`
  MODIFY `id` int(11) NOT NULL AUTO_INCREMENT;
--
-- 使用表AUTO_INCREMENT `article`
--
ALTER TABLE `article`
  MODIFY `id` int(11) NOT NULL AUTO_INCREMENT;
--
-- 使用表AUTO_INCREMENT `attention`
--
ALTER TABLE `attention`
  MODIFY `id` int(11) NOT NULL AUTO_INCREMENT;
--
-- 使用表AUTO_INCREMENT `book`
--
ALTER TABLE `book`
  MODIFY `id` int(11) NOT NULL AUTO_INCREMENT, AUTO_INCREMENT=45;
--
-- 使用表AUTO_INCREMENT `cate`
--
ALTER TABLE `cate`
  MODIFY `id` int(11) NOT NULL AUTO_INCREMENT, AUTO_INCREMENT=40;
--
-- 使用表AUTO_INCREMENT `document`
--
ALTER TABLE `document`
  MODIFY `id` int(11) NOT NULL AUTO_INCREMENT, AUTO_INCREMENT=69;
--
-- 使用表AUTO_INCREMENT `friend`
--
ALTER TABLE `friend`
  MODIFY `id` int(11) NOT NULL AUTO_INCREMENT, AUTO_INCREMENT=14;
--
-- 使用表AUTO_INCREMENT `indent`
--
ALTER TABLE `indent`
  MODIFY `id` int(11) NOT NULL AUTO_INCREMENT, AUTO_INCREMENT=28;
--
-- 使用表AUTO_INCREMENT `manager`
--
ALTER TABLE `manager`
  MODIFY `id` int(11) NOT NULL AUTO_INCREMENT, AUTO_INCREMENT=4;
--
-- 使用表AUTO_INCREMENT `menu`
--
ALTER TABLE `menu`
  MODIFY `id` int(11) NOT NULL AUTO_INCREMENT, AUTO_INCREMENT=35;
--
-- 使用表AUTO_INCREMENT `mind`
--
ALTER TABLE `mind`
  MODIFY `id` int(11) NOT NULL AUTO_INCREMENT, AUTO_INCREMENT=50;
--
-- 使用表AUTO_INCREMENT `package`
--
ALTER TABLE `package`
  MODIFY `id` int(11) NOT NULL AUTO_INCREMENT, AUTO_INCREMENT=19;
--
-- 使用表AUTO_INCREMENT `photo`
--
ALTER TABLE `photo`
  MODIFY `id` int(11) NOT NULL AUTO_INCREMENT, AUTO_INCREMENT=45;
--
-- 使用表AUTO_INCREMENT `pic`
--
ALTER TABLE `pic`
  MODIFY `id` int(11) NOT NULL AUTO_INCREMENT, AUTO_INCREMENT=42;
--
-- 使用表AUTO_INCREMENT `post`
--
ALTER TABLE `post`
  MODIFY `id` int(11) NOT NULL AUTO_INCREMENT, AUTO_INCREMENT=47;
--
-- 使用表AUTO_INCREMENT `race`
--
ALTER TABLE `race`
  MODIFY `id` int(11) NOT NULL AUTO_INCREMENT, AUTO_INCREMENT=22;
--
-- 使用表AUTO_INCREMENT `social_account`
--
ALTER TABLE `social_account`
  MODIFY `id` int(11) NOT NULL AUTO_INCREMENT;
--
-- 使用表AUTO_INCREMENT `status`
--
ALTER TABLE `status`
  MODIFY `id` int(11) NOT NULL AUTO_INCREMENT;
--
-- 使用表AUTO_INCREMENT `tag`
--
ALTER TABLE `tag`
  MODIFY `id` int(11) NOT NULL AUTO_INCREMENT, AUTO_INCREMENT=65;
--
-- 使用表AUTO_INCREMENT `team`
--
ALTER TABLE `team`
  MODIFY `id` int(11) NOT NULL AUTO_INCREMENT, AUTO_INCREMENT=47;
--
-- 使用表AUTO_INCREMENT `user`
--
ALTER TABLE `user`
  MODIFY `id` int(11) NOT NULL AUTO_INCREMENT, AUTO_INCREMENT=26;
--
-- 使用表AUTO_INCREMENT `userinfo`
--
ALTER TABLE `userinfo`
  MODIFY `id` int(11) NOT NULL AUTO_INCREMENT, AUTO_INCREMENT=21;
--
-- 限制导出的表
--

--
-- 限制表 `menu`
--
ALTER TABLE `menu`
  ADD CONSTRAINT `menu_ibfk_1` FOREIGN KEY (`parent`) REFERENCES `menu` (`id`) ON DELETE SET NULL ON UPDATE CASCADE;

--
-- 限制表 `profile`
--
ALTER TABLE `profile`
  ADD CONSTRAINT `fk_user_profile` FOREIGN KEY (`user_id`) REFERENCES `user` (`id`) ON DELETE CASCADE;

--
-- 限制表 `social_account`
--
ALTER TABLE `social_account`
  ADD CONSTRAINT `fk_user_account` FOREIGN KEY (`user_id`) REFERENCES `user` (`id`) ON DELETE CASCADE;

--
-- 限制表 `token`
--
ALTER TABLE `token`
  ADD CONSTRAINT `fk_user_token` FOREIGN KEY (`user_id`) REFERENCES `user` (`id`) ON DELETE CASCADE;

/*!40101 SET CHARACTER_SET_CLIENT=@OLD_CHARACTER_SET_CLIENT */;
/*!40101 SET CHARACTER_SET_RESULTS=@OLD_CHARACTER_SET_RESULTS */;
/*!40101 SET COLLATION_CONNECTION=@OLD_COLLATION_CONNECTION */;
